ID ORGAO	SIGLA ORGAO	Nome Unidade*	ID	Nome Unidade*: 	Endereço Principal*: 	Telefones: 	E-mail: 	Horarios*: 	Campos Obrigatórios (3 totais): 	Campos Opcionais (2 totais): 	COMPLETUDE (5 total): 
596e172e8c36c75d14a5a8a7	ARSAL	Arsal Maceió	599dc7bf8c36c73ba808f11c	1	1	1	1	1	3	2	5
596e172e8c36c75d14a5a8a7	ARSAL	Arsal Arapiraca	599dc8278c36c73ba808f11d	1	1	1	1	1	3	2	5
57501cd88c36c718eb000009	ADEAL	ADEAL - Central Já! São Miguel dos Campos	5757f0388c36c75fd9000000	1	1	1	1	1	3	2	5
57501cd88c36c718eb000009	ADEAL	ADEAL - Maceió	5757f07e8c36c75fd9000001	1	1	1	0	0	2	1	3
577546098c36c702ca000002	Alagoas Previdência	Alagoas Previdência  - Central Já! Arapiraca	57755fed8c36c71ed2000000	1	1	0	1	1	3	1	4
577546098c36c702ca000002	Alagoas Previdência	Alagoas Previdência - Central Já! Shopping Pátio Maceió	577560898c36c71ed2000001	1	1	1	1	1	3	2	5
577546098c36c702ca000002	Alagoas Previdência	Alagoas Previdência - Central Já! Shopping Farol	577e90f28c36c719e8000000	1	1	1	1	1	3	2	5
577546098c36c702ca000002	Alagoas Previdência	Alagoas Previdência - Central Já! Maceió Shopping	57b5dd998c36c744de000004	1	1	1	1	1	3	2	5
577546098c36c702ca000002	Alagoas Previdência	Alagoas Previdência - Unidade Sede	59271f378c36c742928eb714	1	1	1	1	1	3	2	5
57b1ecb08c36c75e61000006	Associação Comercial	Associação Comercial - Central Já! Shopping Pátio Maceió	57b1ee5c8c36c75e61000008	1	1	1	1	1	3	2	5
56d6d7fb8c36c706ac000003	CASAL	CASAL - Call center	5757f14d8c36c75fd9000002	1	1	1	1	1	3	2	5
56d6d7fb8c36c706ac000003	CASAL	CASAL - Central Já! Shopping Farol	5757f1aa8c36c75fd9000003	1	1	1	1	1	3	2	5
56d6d7fb8c36c706ac000003	CASAL	CASAL - Central Já! Pátio Maceió	5757f2038c36c75fd9000004	1	1	1	1	1	3	2	5
56d6d7fb8c36c706ac000003	CASAL	CASAL - Central Já! Arapiraca	5757f3d78c36c75fd9000005	1	1	1	1	1	3	2	5
56d6d7fb8c36c706ac000003	CASAL	CASAL - Central Já! Maceió Shopping	57b487c38c36c70422000000	1	1	1	1	1	3	2	5
56d6d7fb8c36c706ac000003	CASAL	CASAL - Arapiraca (sede)	5889dc018c36c76b1a636459	1	1	1	1	1	3	2	5
56d6d7fb8c36c706ac000003	CASAL	CASAL-Campo Alegre	5889dd0b8c36c76b1a63645a	1	1	1	1	1	3	2	5
56d6d7fb8c36c706ac000003	CASAL	CASAL-Campo Grande	5889e1068c36c76b1a63645b	1	1	1	1	1	3	2	5
56d6d7fb8c36c706ac000003	CASAL	CASAL-Coité do Nóia	5889e62c8c36c76b1a63645c	1	1	1	1	1	3	2	5
56d6d7fb8c36c706ac000003	CASAL	CASAL-Craibas	5889e6ed8c36c76b1a63645d	1	1	1	0	1	3	1	4
56d6d7fb8c36c706ac000003	CASAL	CASAL-Feira Grande	5889e7bc8c36c76b1a63645e	1	1	1	1	1	3	2	5
56d6d7fb8c36c706ac000003	CASAL	CASAL-Girau do Ponciano	5889e8848c36c76b1a63645f	1	1	1	1	1	3	2	5
56d6d7fb8c36c706ac000003	CASAL	CASAL-Igaci	5889e98c8c36c76b1a636460	1	1	1	0	1	3	1	4
56d6d7fb8c36c706ac000003	CASAL	CASAL-Igreja Nova	5889ea4f8c36c76b1a636461	1	1	1	1	1	3	2	5
56d6d7fb8c36c706ac000003	CASAL	CASAL-Junqueiro	5889eb0c8c36c76b1a636462	1	1	1	0	1	3	1	4
56d6d7fb8c36c706ac000003	CASAL	CASAL-Lagoa da Canoa	5889ebed8c36c76b1a636463	1	1	1	0	1	3	1	4
56d6d7fb8c36c706ac000003	CASAL	CASAL-Olho D'Água Grande	5889ed908c36c76b1a636464	1	1	1	1	1	3	2	5
56d6d7fb8c36c706ac000003	CASAL	CASAL-Piaçabuçu	5889ee328c36c76b1a636465	1	1	1	1	1	3	2	5
56d6d7fb8c36c706ac000003	CASAL	CASAL-São Brás	5889eecc8c36c75430b6c887	1	1	1	1	1	3	2	5
56d6d7fb8c36c706ac000003	CASAL	CASAL-São Sebastião	5889ef8a8c36c75430b6c888	1	1	1	0	1	3	1	4
56d6d7fb8c36c706ac000003	CASAL	CASAL-Taquarana	5889f2e48c36c75430b6c889	1	1	1	1	1	3	2	5
56d6d7fb8c36c706ac000003	CASAL	CASAL-Traipu	5889f3a18c36c75430b6c88a	1	1	1	1	1	3	2	5
56d6d7fb8c36c706ac000003	CASAL	CASAL - Água Branca	5889f4bf8c36c75430b6c88b	1	1	1	1	1	3	2	5
56d6d7fb8c36c706ac000003	CASAL	CASAL - Canapí	5889f6608c36c75430b6c88c	1	1	1	1	1	3	2	5
56d6d7fb8c36c706ac000003	CASAL	CASAL - Delmiro  Gouveia	5889f7908c36c75430b6c88d	1	1	1	1	1	3	2	5
56d6d7fb8c36c706ac000003	CASAL	CASAL - Inhapí	5889f83d8c36c75430b6c88f	1	1	1	1	1	3	2	5
56d6d7fb8c36c706ac000003	CASAL	CASAL - Mata Grande	5889f8f88c36c75430b6c890	1	1	1	1	1	3	2	5
56d6d7fb8c36c706ac000003	CASAL	CASAL - Olho D'água do Casado	5889f9a78c36c75430b6c891	1	1	1	1	1	3	2	5
56d6d7fb8c36c706ac000003	CASAL	CASAL - Pariconha	5889fa4f8c36c75430b6c892	1	1	1	1	1	3	2	5
56d6d7fb8c36c706ac000003	CASAL	CASAL - Piranhas	5889faed8c36c75430b6c893	1	1	1	1	1	3	2	5
56d6d7fb8c36c706ac000003	CASAL	CASAL - Unidade de Negócio Farol	5889fc198c36c75430b6c894	1	1	1	1	1	3	2	5
56d6d7fb8c36c706ac000003	CASAL	CASAL - Belo Monte	5889fd3c8c36c75430b6c895	1	1	1	1	1	3	2	5
56d6d7fb8c36c706ac000003	CASAL	CASAL - Cacimbinhas	5889fdbf8c36c75430b6c896	1	1	1	1	1	3	2	5
56d6d7fb8c36c706ac000003	CASAL	CASAL - Dois Riachos	5889feb88c36c75430b6c897	1	1	1	1	1	3	2	5
56d6d7fb8c36c706ac000003	CASAL	CASAL - Jacaré dos Homens	5889ff708c36c75430b6c898	1	1	1	1	1	3	2	5
56d6d7fb8c36c706ac000003	CASAL	CASAL - Jaramataia	588a00188c36c75430b6c899	1	1	1	1	1	3	2	5
56d6d7fb8c36c706ac000003	CASAL	CASAL - Senador Rui Palmeira	588a00a68c36c75430b6c89a	1	1	1	1	1	3	2	5
56d6d7fb8c36c706ac000003	CASAL	CASAL - Major Izidoro	588a01488c36c75430b6c89b	1	1	1	1	1	3	2	5
56d6d7fb8c36c706ac000003	CASAL	CASAL - Maravilha	588a01d88c36c75430b6c89c	1	1	1	1	1	3	2	5
56d6d7fb8c36c706ac000003	CASAL	CASAL - Monteirópolis	588a02708c36c75430b6c89d	1	1	1	1	1	3	2	5
56d6d7fb8c36c706ac000003	CASAL	CASAL - Olho D'água das Flores	588a034b8c36c75430b6c89e	1	1	1	1	1	3	2	5
56d6d7fb8c36c706ac000003	CASAL	CASAL - Olivença	588a042a8c36c75430b6c89f	1	1	1	1	1	3	2	5
56d6d7fb8c36c706ac000003	CASAL	CASAL - Ouro Branco	588a04be8c36c75430b6c8a0	1	1	1	1	1	3	2	5
56d6d7fb8c36c706ac000003	CASAL	CASAL - Palestina	588a055b8c36c75430b6c8a1	1	1	1	1	1	3	2	5
56d6d7fb8c36c706ac000003	CASAL	CASAL - Poço das Trincheiras	588a06098c36c75430b6c8a2	1	1	1	1	1	3	2	5
56d6d7fb8c36c706ac000003	CASAL	CASAL - Santana do Ipanema	588a06a38c36c75430b6c8a3	1	1	1	1	1	3	2	5
56d6d7fb8c36c706ac000003	CASAL	CASAL – Barra de São Miguel	588a3e288c36c73d7377b431	1	1	1	1	1	3	2	5
56d6d7fb8c36c706ac000003	CASAL	CASAL – Colônia Leopoldina	588a3ee18c36c73d7377b432	1	1	1	1	1	3	2	5
56d6d7fb8c36c706ac000003	CASAL	CASAL – Coqueiro Seco	588a3f838c36c73d7377b433	1	1	1	1	1	3	2	5
56d6d7fb8c36c706ac000003	CASAL	CASAL – Flexeiras	588a402c8c36c73d7377b434	1	1	1	1	1	3	2	5
56d6d7fb8c36c706ac000003	CASAL	CASAL – Ibateguara	588a40ce8c36c73d7377b435	1	1	1	1	1	3	2	5
56d6d7fb8c36c706ac000003	CASAL	CASAL – Jacuípe	588a41fb8c36c73d7377b436	1	1	1	1	1	3	2	5
56d6d7fb8c36c706ac000003	CASAL	CASAL – Japaratinga	588a428c8c36c73d7377b437	1	1	1	1	1	3	2	5
56d6d7fb8c36c706ac000003	CASAL	CASAL – Joaquim Gomes	588a436d8c36c73d7377b438	1	1	1	1	1	3	2	5
56d6d7fb8c36c706ac000003	CASAL	CASAL – Jundiá	588a43fe8c36c73d7377b439	1	1	1	1	1	3	2	5
56d6d7fb8c36c706ac000003	CASAL	CASAL – Maragogi	588a44af8c36c73d7377b43a	1	1	1	1	1	3	2	5
56d6d7fb8c36c706ac000003	CASAL	CASAL – Matriz De Camaragibe	588a45498c36c73d7377b43b	1	1	1	1	1	3	2	5
56d6d7fb8c36c706ac000003	CASAL	CASAL – Messias	588a45d08c36c73d7377b43c	1	1	1	1	1	3	2	5
56d6d7fb8c36c706ac000003	CASAL	CASAL – Murici	588a46818c36c73d7377b43d	1	1	1	1	1	3	2	5
56d6d7fb8c36c706ac000003	CASAL	CASAL – Novo Lino	588a47668c36c74ca19c05dd	1	1	1	1	1	3	2	5
56d6d7fb8c36c706ac000003	CASAL	CASAL – Paripueira	588a48ce8c36c74ca19c05de	1	1	1	1	1	3	2	5
56d6d7fb8c36c706ac000003	CASAL	CASAL – Passo de Camaragibe	588a4a128c36c74ca19c05df	1	1	1	1	1	3	2	5
56d6d7fb8c36c706ac000003	CASAL	CASAL – Pilar	588a4adf8c36c74ca19c05e0	1	1	1	1	1	3	2	5
56d6d7fb8c36c706ac000003	CASAL	CASAL – Porto de Pedras	588a4bc58c36c74ca19c05e1	1	1	1	1	1	3	2	5
56d6d7fb8c36c706ac000003	CASAL	CASAL – Rio Largo	588a4c4a8c36c74ca19c05e2	1	1	1	1	1	3	2	5
56d6d7fb8c36c706ac000003	CASAL	CASAL – Santa Luzia Do Norte	588a4cd38c36c74ca19c05e3	1	1	1	1	1	3	2	5
56d6d7fb8c36c706ac000003	CASAL	CASAL – Satuba	588a4d5d8c36c74ca19c05e4	1	1	1	1	1	3	2	5
56d6d7fb8c36c706ac000003	CASAL	CASAL - Palmeira  dos Índios	588a4e278c36c74ca19c05e5	1	1	1	1	1	3	2	5
56d6d7fb8c36c706ac000003	CASAL	CASAL - Anadia	588a4ecd8c36c757d2b3248a	1	1	1	1	1	3	2	5
56d6d7fb8c36c706ac000003	CASAL	CASAL - Capela	588a4fd88c36c757d2b3248b	1	1	1	1	1	3	2	5
56d6d7fb8c36c706ac000003	CASAL	CASAL - Mar Vermelho	588a50598c36c757d2b3248c	1	1	1	0	1	3	1	4
56d6d7fb8c36c706ac000003	CASAL	CASAL - Maribondo	588a50e88c36c757d2b3248d	1	1	1	1	1	3	2	5
56d6d7fb8c36c706ac000003	CASAL	CASAL - Minador do Negrão	588a51c38c36c757d2b3248e	1	1	1	0	1	3	1	4
56d6d7fb8c36c706ac000003	CASAL	CASAL -Paulo Jacinto	588a525e8c36c757d2b3248f	1	1	1	1	1	3	2	5
56d6d7fb8c36c706ac000003	CASAL	CASAL - Pindoba	588a53018c36c757d2b32490	1	1	1	1	1	3	2	5
56d6d7fb8c36c706ac000003	CASAL	CASAL -Quebrangulo	588a53e08c36c760e6301971	1	1	1	1	1	3	2	5
56d6d7fb8c36c706ac000003	CASAL	CASAL- Posto Tabuleiro	588a54ab8c36c7673eddb658	1	1	1	0	1	3	1	4
56d6d7fb8c36c706ac000003	CASAL	CASAL- Loja do Benedito Bentes	588a55468c36c7673eddb659	1	1	1	0	1	3	1	4
56d6d7fb8c36c706ac000003	CASAL	CASAL -Loja de Atendimento	588a55bd8c36c76e1c8c5cd8	1	1	1	1	1	3	2	5
56d6d7fb8c36c706ac000003	CASAL	CASAL - Escritório  Estrela de  Alagoas	58b0372f8c36c7517357dfbc	1	1	1	1	1	3	2	5
56d6d7fb8c36c706ac000003	CASAL	CASAL SURHU/GESMET/SUPBES/SUPMET	594403328c36c71fa9328d7c	1	1	1	1	1	3	2	5
56d6d7fb8c36c706ac000003	CASAL	SURHU/GEDEP/SUPPES/SUPDEP	595ceb598c36c71f162c17c1	1	1	1	0	1	3	1	4
56d6d7fb8c36c706ac000003	CASAL	Gerência  de Tecnologia da Informação _ GETIN	5967af338c36c736c3a4fd6e	1	1	1	1	1	3	2	5
588bae3e8c36c708b4355182	CGE	Controladoria Geral do Estado - CGE	588fa37e8c36c77709ab0294	1	1	1	1	1	3	2	5
590b70c68c36c71e8623bb3d	CBMAL	Superintendência de Atividades Técnicas - SAT	5912016b8c36c76d9f5f011a	1	1	1	0	1	3	1	4
590b70c68c36c71e8623bb3d	CBMAL	Gerência de Atividades Técnicas - GAT/Tabuleiro	594ae51c8c36c751e983dd39	1	1	1	0	1	3	1	4
590b70c68c36c71e8623bb3d	CBMAL	Gerência de Atividades Técnicas - GAT/Arapiraca	594ae6758c36c751e983dd3a	1	1	1	0	1	3	1	4
590b70c68c36c71e8623bb3d	CBMAL	Gerência de Atividades Técnicas - GAT/Penedo	594ae89a8c36c751e983dd3b	1	1	1	0	1	3	1	4
590b70c68c36c71e8623bb3d	CBMAL	Gerência de Atividades Técnicas - GAT/Maragogi	594aea078c36c751e983dd3d	1	1	1	0	1	3	1	4
590b70c68c36c71e8623bb3d	CBMAL	Gerência de Atividades Técnicas - GAT/Palmeira dos Índios	594aea9a8c36c751e983dd3e	1	1	1	0	1	3	1	4
590b70c68c36c71e8623bb3d	CBMAL	Gerência de Atividades Técnicas - GAT/Santana do Ipanema	594aeb5f8c36c751e983dd3f	1	1	1	0	1	3	1	4
590b70c68c36c71e8623bb3d	CBMAL	Gerência de Atividades Técnicas - GAT/Delmiro Gouveia	594aec3a8c36c751e983dd41	1	1	1	0	1	3	1	4
590b70c68c36c71e8623bb3d	CBMAL	Comando Operacional da Região Metropolitana - CORM	594aecb28c36c751e983dd42	1	1	1	0	1	3	1	4
590b70c68c36c71e8623bb3d	CBMAL	Comando Operacional do Interior - COI	594aed0f8c36c751e983dd43	1	1	1	0	1	3	1	4
57501ee98c36c718eb00000b	Defensoria	Sede da Defensoria Pública - Maceió	5757f4bf8c36c75fd9000006	1	1	1	1	1	3	2	5
57501ee98c36c718eb00000b	Defensoria	Defensoria Pública - Central Já! Shopping Pátio Maceió	5757f58e8c36c75fd9000008	1	1	1	1	1	3	2	5
57501ee98c36c718eb00000b	Defensoria	Defensoria Pública - Arapiraca	5757f5cd8c36c75fd9000009	1	1	1	0	0	2	1	3
57501ee98c36c718eb00000b	Defensoria	Defensoria Pública - Palmeira dos Índios	5757f5f88c36c75fd900000a	1	1	1	0	0	2	1	3
57501ee98c36c718eb00000b	Defensoria	Defensoria Pública - Penedo	5757f6188c36c75fd900000b	1	1	1	0	0	2	1	3
56d6ddc18c36c706ac000004	DETRAN	10ª Ciretran - Sede	5750637c8c36c71ba4000029	1	1	1	1	1	3	2	5
56d6ddc18c36c706ac000004	DETRAN	1ª CIRETRAN - Matriz de Camaragibe	575066dd8c36c71ba400002a	1	1	1	1	1	3	2	5
56d6ddc18c36c706ac000004	DETRAN	2ª CIRETRAN -  Penedo	5750673b8c36c71ba400002b	1	1	1	1	1	3	2	5
56d6ddc18c36c706ac000004	DETRAN	3ª CIRETRAN - União dos Palmares	575067cf8c36c71ba400002c	1	1	1	1	1	3	2	5
56d6ddc18c36c706ac000004	DETRAN	4ª CIRETRAN - Santana do Ipanema	575068068c36c71ba400002d	1	1	1	1	1	3	2	5
56d6ddc18c36c706ac000004	DETRAN	5ª CIRETRAN - Arapiraca	575068608c36c71ba400002e	1	1	1	1	1	3	2	5
56d6ddc18c36c706ac000004	DETRAN	6ª CIRETRAN - Palmeira dos Índios	5750689f8c36c71ba400002f	1	1	1	1	1	3	2	5
56d6ddc18c36c706ac000004	DETRAN	7ª CIRETRAN - Delmiro Gouveia	575068d48c36c71ba4000030	1	1	1	0	1	3	1	4
56d6ddc18c36c706ac000004	DETRAN	8ª CIRETRAN - Central Já! São Miguel dos Campos	575069168c36c71ba4000031	1	1	1	1	1	3	2	5
56d6ddc18c36c706ac000004	DETRAN	9ª CIRETRAN - Viçosa	575069518c36c71ba4000032	1	1	1	1	1	3	2	5
56d6ddc18c36c706ac000004	DETRAN	11ª CIRETRAN - Atalaia	5750698c8c36c71ba4000033	1	1	1	1	1	3	2	5
56d6ddc18c36c706ac000004	DETRAN	12ª CIRETRAN - Girau do Ponciano	575069c78c36c71ba4000034	1	1	1	1	1	3	2	5
56d6ddc18c36c706ac000004	DETRAN	13ª CIRETRAN - Coruripe	57506a028c36c71ba4000035	1	1	1	1	1	3	2	5
56d6ddc18c36c706ac000004	DETRAN	DETRAN - Central Já! Maribondo	575827ed8c36c76a16000000	1	1	1	1	1	3	2	5
56d6ddc18c36c706ac000004	DETRAN	DETRAN  - Central Já! Shopping Farol	5758294d8c36c76a16000002	1	1	1	1	1	3	2	5
56d6ddc18c36c706ac000004	DETRAN	DETRAN - Central Já! Shopping Pátio Maceió	575838ba8c36c76a16000003	1	1	1	1	1	3	2	5
56d6ddc18c36c706ac000004	DETRAN	DETRAN - Central Já! Maceió Shopping	5758397f8c36c76a16000004	1	1	1	1	1	3	2	5
56d6ddc18c36c706ac000004	DETRAN	DETRAN - Central Já! Arapiraca	57583a538c36c76a16000005	1	1	1	1	1	3	2	5
56d6ddc18c36c706ac000004	DETRAN	DETRAN - Central Já! São Miguel	5788dc248c36c77395000000	1	1	1	1	1	3	2	5
596ce1af8c36c71b0b29f7a4	EMATER	EMATER - Sede em Maceió	59a5a33b8c36c7319d27de7e	1	1	1	1	1	3	2	5
596ce1af8c36c71b0b29f7a4	EMATER	EMATER - Escritório de Batalha/AL	59a5a4018c36c7319d27de7f	1	1	1	1	1	3	2	5
596ce1af8c36c71b0b29f7a4	EMATER	EMATER - Escritório de Belo Monte/AL	59a5aa3d8c36c7319d27de80	1	1	1	1	1	3	2	5
596ce1af8c36c71b0b29f7a4	EMATER	EMATER - Escritório de Cacimbinhas/AL	59a5b42a8c36c7319d27de81	1	1	1	1	1	3	2	5
596ce1af8c36c71b0b29f7a4	EMATER	EMATER - Escritório de Estrela de Alagoas/AL	59a5b48f8c36c7319d27de82	1	1	1	1	1	3	2	5
596ce1af8c36c71b0b29f7a4	EMATER	EMATER - Escritório de Igaci/AL	59a5b4ed8c36c7319d27de83	1	1	1	1	1	3	2	5
596ce1af8c36c71b0b29f7a4	EMATER	EMATER - Escritório de Jacaré dos homens/AL	59a5b56a8c36c7319d27de84	1	1	1	1	1	3	2	5
596ce1af8c36c71b0b29f7a4	EMATER	EMATER - Escritório de Jaramataia/AL	59a5b5d38c36c7319d27de85	1	1	1	1	1	3	2	5
596ce1af8c36c71b0b29f7a4	EMATER	EMATER - Escritório de Major Izidoro/AL	59a5b6348c36c7319d27de86	1	1	1	1	1	3	2	5
596ce1af8c36c71b0b29f7a4	EMATER	EMATER - Escritório de Minador do Negrão/AL	59a5b6908c36c7319d27de87	1	1	1	1	1	3	2	5
596ce1af8c36c71b0b29f7a4	EMATER	EMATER - Escritório de Monteiropolis/AL	59a5b7f98c36c7319d27de88	1	1	1	1	1	3	2	5
596ce1af8c36c71b0b29f7a4	EMATER	EMATER - Supervisão Regional do Agreste II	59a5b8518c36c7319d27de89	1	1	1	1	1	3	2	5
596ce1af8c36c71b0b29f7a4	EMATER	EMATER - Escritório de Mar Vermelho/AL	59a5b8b88c36c7319d27de8a	1	1	1	1	1	3	2	5
596ce1af8c36c71b0b29f7a4	EMATER	EMATER - Escritório de União dos Palmares	59a6d1d48c36c76c54eb4f80	1	1	1	1	1	3	2	5
596ce1af8c36c71b0b29f7a4	EMATER	EMATER - Escritório de Craibas/AL	59a831a18c36c74b01f778fd	1	1	1	1	1	3	2	5
596ce1af8c36c71b0b29f7a4	EMATER	EMATER - Supervisão Regional do Agreste I	59a832168c36c74b01f778fe	1	1	1	1	1	3	2	5
596ce1af8c36c71b0b29f7a4	EMATER	EMATER - Escritório de Feira Grande/AL	59a833098c36c74b01f77900	1	1	1	1	1	3	2	5
596ce1af8c36c71b0b29f7a4	EMATER	EMATER - Escritório de Girau do Ponciano/AL	59a834328c36c74b01f77904	1	1	1	1	1	3	2	5
596ce1af8c36c71b0b29f7a4	EMATER	EMATER - Escritório de Limoeiro de Anadia/AL	59a834a78c36c74b01f77905	1	1	1	1	1	3	2	5
596ce1af8c36c71b0b29f7a4	EMATER	EMATER - Escritório de Traipu/AL	59a835428c36c74b01f77908	1	1	1	1	1	3	2	5
596ce1af8c36c71b0b29f7a4	EMATER	EMATER - Escritório de Lagoa da Canoa/AL	59a8366c8c36c74b01f7790b	1	1	1	1	1	3	2	5
596ce1af8c36c71b0b29f7a4	EMATER	EMATER - Escritório de Campo Alegre/AL	59a836da8c36c74b01f7790c	1	1	1	1	1	3	2	5
596ce1af8c36c71b0b29f7a4	EMATER	EMATER - Escritório de Carneiros/ AL	59a8389f8c36c74d7d09a742	1	1	1	1	1	3	2	5
596ce1af8c36c71b0b29f7a4	EMATER	EMATER - Escritório de Olivença/AL	59a838f98c36c74b01f7790e	1	1	1	1	1	3	2	5
596ce1af8c36c71b0b29f7a4	EMATER	EMATER - Escritório de Maravilha/AL	59a839788c36c74b01f7790f	1	1	1	1	1	3	2	5
596ce1af8c36c71b0b29f7a4	EMATER	EMATER - Escritório de Olho D` água das Flores/AL	59a83b758c36c74b01f77910	1	1	1	1	1	3	2	5
596ce1af8c36c71b0b29f7a4	EMATER	EMATER - Escritório de Ouro Branco/AL	59a83ea18c36c74b01f77911	1	1	1	1	1	3	2	5
596ce1af8c36c71b0b29f7a4	EMATER	EMATER - Escritório de Palestina/AL	59a83f108c36c74b01f77912	1	1	1	1	1	3	2	5
596ce1af8c36c71b0b29f7a4	EMATER	EMATER - Escritório de Pão de Açucar/AL	59a83fd68c36c74b01f77913	1	1	1	1	1	3	2	5
596ce1af8c36c71b0b29f7a4	EMATER	EMATER - Escritório de Poço das Trincheiras/AL	59a840d68c36c74b01f77914	1	1	1	1	1	3	2	5
596ce1af8c36c71b0b29f7a4	EMATER	EMATER - Supervisão Regional do Médio Sertão	59a8436b8c36c74b01f77915	1	1	1	1	1	3	2	5
596ce1af8c36c71b0b29f7a4	EMATER	EMATER - Escritório de São Jose da Tapera/AL	59a844598c36c74b01f77916	1	1	1	1	1	3	2	5
596ce1af8c36c71b0b29f7a4	EMATER	EMATER - Escritório de Senador Rui Palmeira/AL	59a844bc8c36c74b01f77917	1	1	1	1	1	3	2	5
596ce1af8c36c71b0b29f7a4	EMATER	EMATER - Escritório de Santana do Ipanema	59a845348c36c74b01f77918	1	1	1	1	1	3	2	5
596ce1af8c36c71b0b29f7a4	EMATER	EMATER - Supervisão Regional da Grande Mata Alagoana	59a854948c36c74b01f7791a	1	1	1	1	1	3	2	5
596ce1af8c36c71b0b29f7a4	EMATER	EMATER - Escritório de Colônia Leopoldina	59a8552a8c36c74b01f7791b	1	1	1	1	1	3	2	5
596ce1af8c36c71b0b29f7a4	EMATER	EMATER - Escritório de Maragogi	59a8558e8c36c74b01f7791c	1	1	1	1	1	3	2	5
596ce1af8c36c71b0b29f7a4	EMATER	EMATER - Escritório de Murici	59a855fe8c36c74b01f7791d	1	1	1	1	1	3	2	5
596ce1af8c36c71b0b29f7a4	EMATER	EMATER - Escritório de Santana do Mundaú	59a856508c36c74b01f7791e	1	1	1	1	1	3	2	5
596ce1af8c36c71b0b29f7a4	EMATER	EMATER - Escritório de São Luíz do Quitunde	59a856b88c36c74b01f7791f	1	1	1	1	1	3	2	5
596ce1af8c36c71b0b29f7a4	EMATER	EMATER - Supervisão Regional do Alto Sertão	59a858418c36c74b01f77921	1	1	1	1	1	3	2	5
596ce1af8c36c71b0b29f7a4	EMATER	EMATER - Escritório de Olho D`Água do Casado	59a85a6d8c36c74b01f77922	1	1	1	1	1	3	2	5
596ce1af8c36c71b0b29f7a4	EMATER	EMATER - Escritório de Pariconha	59a85aef8c36c74b01f77923	1	1	1	1	1	3	2	5
596ce1af8c36c71b0b29f7a4	EMATER	EMATER - Escritório de Piranhas	59a85b778c36c74b01f77924	1	1	1	1	1	3	2	5
596ce1af8c36c71b0b29f7a4	EMATER	EMATER - Escritório de Canapi	59ad92358c36c74a213e10f5	1	1	1	1	1	3	2	5
596ce1af8c36c71b0b29f7a4	EMATER	EMATER - Escritório de Inhapi	59ad92ab8c36c74a213e10f6	1	1	1	1	1	3	2	5
596ce1af8c36c71b0b29f7a4	EMATER	EMATER - Escritório de Mata Grande	59ad93108c36c74a213e10f7	1	1	1	1	1	3	2	5
596ce1af8c36c71b0b29f7a4	EMATER	EMATER - Escritório de Água Branca	59ad93738c36c74a213e10f8	1	1	1	1	1	3	2	5
596ce1af8c36c71b0b29f7a4	EMATER	EMATER - Escritório de Porto Real do Colégio	59ad945f8c36c74a213e10f9	1	1	1	1	1	3	2	5
596ce1af8c36c71b0b29f7a4	EMATER	EMATER - Supervisão Regional do Baixo São Francisco	59ad98748c36c74a213e10fa	1	1	1	1	1	3	2	5
596ce1af8c36c71b0b29f7a4	EMATER	EMATER - Escritório de Feliz Deserto	59ad98f28c36c74a213e10fb	1	1	1	1	1	3	2	5
596ce1af8c36c71b0b29f7a4	EMATER	EMATER - Escritório de Junqueiro	59ad99848c36c74a213e10fc	1	1	1	1	1	3	2	5
596ce1af8c36c71b0b29f7a4	EMATER	EMATER - Escritório de São Sebastião	59ad99d68c36c74a213e10fd	1	1	1	1	1	3	2	5
596ce1af8c36c71b0b29f7a4	EMATER	EMATER - Escritório de Igreja Nova	59ad9a438c36c74a213e10fe	1	1	1	1	1	3	2	5
596ce1af8c36c71b0b29f7a4	EMATER	EMATER - Escritório de Teotônio Vilela	59ad9ad88c36c74a213e10ff	1	1	1	1	1	3	2	5
596ce1af8c36c71b0b29f7a4	EMATER	EMATER - Escritório de Jequiá	59ad9b508c36c74a213e1100	1	1	1	1	1	3	2	5
596ce1af8c36c71b0b29f7a4	EMATER	EMATER - Escritório de Piaçabuçu	59ad9b998c36c74a213e1101	1	1	1	1	1	3	2	5
596ce1af8c36c71b0b29f7a4	EMATER	EMATER - Escritório de Coruripe	59ad9be98c36c74a213e1102	1	1	1	1	1	3	2	5
596cd96b8c36c726a878bbcb	Gabinete Civil	Gabinete Civil	5989af1a8c36c72d6d5bfff9	1	1	1	0	1	3	1	4
596cd96b8c36c726a878bbcb	Gabinete Civil	Arquivo Público	5989af7f8c36c72d6d5bfffa	1	1	1	0	1	3	1	4
5908c3188c36c756f6a837b2	ALGÁS	Gás de Alagoas S/A - ALGÁS	593963f08c36c72df179a40d	1	1	1	1	1	3	2	5
5908c3188c36c756f6a837b2	ALGÁS	Gás de Alagoas S/A - ALGÁS - ALGÁS CONFORTO	593965b78c36c72df179a40e	1	1	1	1	1	3	2	5
590880628c36c708368e836e	IPASEAL SAÚDE	Prédio Sede	592de8658c36c75b355a9040	1	1	1	1	1	3	2	5
590880628c36c708368e836e	IPASEAL SAÚDE	Centro Clinico	592de8d28c36c75b355a9041	1	1	1	1	1	3	2	5
596e45fb8c36c705d7b97087	IDERAL	IDERAL - CEASA	599dd6328c36c73ba808f128	1	1	1	1	1	3	2	5
590a38a68c36c731c7c20e8b	ITEC	ITEC Sede	593864e38c36c71f328eac8c	1	1	1	1	1	3	2	5
590a38a68c36c731c7c20e8b	ITEC	ITEC Anexo I	5938652e8c36c71f328eac8d	1	1	1	1	1	3	2	5
590a38a68c36c731c7c20e8b	ITEC	ITEC Anexo II	593865688c36c71f328eac8e	1	1	1	1	1	3	2	5
57617efd8c36c7464f000000	IMA	Instituto do Meio Ambiente de Alagoas - Sede	57617f798c36c7464f000001	1	1	1	1	1	3	2	5
57617efd8c36c7464f000000	IMA	IMA - Central Já! Penedo	577e93878c36c723ba000000	1	1	0	1	1	3	1	4
57617efd8c36c7464f000000	IMA	IMA - Central Já! Porto Calvo	577e94c08c36c723ba000001	1	1	1	1	1	3	2	5
57617efd8c36c7464f000000	IMA	IMA Central Já! Arapiraca	57b5c11f8c36c7324b000001	1	1	1	1	1	3	2	5
590a117e8c36c705ff74cad0	JUCEAL	JUCEAL EXPRESS ARAPIRACA	594415268c36c71fa9328d82	1	1	1	1	1	3	2	5
590a117e8c36c705ff74cad0	JUCEAL	JUCEAL EXPRESS PORTO CALVO	5944159a8c36c71fa9328d83	1	1	1	1	1	3	2	5
590a117e8c36c705ff74cad0	JUCEAL	JUCEAL EXPRESS PÃO DE AÇUCAR	594415da8c36c71fa9328d84	1	1	1	1	1	3	2	5
590a117e8c36c705ff74cad0	JUCEAL	JUCEAL EXPRESS ATALAIA	594416148c36c71fa9328d85	1	1	1	1	1	3	2	5
590a117e8c36c705ff74cad0	JUCEAL	JUCEAL EXPRESS MESSIAS	5944164c8c36c71fa9328d86	1	1	1	1	1	3	2	5
590a117e8c36c705ff74cad0	JUCEAL	JUCEAL EXPRESS MARAGOGI	594416868c36c71fa9328d87	1	1	1	1	1	3	2	5
590a117e8c36c705ff74cad0	JUCEAL	JUCEAL EXPRESS PENEDO	594416bb8c36c71fa9328d88	1	1	1	1	1	3	2	5
590a117e8c36c705ff74cad0	JUCEAL	JUCEAL EXPRESS SÃO MIGUEL DOS CAMPOS	594416e98c36c71fa9328d89	1	1	1	1	1	3	2	5
590a117e8c36c705ff74cad0	JUCEAL	JUCEAL EXPRESS SANTANA DO IPANEMA	594417378c36c71fa9328d8a	1	1	1	1	1	3	2	5
590a117e8c36c705ff74cad0	JUCEAL	JUCEAL EXPRESS CAMPO ALEGRE	5944176b8c36c71fa9328d8b	1	1	1	1	1	3	2	5
590a117e8c36c705ff74cad0	JUCEAL	JUCEAL EXPRESS UNIÃO DOS PALMARES	5944179a8c36c71fa9328d8c	1	1	1	1	1	3	2	5
590a117e8c36c705ff74cad0	JUCEAL	JUCEAL EXPRESS CORURIPE	594417f18c36c71fa9328d8d	1	1	1	1	1	3	2	5
590a117e8c36c705ff74cad0	JUCEAL	JUCEAL EXPRESS MARAVILHA	5944181a8c36c71fa9328d8e	1	1	1	1	1	3	2	5
590a117e8c36c705ff74cad0	JUCEAL	JUCEAL EXPRESS PALMEIRA DOS ÍNDIOS	5944183f8c36c71fa9328d8f	1	1	1	0	1	3	1	4
590a117e8c36c705ff74cad0	JUCEAL	JUCEAL EXPRESS POÇO DAS TRINCHEIRAS	5944187e8c36c71fa9328d90	1	1	1	1	1	3	2	5
590a117e8c36c705ff74cad0	JUCEAL	JUCEAL EXPRESS SÃO JOSÉ DA LAGE	594418b08c36c71fa9328d91	1	1	1	1	1	3	2	5
590a117e8c36c705ff74cad0	JUCEAL	JUCEAL EXPRESS SÃO JOSÉ DA TAPERA	594418e28c36c71fa9328d92	1	1	1	1	1	3	2	5
590a117e8c36c705ff74cad0	JUCEAL	JUCEAL EXPRESS BOCA DA MATA	594419208c36c71fa9328d93	1	1	1	1	1	3	2	5
590a117e8c36c705ff74cad0	JUCEAL	JUCEAL EXPRESS CAPELA	594419428c36c71fa9328d94	1	1	1	1	1	3	2	5
590a117e8c36c705ff74cad0	JUCEAL	JUCEAL EXPRESS DELMIRO GOUVEIA	5944197a8c36c71fa9328d95	1	1	1	1	1	3	2	5
590a117e8c36c705ff74cad0	JUCEAL	JUCEAL EXPRESS IBATEGUARA	594419a78c36c71fa9328d96	1	1	1	1	1	3	2	5
590a117e8c36c705ff74cad0	JUCEAL	JUCEAL EXPRESS JUNQUEIRO	594419cf8c36c71fa9328d97	1	1	1	1	1	3	2	5
590a117e8c36c705ff74cad0	JUCEAL	JUCEAL EXPRESS MURICI	594419f68c36c71fa9328d98	1	1	1	1	1	3	2	5
590a117e8c36c705ff74cad0	JUCEAL	JUCEAL EXPRESS OLHO D'AGUA DAS FLORES	59441a248c36c71fa9328d99	1	1	1	1	1	3	2	5
590a117e8c36c705ff74cad0	JUCEAL	JUCEAL EXPRESS SANTANA DO MUNDAÚ	59441a548c36c71fa9328d9a	1	1	1	1	1	3	2	5
590a117e8c36c705ff74cad0	JUCEAL	JUCEAL EXPRESS TEOTÔNIO VILELA	59441a918c36c71fa9328d9b	1	1	1	1	1	3	2	5
590a117e8c36c705ff74cad0	JUCEAL	JUCEAL EXPRESS RIO LARGO	59441abb8c36c71fa9328d9c	1	1	1	1	1	3	2	5
590a117e8c36c705ff74cad0	JUCEAL	JUCEAL - SEDE	59441afc8c36c71fa9328d9d	1	1	1	1	1	3	2	5
56d6de778c36c706ac000006	POAL	Instituto de Identificação - Central Já! Arapiraca	57504f298c36c71ba4000000	1	1	1	0	1	3	1	4
56d6de778c36c706ac000006	POAL	Posto de Identificação de Coruripe	57504f6c8c36c71ba4000001	1	1	1	0	0	2	1	3
56d6de778c36c706ac000006	POAL	Posto de Identificação de Delmiro Gouveia	57504f988c36c71ba4000002	1	1	1	0	0	2	1	3
56d6de778c36c706ac000006	POAL	Posto de Identificação de Matriz do Camaragibe	57504fc38c36c71ba4000003	1	1	1	0	0	2	1	3
56d6de778c36c706ac000006	POAL	Posto de Identificação de Olho d'Água das Flores	575050408c36c71ba4000004	1	1	1	0	0	2	1	3
56d6de778c36c706ac000006	POAL	Posto de Identificação de Pão de Açúcar	575050738c36c71ba4000005	1	1	1	0	0	2	1	3
56d6de778c36c706ac000006	POAL	Posto de Identificação de Porto de Pedras	575050988c36c71ba4000006	1	1	1	0	0	2	1	3
56d6de778c36c706ac000006	POAL	Posto de Identificação de Santana do Ipanema	575050f88c36c71ba4000007	1	1	1	0	0	2	1	3
56d6de778c36c706ac000006	POAL	Posto de Identificação de São José da Tapera	5750511c8c36c71ba4000008	1	1	1	0	0	2	1	3
56d6de778c36c706ac000006	POAL	Posto de Identificação de São Luiz do Quitunde	575051688c36c71ba4000009	1	1	1	0	0	2	1	3
56d6de778c36c706ac000006	POAL	Posto de Identificação de Teotônio Vilela	575051ad8c36c71ba400000a	1	1	1	0	0	2	1	3
56d6de778c36c706ac000006	POAL	Posto de Identificação de União dos Palmares	575051d18c36c71ba400000b	1	1	1	0	0	2	1	3
56d6de778c36c706ac000006	POAL	Posto de Identificação de Viçosa	5750524a8c36c71ba400000c	1	1	1	0	0	2	1	3
56d6de778c36c706ac000006	POAL	Posto de Identificação de Batalha	5750527c8c36c71ba400000d	1	1	1	0	0	2	1	3
56d6de778c36c706ac000006	POAL	Posto de Identificação de Campo Grande	5750529a8c36c71ba400000e	1	1	1	0	0	2	1	3
56d6de778c36c706ac000006	POAL	Posto de Identificação de Piranhas	575052de8c36c71ba400000f	1	1	1	0	0	2	1	3
56d6de778c36c706ac000006	POAL	Instituto de Identificação - Central Já! Shopping Pátio Maceió	57581ef88c36c764a9000000	1	1	1	1	1	3	2	5
56d6de778c36c706ac000006	POAL	Instituto de Identificação - Central Já! Porto Calvo	57581f888c36c764a9000001	1	1	1	0	1	3	1	4
56d6de778c36c706ac000006	POAL	Instituto de Identificação - Central Já!  Maribondo	575820908c36c764a9000002	1	1	1	1	1	3	2	5
56d6de778c36c706ac000006	POAL	Instituto de Identificação - Central Já! São Miguel dos Campos	575821ab8c36c764a9000003	1	1	1	1	1	3	2	5
56d6de778c36c706ac000006	POAL	Instituto de identificação - Central Já! Shopping Farol	575823588c36c764a9000004	1	1	1	1	1	3	2	5
56d6de778c36c706ac000006	POAL	Instituto de Identificação - Central Já! Maceió Shopping	575824a58c36c764a9000006	1	1	1	1	1	3	2	5
56d6de778c36c706ac000006	POAL	Instituto de identificação - Central Já! Penedo	575825ea8c36c764a9000007	1	1	1	1	1	3	2	5
56d6de778c36c706ac000006	POAL	Instituto de Identificação - Central Já! de São Miguel dos Campos	575828ba8c36c76a16000001	1	1	1	1	1	3	2	5
57c59b5e8c36c76bff000000	PF	Polícia Federal - Central Já! Maceió Shopping	57c98a168c36c77182000000	1	1	1	1	1	3	2	5
5908e8138c36c7723803da8e	SEMUDH	Central da mulher e dos direitos humanos	59384adc8c36c779f65a5dfc	1	1	1	0	1	3	1	4
5908e8138c36c7723803da8e	SEMUDH	Casa dos conselhos	59384dd38c36c70f36240602	1	1	1	0	1	3	1	4
5908e8138c36c7723803da8e	SEMUDH	Procon	59384ebc8c36c70f36240603	1	1	1	1	1	3	2	5
590b28bf8c36c76305bd6326	SEAGRI	Secretaria de Estado da Agricultura, Pecuária, Pesca e Aquicultura	594d46a88c36c757a5e5e974	1	1	1	1	1	3	2	5
590b28bf8c36c76305bd6326	SEAGRI	CRAS - Maria Helena Lucena da Silva	595286e0964b2c0c48568a7e	1	1	1	0	0	2	1	3
588baf3e8c36c708b4355183	SECTI	SECTI - Sede da Secretaria de Ciência, da Tecnologia e da Inovação	588f7c078c36c73b35efc462	1	1	1	0	1	3	1	4
5908eaf78c36c7723803da8f	SEDUC	Secretaria de Estado da Educação - SEDE	5936d6238c36c7228037ef63	1	1	1	1	1	3	2	5
5908eaf78c36c7723803da8f	SEDUC	1ª Gerência Regional de Educação	59385ee78c36c713c4fdf379	1	1	1	1	1	3	2	5
5908eaf78c36c7723803da8f	SEDUC	2ª Gerência Regional de Educação	593860318c36c713c4fdf37a	1	1	1	1	1	3	2	5
5908eaf78c36c7723803da8f	SEDUC	3ª Gerência Regional de Educação	593863dc8c36c71f328eac8b	1	1	1	1	1	3	2	5
5908eaf78c36c7723803da8f	SEDUC	4ª Gerência Regional de Educação	5938660a8c36c71f328eac90	1	1	1	1	1	3	2	5
5908eaf78c36c7723803da8f	SEDUC	5ª Gerência Regional de Educação	59386a4f8c36c71f328eac92	1	1	1	1	1	3	2	5
5908eaf78c36c7723803da8f	SEDUC	6ª Gerência Regional de Educação	59386e068c36c71f328eac93	1	1	1	1	1	3	2	5
5908eaf78c36c7723803da8f	SEDUC	7ª Gerência Regional de Educação	593870518c36c71f328eac94	1	1	1	1	1	3	2	5
5908eaf78c36c7723803da8f	SEDUC	8ª Gerência Regional de Educação	59396d978c36c7335d4d8d69	1	1	1	1	1	3	2	5
5908eaf78c36c7723803da8f	SEDUC	9ª Gerência Regional de Educação	593971458c36c7335d4d8d6d	1	1	1	1	1	3	2	5
5908eaf78c36c7723803da8f	SEDUC	10ª Gerência Regional de Educação	593974fe8c36c7335d4d8d71	1	1	1	1	1	3	2	5
5908eaf78c36c7723803da8f	SEDUC	11ª Gerência Regional de Educação	59397b068c36c739a15b262d	1	1	1	1	1	3	2	5
5908eaf78c36c7723803da8f	SEDUC	12ª Gerência Regional de Educação	59397cbc8c36c739a15b2632	1	1	1	1	1	3	2	5
5908eaf78c36c7723803da8f	SEDUC	13ª Gerência Regional de Educação	59397dbc8c36c739a15b2633	1	1	1	1	1	3	2	5
5908eaf78c36c7723803da8f	SEDUC	PROFESSORA AURELINA PALMEIRA DE MELO	5953f0ac8c36c754e1f3654e	1	1	1	1	1	3	2	5
5908eaf78c36c7723803da8f	SEDUC	CAPITÃO ÁLVARO VICTOR	595ab5bb8c36c762f3cf8284	1	1	1	1	1	3	2	5
5908eaf78c36c7723803da8f	SEDUC	CENTRO EST DE ATEND EDUCACIONAL ESPECIALIZADO PARA PESSOAS COM DEFICIÊNCIA VISUAL  CYRO ACCIOLY E CAP/AL	595ab74d8c36c762f3cf8285	1	1	1	1	1	3	2	5
5908eaf78c36c7723803da8f	SEDUC	CENTO EDUCACIONAL DE JOVENS E ADULTOS PAULO FREIRE –CEJA	595ab8f38c36c762f3cf8286	1	1	1	1	1	3	2	5
5908eaf78c36c7723803da8f	SEDUC	CINCINATO PINTO	595aba6a8c36c762f3cf8287	1	1	1	1	1	3	2	5
5908eaf78c36c7723803da8f	SEDUC	CINCINATO PINTO	595aba6f8c36c762f3cf8288	1	1	1	1	1	3	2	5
5908eaf78c36c7723803da8f	SEDUC	COLÉGIO TIRADENTES POLÍCIA MILITAR	595abbba8c36c762f3cf8289	1	1	1	1	1	3	2	5
5908eaf78c36c7723803da8f	SEDUC	DEODORO DA FONSECA	595abccb8c36c762f3cf828a	1	1	1	1	1	3	2	5
5908eaf78c36c7723803da8f	SEDUC	DOM ADELMO MACHADO	595abe0c8c36c762f3cf828b	1	1	1	1	1	3	2	5
5908eaf78c36c7723803da8f	SEDUC	DR. EDSON DOS SANTOS BERNARDES	595abf398c36c762f3cf828c	1	1	1	1	1	3	2	5
5908eaf78c36c7723803da8f	SEDUC	DR. JÚLIO AUTO	595ac0d08c36c762f3cf828d	1	1	1	1	1	3	2	5
5908eaf78c36c7723803da8f	SEDUC	DR. RODRIGUEZ DE MELO	595ac34e8c36c76f44c8f7dd	1	1	1	1	1	3	2	5
5908eaf78c36c7723803da8f	SEDUC	PROFESSOR EDMILSON DE VASCONCELOS PONTES	595ac5258c36c76f44c8f7de	1	1	1	1	1	3	2	5
5908eaf78c36c7723803da8f	SEDUC	DR.JOSÉ MARIA CORREIA DAS NEVES	595ac5a58c36c76f44c8f7df	1	1	1	1	1	3	2	5
5908eaf78c36c7723803da8f	SEDUC	JOSÉ OLIVEIRA E SILVA	595ac6d58c36c76f44c8f7e0	1	1	1	1	1	3	2	5
5908eaf78c36c7723803da8f	SEDUC	MAJOR EDUARDO EMILIANO DA FONSECA	595bf55b8c36c724e982c223	1	1	1	1	1	3	2	5
5908eaf78c36c7723803da8f	SEDUC	MARIA RITA LYRA DE ALMEIDA	595bf67d8c36c724e982c224	1	1	1	1	1	3	2	5
5908eaf78c36c7723803da8f	SEDUC	PROFESSORA.ANAIAS DE LIMA ANDRADE	595bf72c8c36c724e982c225	1	1	1	1	1	3	2	5
5908eaf78c36c7723803da8f	SEDUC	PROFº ANÍISIO TEIXEIRA	595bf8498c36c724e982c226	1	1	1	1	1	3	2	5
5908eaf78c36c7723803da8f	SEDUC	PROFº LUIZ CARLOS	595c07d98c36c733bfdb2285	1	1	1	1	1	3	2	5
5908eaf78c36c7723803da8f	SEDUC	TARCÍSIO DE JESUS	595c087c8c36c733bfdb2286	1	1	1	1	1	3	2	5
5908eaf78c36c7723803da8f	SEDUC	PROFª GUIOMAR DE ALMEIDA PEIXOTO	595c09648c36c733bfdb2287	1	1	1	1	1	3	2	5
5908eaf78c36c7723803da8f	SEDUC	TAVARES BASTOS	595c12818c36c73b755f74db	1	1	1	1	1	3	2	5
5908eaf78c36c7723803da8f	SEDUC	PROFESSORA JOSEFA DE SOUZA LIMA	595c691b8c36c75bb1429b83	1	1	1	1	1	3	2	5
5908eaf78c36c7723803da8f	SEDUC	THOMAZ ESPÍNDOLA	595cf66f8c36c73f1331e290	1	1	1	1	1	3	2	5
5908eaf78c36c7723803da8f	SEDUC	ROSA MARIA PAULINA DA FONSECA	595cf7058c36c73f1331e291	1	1	1	1	1	3	2	5
5908eaf78c36c7723803da8f	SEDUC	ANTÔNIO VASCO	595cf9ec8c36c73f1331e292	1	1	1	1	1	3	2	5
5908eaf78c36c7723803da8f	SEDUC	CAMPOS TEIXEIRA	595cfcc08c36c73f1331e293	1	1	1	1	1	3	2	5
5908eaf78c36c7723803da8f	SEDUC	CAS- CENTRO DE CAPTAÇÃO DOS PROFISSIONAIS E DE ATENDIMENTO ÀS PESSOAS COM SURDEZ – PROFª JOELINA CERQUEIRA	595d01f28c36c73f1331e294	1	1	1	1	1	3	2	5
5908eaf78c36c7723803da8f	SEDUC	CENTRO  DE EDUC. ESPECIAL DE ALAGOAS PROFª WANDETE GOMES DE CASTRO	595d026f8c36c73f1331e295	1	1	1	1	1	3	2	5
5908eaf78c36c7723803da8f	SEDUC	DR.FERNANDES LIMA	595d0cd38c36c74cfe2db2c0	1	1	1	1	1	3	2	5
5908eaf78c36c7723803da8f	SEDUC	ENG.º ÉDSON SALUSTIANO DOS SANTOS	595d0de98c36c74cfe2db2c1	1	1	1	1	1	3	2	5
5908eaf78c36c7723803da8f	SEDUC	JARSEN COSTA	595d13f08c36c74cfe2db2c2	1	1	1	1	1	3	2	5
5908eaf78c36c7723803da8f	SEDUC	JORNALISTA RAUL LIMA	595d17278c36c74cfe2db2c3	1	1	1	1	1	3	2	5
5908eaf78c36c7723803da8f	SEDUC	LADISLAU NETO	595d188f8c36c74cfe2db2c4	1	1	1	1	1	3	2	5
5908eaf78c36c7723803da8f	SEDUC	PROFESSORA LAURA MARIA CHAGAS DE ASSIS	595d29538c36c74cfe2db2c5	1	1	1	1	1	3	2	5
5908eaf78c36c7723803da8f	SEDUC	CONEGO JOSÉ BULHÕES	595d2be28c36c74cfe2db2c6	1	1	1	0	1	3	1	4
5908eaf78c36c7723803da8f	SEDUC	DE RIACHO GRANDE	595d2d758c36c74cfe2db2c7	1	1	1	1	1	3	2	5
5908eaf78c36c7723803da8f	SEDUC	ROTARY	595d2e558c36c74cfe2db2c8	1	1	1	1	1	3	2	5
5908eaf78c36c7723803da8f	SEDUC	ARISTHEU DE ANDRADE	595d2f608c36c74cfe2db2c9	1	1	1	1	1	3	2	5
5908eaf78c36c7723803da8f	SEDUC	CARLOS LYRA	595d31338c36c74cfe2db2ca	1	1	1	1	1	3	2	5
5908eaf78c36c7723803da8f	SEDUC	ROCHA CAVALCANTI	595d321e8c36c74cfe2db2cb	1	1	1	1	1	3	2	5
5908eaf78c36c7723803da8f	SEDUC	DR. CARLOS GOMES DE BARROS	595d331a8c36c74cfe2db2cc	1	1	1	1	1	3	2	5
5908eaf78c36c7723803da8f	SEDUC	DR. JORGE DE LIMA	595d34ca8c36c74cfe2db2cd	1	1	1	1	1	3	2	5
5908eaf78c36c7723803da8f	SEDUC	DR.PAULO DE CASTRO SARMENTO	595d3b9c8c36c74cfe2db2cf	1	1	1	1	1	3	2	5
5908eaf78c36c7723803da8f	SEDUC	JUVENAL LOPES FERREIRA DE OMENA	595d3cc28c36c74cfe2db2d0	1	1	1	1	1	3	2	5
5908eaf78c36c7723803da8f	SEDUC	MANOEL DE MATOS (INDICAÇÃO)	595d3e7d8c36c74cfe2db2d1	1	1	1	1	1	3	2	5
5908eaf78c36c7723803da8f	SEDUC	MONSENHOR CLÓVIS DUARTE DE BARROS	595d3fbb8c36c74cfe2db2d2	1	1	1	1	1	3	2	5
5908eaf78c36c7723803da8f	SEDUC	MONSENHOR LUÍS CARLOS DE OLIVEIRA BARBOSA	595d414b8c36c74cfe2db2d3	1	1	1	1	1	3	2	5
5908eaf78c36c7723803da8f	SEDUC	PADRE TEÓFANES AUGUSTO DE ARAÚJO BARROS	595d43598c36c74cfe2db2d4	1	1	1	1	1	3	2	5
5908eaf78c36c7723803da8f	SEDUC	PROFESSOR LOUREIRO	595d45458c36c74cfe2db2d5	1	1	1	1	1	3	2	5
5908eaf78c36c7723803da8f	SEDUC	CDR- CENTRO DE DESPORTO E RECREAÇÃO GOVERNADOR MANOEL GOMES DE BARROS / CDR - UNIÃO DOS PALMARES	595d47588c36c74cfe2db2d6	1	1	1	1	1	3	2	5
5908eaf78c36c7723803da8f	SEDUC	ADALBERTO MARROQUIM	595d494e8c36c7780a43efdb	1	1	1	1	1	3	2	5
5908eaf78c36c7723803da8f	SEDUC	BRAÚLIO CAVALCANTE	595d4d928c36c7780a43efdc	1	1	1	1	1	3	2	5
5908eaf78c36c7723803da8f	SEDUC	CÔNEGO JASSON  SOUTO	595d55e08c36c77d1a2a51a5	1	1	1	1	1	3	2	5
5908eaf78c36c7723803da8f	SEDUC	DO CABOCLO	595d57aa8c36c77d1a2a51a6	1	1	1	1	1	3	2	5
5908eaf78c36c7723803da8f	SEDUC	DE JARAMATAIA	595d5a1b8c36c77d1a2a51a7	1	1	1	1	1	3	2	5
5908eaf78c36c7723803da8f	SEDUC	LUCILO JOSÉ RIBEIRO	595d5c5d8c36c77d1a2a51a8	1	1	1	1	1	3	2	5
5908eaf78c36c7723803da8f	SEDUC	MANOEL PEREIRA FILHO	595d5f1e8c36c77d1a2a51a9	1	1	1	1	1	3	2	5
5908eaf78c36c7723803da8f	SEDUC	MARIA DE LOURDES SANTOS DA SILVA	595d62168c36c77d1a2a51aa	1	1	1	1	1	3	2	5
5908eaf78c36c7723803da8f	SEDUC	DE MONTEIRÓPOLIS	595d63448c36c77d1a2a51ab	1	1	1	1	1	3	2	5
5908eaf78c36c7723803da8f	SEDUC	JOSÉ SOARES PINTO	595d64a98c36c77d1a2a51ac	1	1	1	1	1	3	2	5
5908eaf78c36c7723803da8f	SEDUC	PROF. JOSÉ SOARES FILHO	595d67158c36c77d1a2a51ad	1	1	1	1	1	3	2	5
5908eaf78c36c7723803da8f	SEDUC	ROSÁLIA SAMPAIO BEZERRA	595d68008c36c77d1a2a51ae	1	1	1	1	1	3	2	5
5908eaf78c36c7723803da8f	SEDUC	SAMPAIO DÓRIA	595d6b4d8c36c77d1a2a51af	1	1	1	1	1	3	2	5
5908eaf78c36c7723803da8f	SEDUC	ALFREDO RÊGO	595d72358c36c77d1a2a51b0	1	1	1	1	1	3	2	5
5908eaf78c36c7723803da8f	SEDUC	ANÁLIA TENÓRIO	595d73bc8c36c77d1a2a51b1	1	1	1	1	1	3	2	5
5908eaf78c36c7723803da8f	SEDUC	COMEND. JOSÉ DA SILVA PEIXOTO	595d74cb8c36c77d1a2a51b2	1	1	1	1	1	3	2	5
5908eaf78c36c7723803da8f	SEDUC	CORREIA TITARA	595d75eb8c36c77d1a2a51b3	1	1	1	1	1	3	2	5
5908eaf78c36c7723803da8f	SEDUC	DONA SANTA BULHÕES	595d767a8c36c77d1a2a51b4	1	1	1	1	1	3	2	5
5908eaf78c36c7723803da8f	SEDUC	DR. ALCIDES ANDRADE	595d78108c36c77d1a2a51b5	1	1	1	1	1	3	2	5
5908eaf78c36c7723803da8f	SEDUC	FIRMO DE CASTRO	595d78948c36c77d1a2a51b6	1	1	1	1	1	3	2	5
5908eaf78c36c7723803da8f	SEDUC	GABINO BESOURO	595d7a898c36c77d1a2a51b7	1	1	1	1	1	3	2	5
5908eaf78c36c7723803da8f	SEDUC	HERMILIO DE FREITAS MELRO	595d7bbc8c36c77d1a2a51b8	1	1	1	1	1	3	2	5
5908eaf78c36c7723803da8f	SEDUC	INDÍGENA PAJÉ FRANCISCO QUEIROZ SUÍRA	595d7d2f8c36c77d1a2a51b9	1	1	1	1	1	3	2	5
5908eaf78c36c7723803da8f	SEDUC	PROF. ERNANI MÉRO	595d7e4b8c36c77d1a2a51ba	1	1	1	1	1	3	2	5
5908eaf78c36c7723803da8f	SEDUC	PROF. JOÃO VALERIANO DE OLIVEIRA	595d81bd8c36c77d1a2a51bb	1	1	1	1	1	3	2	5
5908eaf78c36c7723803da8f	SEDUC	PROFESSOR PEDRO REYS	595d84818c36c72017d8dc22	1	1	1	1	1	3	2	5
5908eaf78c36c7723803da8f	SEDUC	PROFESSORA RUTH MENDONÇA	595d85ff8c36c722082fbe0b	1	1	1	1	1	3	2	5
5908eaf78c36c7723803da8f	SEDUC	SAMPAIO MARQUES	595d87ac8c36c723488277d1	1	1	1	1	1	3	2	5
5908eaf78c36c7723803da8f	SEDUC	CONEGO TEOTONIO RIBEIRO	595d88f78c36c723488277d2	1	1	1	1	1	3	2	5
5908eaf78c36c7723803da8f	SEDUC	SENADOR ARNON DE MELLO	595d8ae18c36c7254039cfe0	1	1	1	1	1	3	2	5
5908eaf78c36c7723803da8f	SEDUC	AMBRÓSIO LIRA	595e52248c36c71089075254	1	1	1	1	1	3	2	5
5908eaf78c36c7723803da8f	SEDUC	BATISTA ACIOLY	595e5e1c8c36c71089075255	1	1	1	1	1	3	2	5
5908eaf78c36c7723803da8f	SEDUC	CIRIDIÃO DURVAL	595e5f058c36c71089075256	1	1	1	1	1	3	2	5
5908eaf78c36c7723803da8f	SEDUC	DELMO FERREIRA DA SILVA	595e62ff8c36c71089075257	1	1	1	1	1	3	2	5
5908eaf78c36c7723803da8f	SEDUC	DOM ELISEU MARIA GOMES DE OLIVEIRA	595e63dd8c36c71089075258	1	1	1	1	1	3	2	5
5908eaf78c36c7723803da8f	SEDUC	FRANCISCO FALCÃO	595e64ec8c36c71089075259	1	1	1	1	1	3	2	5
5908eaf78c36c7723803da8f	SEDUC	JOSÉ RIBEIRO CAMINHA	595e661e8c36c7108907525a	1	1	1	1	1	3	2	5
5908eaf78c36c7723803da8f	SEDUC	MAJOR LUIZ CAVALCANTE	595e66df8c36c7108907525b	1	1	1	1	1	3	2	5
5908eaf78c36c7723803da8f	SEDUC	PROFESSOR GUEDES DE MIRANDA	595e6b948c36c7108907525c	1	1	1	1	1	3	2	5
5908eaf78c36c7723803da8f	SEDUC	PROFESSORA MARIA ANTONIA DE OLIVEIRA SANTOS	595e6dbf8c36c7108907525d	1	1	1	1	1	3	2	5
5908eaf78c36c7723803da8f	SEDUC	PROFESSORA MARIA MARGARIDA SILVA PUGLIESI	595e6f008c36c7108907525e	1	1	1	1	1	3	2	5
5908eaf78c36c7723803da8f	SEDUC	NOSSA SENHORA DA APRESENTAÇÃO	595e6ff98c36c7108907525f	1	1	1	1	1	3	2	5
5908eaf78c36c7723803da8f	SEDUC	SATURNINO DE SOUZA	595e71588c36c71089075260	1	1	1	1	1	3	2	5
5908eaf78c36c7723803da8f	SEDUC	PROFESSOR SEBASTIÃO FELISBERTO DE CARVALHO	595e72a38c36c71089075261	1	1	1	1	1	3	2	5
5908eaf78c36c7723803da8f	SEDUC	DELMIRO GOUVEIA	595e8a588c36c7380a7c5c8f	1	1	1	1	1	3	2	5
5908eaf78c36c7723803da8f	SEDUC	DEMÓCRITO GRACINDO	595e8b2a8c36c7380a7c5c90	1	1	1	1	1	3	2	5
5908eaf78c36c7723803da8f	SEDUC	DOMINGOS MOEDA	595e8c128c36c7380a7c5c91	1	1	1	1	1	3	2	5
5908eaf78c36c7723803da8f	SEDUC	FRANCISCA ROSA  DA COSTA	595e8cfe8c36c7380a7c5c92	1	1	1	1	1	3	2	5
5908eaf78c36c7723803da8f	SEDUC	ESTADUAL DE XINGÓ I – EEX I	595e8ebf8c36c7380a7c5c94	1	1	1	1	1	3	2	5
5908eaf78c36c7723803da8f	SEDUC	ESTADUAL DE XINGÓ II – EEX II	595e94668c36c7380a7c5c95	1	1	1	1	1	3	2	5
5908eaf78c36c7723803da8f	SEDUC	RUBENS NUNES DE OLIVEIRA	595e96d78c36c7380a7c5c96	1	1	1	1	1	3	2	5
5908eaf78c36c7723803da8f	SEDUC	GENTIL DE ALBUQUERQUE MALTA	595e97eb8c36c7380a7c5c97	1	1	1	1	1	3	2	5
5908eaf78c36c7723803da8f	SEDUC	INDÍGENA JOSÉ CARAPINA	595e9ef38c36c7380a7c5c98	1	1	1	1	1	3	2	5
5908eaf78c36c7723803da8f	SEDUC	INDÍGENA ANCELMO BISPO DE SOUZA	595ea0ec8c36c7380a7c5c99	1	1	1	1	1	3	2	5
5908eaf78c36c7723803da8f	SEDUC	INDÍGENA JUVINO HENRIQUE DA SILVA	595ea4f78c36c7380a7c5c9a	1	1	1	1	1	3	2	5
5908eaf78c36c7723803da8f	SEDUC	DE EDUCAÇÃO BÁSICA DE PARICONHA	595ea6168c36c7380a7c5c9b	1	1	1	1	1	3	2	5
5908eaf78c36c7723803da8f	SEDUC	DE EDUCAÇÃO BÁSICA SANTA CRUZ DO DESERTO	595ea6fc8c36c7380a7c5c9c	1	1	1	1	1	3	2	5
5908eaf78c36c7723803da8f	SEDUC	JOÃO FRANCISCO SOARES	595ea7b38c36c7380a7c5c9d	1	1	1	1	1	3	2	5
5908eaf78c36c7723803da8f	SEDUC	LUIZ AUGUSTO DE AZEVEDO MENEZES	595ea8d68c36c7380a7c5c9e	1	1	1	1	1	3	2	5
5908eaf78c36c7723803da8f	SEDUC	LUIZ BASTOS	595ea9f68c36c7380a7c5c9f	1	1	1	1	1	3	2	5
5908eaf78c36c7723803da8f	SEDUC	MONSENHOR SEBASTIÃO ALVES BEZERRA	595eaaed8c36c7380a7c5ca0	1	1	1	1	1	3	2	5
5908eaf78c36c7723803da8f	SEDUC	DE ENSINO MÉDIO NEZINHO PEREIRA	595eabf38c36c7380a7c5ca1	1	1	1	1	1	3	2	5
5908eaf78c36c7723803da8f	SEDUC	PROFESSOR JOSÉ SENA DIAS	595eadc68c36c7380a7c5ca2	1	1	1	1	1	3	2	5
5908eaf78c36c7723803da8f	SEDUC	WATSON CLEMENTINO DE GUSMÃO SILVA	595eae5f8c36c7380a7c5ca3	1	1	1	1	1	3	2	5
5908eaf78c36c7723803da8f	SEDUC	CÔNEGO AMANDO  GUSMÃO	595eb79f8c36c7547a23a60c	1	1	1	1	1	3	2	5
5908eaf78c36c7723803da8f	SEDUC	PROFª DORALICE DA SILVA MOURA	595eb86d8c36c7547a23a60d	1	1	1	1	1	3	2	5
5908eaf78c36c7723803da8f	SEDUC	DR. ANTÔNIO GOMES DE BARROS	595eb94f8c36c7547a23a60e	1	1	1	1	1	3	2	5
5908eaf78c36c7723803da8f	SEDUC	DR. SIDRÔNIO DE AUGUSTO SANTA MARIA	595ebb3b8c36c7547a23a60f	1	1	1	1	1	3	2	5
5908eaf78c36c7723803da8f	SEDUC	FERNANDINA MALTA	595ebc1a8c36c7547a23a610	1	1	1	1	1	3	2	5
5908eaf78c36c7723803da8f	SEDUC	FRANCISCO LEÃO	595ebcad8c36c7547a23a611	1	1	1	1	1	3	2	5
5908eaf78c36c7723803da8f	SEDUC	INDÍGENA MANOEL HONÓRIO DA SILVA	595ebd528c36c7547a23a612	1	1	1	1	1	3	2	5
5908eaf78c36c7723803da8f	SEDUC	INDÍGENA PROFª MARLENE MARQUES DOS SANTOS	595ebe138c36c7547a23a613	1	1	1	1	1	3	2	5
5908eaf78c36c7723803da8f	SEDUC	INDÍGENA JOSÉ MANOEL DE SOUZA	595ebe508c36c7547a23a614	1	1	1	1	1	3	2	5
5908eaf78c36c7723803da8f	SEDUC	INDÍGENA JOSÉ MÁXIMO DE OLIVEIRA	595ebebd8c36c7547a23a615	1	1	1	1	1	3	2	5
5908eaf78c36c7723803da8f	SEDUC	JOÃO MORAIS CAVALCANTE	595ebf4e8c36c7547a23a616	1	1	1	1	1	3	2	5
5908eaf78c36c7723803da8f	SEDUC	MÁRIO GOMES DE BARROS	595ec03f8c36c7547a23a617	1	1	1	1	1	3	2	5
5908eaf78c36c7723803da8f	SEDUC	OLIVEIRA E SILVA	595ec0c08c36c7547a23a618	1	1	1	1	1	3	2	5
5908eaf78c36c7723803da8f	SEDUC	OZÓRIA DE MOURA LIMA	595ec1618c36c7547a23a619	1	1	1	1	1	3	2	5
5908eaf78c36c7723803da8f	SEDUC	PROFESSOR ARTHUR RAMOS	595ec2aa8c36c7547a23a61a	1	1	1	1	1	3	2	5
5908eaf78c36c7723803da8f	SEDUC	PROFº MANOEL GENTIL DO VALE BENTES	595fc0d08c36c763c3990fe5	1	1	1	1	1	3	2	5
5908eaf78c36c7723803da8f	SEDUC	PROFª CLAUDIZETE LIMA ELEUTÉRIO	595fc1da8c36c763c3990fe6	1	1	1	1	1	3	2	5
5908eaf78c36c7723803da8f	SEDUC	JUDITH DO NASCIMENTO SILVA	595fc35a8c36c763c3990fe7	1	1	1	1	1	3	2	5
5908eaf78c36c7723803da8f	SEDUC	SANTOS DUMONT	595fc5788c36c763c3990fe8	1	1	1	1	1	3	2	5
5908eaf78c36c7723803da8f	SEDUC	TABULEIRO DO PINTO	595fc6598c36c763c3990fe9	1	1	1	1	1	3	2	5
5908eaf78c36c7723803da8f	SEDUC	VALDECY GOMES DE VASCONCELOS	595fc7888c36c763c3990fea	1	1	1	1	1	3	2	5
5908eaf78c36c7723803da8f	SEDUC	ALBERTO TORRES	596002548c36c7147542b529	1	1	1	1	1	3	2	5
5908eaf78c36c7723803da8f	SEDUC	DR. MIGUEL GUEDES NOGUEIRA	596005548c36c7147542b52a	1	1	1	1	1	3	2	5
5908eaf78c36c7723803da8f	SEDUC	JORNALISTA FREITAS NETO	596007ce8c36c7147542b52b	1	1	1	1	1	3	2	5
5908eaf78c36c7723803da8f	SEDUC	SANTA TEREZA D'ÁVILA	596008e98c36c7147542b52c	1	1	1	1	1	3	2	5
5908eaf78c36c7723803da8f	SEDUC	DEP. GUILHERMINO DE OLIVEIRA	59600bc58c36c7147542b52d	1	1	1	1	1	3	2	5
5908eaf78c36c7723803da8f	SEDUC	ROSALVO RIBEIRO	59600d588c36c7147542b52e	1	1	1	1	1	3	2	5
5908eaf78c36c7723803da8f	SEDUC	NOSSA SENHORA DO BOM CONSELHO	59600ebc8c36c7147542b52f	1	1	1	1	1	3	2	5
5908eaf78c36c7723803da8f	SEDUC	PROFª JOSEFA CONCEIÇÃO DA COSTA	59600fba8c36c7147542b530	1	1	1	1	1	3	2	5
5908eaf78c36c7723803da8f	SEDUC	PROF. SEBASTIÃO DA HORA	596011798c36c7147542b531	1	1	1	1	1	3	2	5
5908eaf78c36c7723803da8f	SEDUC	PROFESSORA ADEILZA MARIA OLIVEIRA	596013778c36c7147542b532	1	1	1	1	1	3	2	5
5908eaf78c36c7723803da8f	SEDUC	ALFREDO GASPAR DE MENDONÇA	596017ff8c36c7147542b533	1	1	1	1	1	3	2	5
5908eaf78c36c7723803da8f	SEDUC	LIONS MACEIÓ PAJUÇARA	59641de68c36c758cb87cca8	1	1	1	1	1	3	2	5
5908eaf78c36c7723803da8f	SEDUC	MANOEL SIMPLÍCIO DO NASCIMENTO	59641f108c36c758cb87cca9	1	1	1	1	1	3	2	5
5908eaf78c36c7723803da8f	SEDUC	MARCELO REZENDE	5964201d8c36c758cb87ccaa	1	1	1	1	1	3	2	5
5908eaf78c36c7723803da8f	SEDUC	Escola noel nutels	596421398c36c758cb87ccab	1	1	1	1	1	3	2	5
5908eaf78c36c7723803da8f	SEDUC	PROFª ANA COELHO PALMEIRA	596422d18c36c758cb87ccac	1	1	1	1	1	3	2	5
5908eaf78c36c7723803da8f	SEDUC	PROFª  EROTILDES RODRIGUES  SALDANHA	596424088c36c758cb87ccad	1	1	1	1	1	3	2	5
5908eaf78c36c7723803da8f	SEDUC	PROFª MALBA LINS COSTA	596424ab8c36c758cb87ccae	1	1	1	1	1	3	2	5
5908eaf78c36c7723803da8f	SEDUC	ESCOLA MARIA DAS GRAÇAS DE SÁ TEIXEIRA	596425aa8c36c758cb87ccaf	1	1	1	1	1	3	2	5
5908eaf78c36c7723803da8f	SEDUC	PROFª MIRAN MARROQUIM DE QUINTELA CAVALCANTE	5964270b8c36c758cb87ccb0	1	1	1	1	1	3	2	5
5908eaf78c36c7723803da8f	SEDUC	PROF. BENEDITO  MORAES	5964286e8c36c758cb87ccb1	1	1	1	1	1	3	2	5
5908eaf78c36c7723803da8f	SEDUC	PROF. CARLOS POVINA CAVALCANTE	59642b538c36c76461139b59	1	1	1	1	1	3	2	5
5908eaf78c36c7723803da8f	SEDUC	PROF. EDUARDO ALMEIDA DA SILVA	59642c418c36c76461139b5a	1	1	1	1	1	3	2	5
5908eaf78c36c7723803da8f	SEDUC	PROF. EDUARDO DA MOTA TRIGUEIROS	59642d938c36c76461139b5b	1	1	1	1	1	3	2	5
5908eaf78c36c7723803da8f	SEDUC	PROF. MARIO BROAD	59642e898c36c76461139b5c	1	1	1	1	1	3	2	5
5908eaf78c36c7723803da8f	SEDUC	PROF. PEDRO TEIXEIRA DE VASCONCELOS	59642fe88c36c76461139b5d	1	1	1	1	1	3	2	5
5908eaf78c36c7723803da8f	SEDUC	PROF ROSALVO LOBO	5964328e8c36c76461139b5e	1	1	1	1	1	3	2	5
5908eaf78c36c7723803da8f	SEDUC	PROFESSOR THEONILO GAMA	5964336f8c36c76461139b5f	1	1	1	1	1	3	2	5
5908eaf78c36c7723803da8f	SEDUC	PROF VIRGINIO DE CAMPOS	596434168c36c76461139b60	1	1	1	1	1	3	2	5
5908eaf78c36c7723803da8f	SEDUC	PROF THEOTÔNIO VILELA BRANDÃO	596435618c36c76c3d70e661	1	1	1	1	1	3	2	5
5908eaf78c36c7723803da8f	SEDUC	PROFESSORA JULIETA RAMOS PEREIRA	596436038c36c76c3d70e662	1	1	1	1	1	3	2	5
5908eaf78c36c7723803da8f	SEDUC	ANA LINS	5965797d8c36c739f7c9d347	1	1	1	1	1	3	2	5
5908eaf78c36c7723803da8f	SEDUC	DJALMA BARROS SIQUEIRA	59657aad8c36c739f7c9d348	1	1	1	1	1	3	2	5
5908eaf78c36c7723803da8f	SEDUC	DOM CONSTANTINO LUERS	59657b868c36c739f7c9d349	1	1	1	1	1	3	2	5
5908eaf78c36c7723803da8f	SEDUC	INÁCIO DE CARVALHO	59657cc68c36c73fccb67c8c	1	1	1	1	1	3	2	5
5908eaf78c36c7723803da8f	SEDUC	JOSEFA CAVALCANTI SURUAGY	59657ea88c36c73fccb67c8d	1	1	1	1	1	3	2	5
5908eaf78c36c7723803da8f	SEDUC	MISAEL GONÇALVES FERREIRA	59657fe18c36c73fccb67c8e	1	1	1	1	1	3	2	5
5908eaf78c36c7723803da8f	SEDUC	PADRE AURÉLIO GOÉS	596580c88c36c73fccb67c8f	1	1	1	1	1	3	2	5
5908eaf78c36c7723803da8f	SEDUC	DE EDUCAÇÃO BÁSICA PEDRO JOAQUIM DE JESUS	596582ee8c36c73fccb67c90	1	1	1	1	1	3	2	5
5908eaf78c36c7723803da8f	SEDUC	PROF. LIMA DE CASTRO	596584a18c36c73fccb67c91	1	1	1	1	1	3	2	5
5908eaf78c36c7723803da8f	SEDUC	RUI BARBOSA	596586138c36c73fccb67c92	1	1	1	1	1	3	2	5
5908eaf78c36c7723803da8f	SEDUC	TARCÍSIO SOARES PALMEIRA	596587678c36c73fccb67c93	1	1	1	1	1	3	2	5
5908eaf78c36c7723803da8f	SEDUC	DE EDUCAÇÃO BÁSICA E PROFISSIONAL JOSÉ APRÍGIO BRANDÃO VILELA	5965891e8c36c73fccb67c94	1	1	1	1	1	3	2	5
5908eaf78c36c7723803da8f	SEDUC	CENTRO EST. DE ED. PROF E TECNOLÓGICA DE CORURIPE Mª ALICE BELTRÃO DE CASTRO SIQUEIRA	59658a668c36c73fccb67c95	1	1	1	1	1	3	2	5
5908eaf78c36c7723803da8f	SEDUC	AQUILINA BULHÕES BARROS	5995a2118c36c70b278e96a4	1	1	1	1	1	3	2	5
5908eaf78c36c7723803da8f	SEDUC	DEPUTADO NENOÍ PINTO	5995a2e48c36c70b278e96a5	1	1	1	1	1	3	2	5
5908eaf78c36c7723803da8f	SEDUC	DEPUTADO RUBENS CANUTO	5995a3b08c36c70b278e96a6	1	1	1	1	1	3	2	5
5908eaf78c36c7723803da8f	SEDUC	DOM OTÁVIO BARBOSA DE AGUIAR	5995a44a8c36c70b278e96a7	1	1	1	1	1	3	2	5
5908eaf78c36c7723803da8f	SEDUC	DR. FRANCISCO MELO	5995a53f8c36c70b278e96a8	1	1	1	1	1	3	2	5
5908eaf78c36c7723803da8f	SEDUC	DR. JOSÉ MARIA DE MELO	5995a65b8c36c70b278e96a9	1	1	1	1	1	3	2	5
5908eaf78c36c7723803da8f	SEDUC	Drª EUNICE DE LEMOS CAMPOS	5995a7158c36c70b278e96aa	1	1	1	1	1	3	2	5
5908eaf78c36c7723803da8f	SEDUC	CEL. FRANCISCO ALVES MATA	5995a8c08c36c70b278e96ab	1	1	1	1	1	3	2	5
5908eaf78c36c7723803da8f	SEDUC	GERALDO MELO DOS SANTOS	5995a95b8c36c70b278e96ac	1	1	1	1	1	3	2	5
5908eaf78c36c7723803da8f	SEDUC	JOÃO PAULO II	5995a9f48c36c70b278e96ad	1	1	1	1	1	3	2	5
5908eaf78c36c7723803da8f	SEDUC	JORNALISTA LAFAIETE BELO	5995abb58c36c70b278e96ae	1	1	1	1	1	3	2	5
5908eaf78c36c7723803da8f	SEDUC	LIBERALINO BONFIM DE OLIVEIRA	5995bf528c36c70b278e96af	1	1	1	1	1	3	2	5
5908eaf78c36c7723803da8f	SEDUC	MANOEL DE ARAÚJO DÓRIA	5995c0028c36c70b278e96b0	1	1	1	1	1	3	2	5
5908eaf78c36c7723803da8f	SEDUC	MARCOS ANTONIO CAVALCANTI SILVA	5995c0cb8c36c70b278e96b1	1	1	1	1	1	3	2	5
5908eaf78c36c7723803da8f	SEDUC	PROFª MARGAREZ MARIA SANTOS LACET	5995c19b8c36c70b278e96b2	1	1	1	1	1	3	2	5
5908eaf78c36c7723803da8f	SEDUC	MARIA AMÁLIA	5995c2298c36c70b278e96b3	1	1	1	1	1	3	2	5
5908eaf78c36c7723803da8f	SEDUC	MARIA IVONE SANTOS DE OLIVEIRA	5995c2ba8c36c70b278e96b4	1	1	1	1	1	3	2	5
5908eaf78c36c7723803da8f	SEDUC	PROFª MARIA LÚCIA LINS DE FREITAS	5995c4578c36c70b278e96b5	1	1	1	1	1	3	2	5
5908eaf78c36c7723803da8f	SEDUC	ONÉLIA CAMPELO	5995c5238c36c70b278e96b6	1	1	1	1	1	3	2	5
5908eaf78c36c7723803da8f	SEDUC	OTACILIO HOLANDA DE ANDRADE	5995c80a8c36c722dcb81b63	1	1	1	1	1	3	2	5
5908eaf78c36c7723803da8f	SEDUC	OVÍDIO EDGAR DE ALBUQUERQUE	5995c8a98c36c722dcb81b64	1	1	1	1	1	3	2	5
5908eaf78c36c7723803da8f	SEDUC	PADRE CABRAL	5995c92b8c36c722dcb81b65	1	1	1	1	1	3	2	5
5908eaf78c36c7723803da8f	SEDUC	PASTOR JOSÉ TAVARES DE SOUZA	5995ca7f8c36c722dcb81b66	1	1	1	1	1	3	2	5
5908eaf78c36c7723803da8f	SEDUC	PROF. JOSÉ REMI LIMA	5995cb1e8c36c722dcb81b67	1	1	1	1	1	3	2	5
5908eaf78c36c7723803da8f	SEDUC	PROFª GILVANA ATAÍDE CAVALCANTE CABRAL	5995cbb98c36c722dcb81b68	1	1	1	1	1	3	2	5
5908eaf78c36c7723803da8f	SEDUC	PROFESSORA IRENE GARRIDO	5995cf3f8c36c722dcb81b69	1	1	1	1	1	3	2	5
5908eaf78c36c7723803da8f	SEDUC	PROFª  BENEDITA DE CASTRO LIMA	5995cff18c36c722dcb81b6a	1	1	1	1	1	3	2	5
5908eaf78c36c7723803da8f	SEDUC	MARIA SALETE GUSMÃO DE ARAÚJO	5995d0b28c36c722dcb81b6b	1	1	1	1	1	3	2	5
5908eaf78c36c7723803da8f	SEDUC	ROMEU DE AVELAR	5995d1408c36c722dcb81b6c	1	1	1	1	1	3	2	5
5908eaf78c36c7723803da8f	SEDUC	PROFª ROSALVA PEREIRA VIANA	5995d3b78c36c722dcb81b6d	1	1	1	1	1	3	2	5
5908eaf78c36c7723803da8f	SEDUC	ROTARY	5995d5858c36c722dcb81b6e	1	1	1	1	1	3	2	5
5908eaf78c36c7723803da8f	SEDUC	EDUC BÁSICA EDUCADOR PAULO JORGE DOS SANTOS RODRIGUES	5995d8388c36c722dcb81b6f	1	1	1	1	1	3	2	5
5908eaf78c36c7723803da8f	SEDUC	DOM PEDRO II	5995d8e48c36c722dcb81b70	1	1	1	1	1	3	2	5
5908eaf78c36c7723803da8f	SEDUC	INSTITUTO DE LÍNGUAS	5995d9ef8c36c722dcb81b71	1	1	1	1	1	3	2	5
5908eaf78c36c7723803da8f	SEDUC	MARIA ROSÁLIA AMBROZZIO	5995da6f8c36c722dcb81b72	1	1	1	1	1	3	2	5
5908eaf78c36c7723803da8f	SEDUC	JOSÉ CORREIA DA SILVA TITARA	5995db088c36c722dcb81b73	1	1	1	1	1	3	2	5
5908eaf78c36c7723803da8f	SEDUC	MOREIRA E SILVA	5995db6c8c36c722dcb81b74	1	1	1	1	1	3	2	5
5908eaf78c36c7723803da8f	SEDUC	PROFESSOR AFRÂNIO LAGES	5995ddab8c36c722dcb81b75	1	1	1	1	1	3	2	5
5908eaf78c36c7723803da8f	SEDUC	PROFESSOR JOSÉ DA SILVEIRA CAMERINO	5995df208c36c722dcb81b76	1	1	1	1	1	3	2	5
5908eaf78c36c7723803da8f	SEDUC	PROFº JOSÉ VITORINO DA ROCHA	5995dfb78c36c722dcb81b77	1	1	1	1	1	3	2	5
5908eaf78c36c7723803da8f	SEDUC	PROFESSORA LAURA DANTAS SANTOS DA SILVA	5995e09f8c36c722dcb81b78	1	1	1	1	1	3	2	5
5908eaf78c36c7723803da8f	SEDUC	PROFESSORA MARIA JOSÉ LOUREIRO	5995e1128c36c722dcb81b79	1	1	1	1	1	3	2	5
5908eaf78c36c7723803da8f	SEDUC	PRINCESA ISABEL	5995e1ba8c36c722dcb81b7a	1	1	1	1	1	3	2	5
5908eaf78c36c7723803da8f	SEDUC	TEOTÔNIO VILELA	5995e2cc8c36c722dcb81b7b	1	1	1	1	1	3	2	5
5908eaf78c36c7723803da8f	SEDUC	CEEPTM Centro Estadual de Educação Profissional e Tecnológica de Maceió Dicionarista Aurélio Buarque de Holanda Ferreira	5995e3b68c36c722dcb81b7c	1	1	1	1	1	3	2	5
5908eaf78c36c7723803da8f	SEDUC	ALMEIDA CAVALCANTE	599b260c8c36c708f741dc09	1	1	1	1	1	3	2	5
5908eaf78c36c7723803da8f	SEDUC	ANTÔNIA MACEDO	599b27b48c36c708f741dc0a	1	1	1	1	1	3	2	5
5908eaf78c36c7723803da8f	SEDUC	BELARMINO VIEIRA BARROS	599b28ab8c36c708f741dc0b	1	1	1	1	1	3	2	5
5908eaf78c36c7723803da8f	SEDUC	COITÉ DAS PINHAS	59a0299c8c36c74a80fe9a1d	1	1	1	1	1	3	2	5
5908eaf78c36c7723803da8f	SEDUC	CONSTANÇA DE GÓES MONTEIRO	59a02aa88c36c74a80fe9a1e	1	1	1	1	1	3	2	5
5908eaf78c36c7723803da8f	SEDUC	Escola Estadual Deraldo Campos	59a02bd58c36c74a80fe9a1f	1	1	1	1	1	3	2	5
5750117e8c36c718eb000005	SEFAZ	SEFAZ - Central Já! Maceió Shopping	575055068c36c71ba4000010	1	1	1	0	1	3	1	4
5750117e8c36c718eb000005	SEFAZ	SEFAZ - Central Já! Shopping Pátio Maceió	575055818c36c71ba4000011	1	1	1	0	1	3	1	4
5750117e8c36c718eb000005	SEFAZ	SEFAZ - Central Já! Shopping Farol	575055cb8c36c71ba4000012	1	1	1	0	1	3	1	4
5750117e8c36c718eb000005	SEFAZ	SEFAZ - SEDE	5750560b8c36c71ba4000013	1	1	1	0	0	2	1	3
5750117e8c36c718eb000005	SEFAZ	SEFAZ - Jacarecica	5750566f8c36c71ba4000014	1	1	1	0	0	2	1	3
5750117e8c36c718eb000005	SEFAZ	SEFAZ - Central Já! Porto Calvo	5758501f8c36c76a16000006	1	1	1	1	1	3	2	5
5750117e8c36c718eb000005	SEFAZ	SEFAZ Arapiraca	575850578c36c76a16000007	1	1	1	1	1	3	2	5
596e4d008c36c70a18c2cc92	SESAU	teste	599dd6028c36c73ba808f126	1	1	1	1	1	3	2	5
596e4d008c36c70a18c2cc92	SESAU	Hospital Geral do Estado Professor Osvaldo Brandão Vilela	59aee4b28c36c76afbdf5a31	1	1	1	0	1	3	1	4
596e4d008c36c70a18c2cc92	SESAU	SAMU 192 - Serviço de Atendimento Movel de Urgencia	59b0190c8c36c7456807bbe5	1	1	1	0	1	3	1	4
590a256e8c36c731c7c20e88	SEDETUR	Gerência de Design e Atendimento - SEDETUR	594aebe18c36c751e983dd40	1	1	1	0	1	3	1	4
590a256e8c36c731c7c20e88	SEDETUR	Coordenação Regional dos Serviços Turísticos de Alagoas - SEDETUR	594aeead8c36c751e983dd45	1	1	1	0	1	3	1	4
590a256e8c36c731c7c20e88	SEDETUR	Superintendência de Indústria, Comércio e Serviços/SICS - SEDETUR	594af1048c36c751e983dd48	1	1	1	0	1	3	1	4
590a256e8c36c731c7c20e88	SEDETUR	Unidade Regional de Alagoas - REINPI/AL - SEDETUR	594af4d88c36c751e983dd4c	1	1	1	0	1	3	1	4
576c1f518c36c72a90000000	SEMARH	SEMARH - Central Já! Penedo	576c23b58c36c73354000000	1	1	1	1	1	3	2	5
576c1f518c36c72a90000000	SEMARH	SEMARH - Central Já! Porto Calvo	576c25398c36c7414d000000	1	1	1	1	1	3	2	5
576c1f518c36c72a90000000	SEMARH	SEMARH - Central Já! Arapiraca	576c27ab8c36c7415f000000	1	1	1	1	1	3	2	5
576c1f518c36c72a90000000	SEMARH	Semarh - Sede - Maceió	588f630f8c36c71aae1e26b4	1	1	1	1	1	3	2	5
56d723238c36c73983000000	SEPLAG	SEPLAG - Unidade Planejamento	56d723c38c36c73983000001	1	1	1	1	1	3	2	5
56d723238c36c73983000000	SEPLAG	SEPLAG - Unidade Gestão	56d729cb8c36c73983000002	1	1	1	1	1	3	2	5
56d723238c36c73983000000	SEPLAG	SEPLAG - Escola de Governo do Estado de Alagoas	56d72e7c8c36c7398300000b	1	1	1	1	1	3	2	5
56d723238c36c73983000000	SEPLAG	SEPLAG - Unidade Perícia Médica e Saúde Ocupacional	56d7307d8c36c7398300000c	1	1	1	1	1	3	2	5
56d723238c36c73983000000	SEPLAG	SEPLAG - Central Já! Shopping  Maribondo	57b4946d8c36c70422000002	1	1	1	1	1	3	2	5
56d723238c36c73983000000	SEPLAG	SEPLAG - Central Já! Shopping Farol	57b494f38c36c70422000003	1	1	1	1	1	3	2	5
56d723238c36c73983000000	SEPLAG	SEPLAG - Central Já! Maceió Shopping	57b495478c36c70422000004	1	1	1	1	1	3	2	5
56d723238c36c73983000000	SEPLAG	SEPLAG - Central Já! Shopping Pátio	57b495908c36c70422000005	1	1	1	1	1	3	2	5
56d723238c36c73983000000	SEPLAG	SEPLAG - Central Já! Arapiraca	57b496e28c36c70422000006	1	1	1	1	1	3	2	5
56df02e98c36c74559000000	SETE	Sine -  Central Já! Shopping Farol	575073938c36c74a20000000	1	1	1	1	1	3	2	5
56df02e98c36c74559000000	SETE	Sine - Jaraguá	575073ec8c36c74a20000001	1	1	1	0	0	2	1	3
56df02e98c36c74559000000	SETE	Sine - Mangabeiras	575074898c36c74a20000002	1	1	1	0	0	2	1	3
56df02e98c36c74559000000	SETE	Sine - Arapiraca	575075188c36c74a20000003	1	1	1	0	0	2	1	3
56df02e98c36c74559000000	SETE	Sine - Maragogi	575075568c36c74a20000004	1	1	1	1	0	2	2	4
56df02e98c36c74559000000	SETE	Sine - Delmiro Gouveia	575075e98c36c74a20000005	1	1	1	0	0	2	1	3
56df02e98c36c74559000000	SETE	Sine - Central Já! Penedo	575076248c36c74a20000006	1	1	0	0	1	3	0	3
56df02e98c36c74559000000	SETE	Sine - Santana do Ipanema	575076618c36c7516d000000	1	1	1	0	0	2	1	3
56df02e98c36c74559000000	SETE	Sine - Central Já! São Miguel dos Campos	575076bb8c36c7578f000000	1	1	1	1	1	3	2	5
56df02e98c36c74559000000	SETE	Sine -União dos Palmares	575076fc8c36c7578f000001	1	1	1	0	0	2	1	3
56df02e98c36c74559000000	SETE	Sine -Palmeira dos Índios	5750772d8c36c7578f000002	1	1	1	0	0	2	1	3
56df02e98c36c74559000000	SETE	Sine - Central Já! Shopping Pátio Maceió	575077a18c36c7578f000003	1	1	1	1	1	3	2	5
56df02e98c36c74559000000	SETE	SINE - Central Já! Maceió Shopping	57585e8d8c36c76a16000008	1	1	1	1	1	3	2	5
590a3bcd8c36c731c7c20e8c	SEADES	CREAS - Água Branca	5951845c964b2c0c485689ca	1	1	1	0	0	2	1	3
590a3bcd8c36c731c7c20e8c	SEADES	CREAS - Anadia	5951845c964b2c0c485689cb	1	1	1	0	0	2	1	3
590a3bcd8c36c731c7c20e8c	SEADES	CREAS - Arapiraca	5951845c964b2c0c485689cc	1	1	1	0	0	2	1	3
590a3bcd8c36c731c7c20e8c	SEADES	CREAS - Atalaia	5951845c964b2c0c485689cd	1	1	1	0	0	2	1	3
590a3bcd8c36c731c7c20e8c	SEADES	CREAS - Barra de Santo Antônio	5951845c964b2c0c485689ce	1	1	1	0	0	2	1	3
590a3bcd8c36c731c7c20e8c	SEADES	CREAS - Barra de São Miguel	5951845c964b2c0c485689cf	1	1	1	0	0	2	1	3
590a3bcd8c36c731c7c20e8c	SEADES	CREAS - Batalha	5951845c964b2c0c485689d0	1	1	1	0	0	2	1	3
590a3bcd8c36c731c7c20e8c	SEADES	CREAS - Belém	5951845c964b2c0c485689d1	1	1	1	0	0	2	1	3
590a3bcd8c36c731c7c20e8c	SEADES	CREAS - Boca da Mata	5951845c964b2c0c485689d2	1	1	1	0	0	2	1	3
590a3bcd8c36c731c7c20e8c	SEADES	CREAS - Cacimbinhas	5951845c964b2c0c485689d3	1	1	1	0	0	2	1	3
590a3bcd8c36c731c7c20e8c	SEADES	CREAS - Cajueiro	5951845c964b2c0c485689d4	1	1	1	0	0	2	1	3
590a3bcd8c36c731c7c20e8c	SEADES	CREAS - Campestre	5951845c964b2c0c485689d5	1	1	1	0	0	2	1	3
590a3bcd8c36c731c7c20e8c	SEADES	CREAS - Campo Alegre	5951845c964b2c0c485689d6	1	1	1	0	0	2	1	3
590a3bcd8c36c731c7c20e8c	SEADES	CREAS - Capela	5951845c964b2c0c485689d7	1	1	1	0	0	2	1	3
590a3bcd8c36c731c7c20e8c	SEADES	CREAS - Coité do Nóia	5951845c964b2c0c485689d8	1	1	1	0	0	2	1	3
590a3bcd8c36c731c7c20e8c	SEADES	CREAS - Colônia Leopoldina	5951845c964b2c0c485689d9	1	1	1	0	0	2	1	3
590a3bcd8c36c731c7c20e8c	SEADES	CREAS - Coqueiro Seco	5951845c964b2c0c485689da	1	1	1	0	0	2	1	3
590a3bcd8c36c731c7c20e8c	SEADES	CREAS - Coruripe	5951845c964b2c0c485689db	1	1	1	0	0	2	1	3
590a3bcd8c36c731c7c20e8c	SEADES	CREAS - Craíbas	5951845c964b2c0c485689dc	1	1	1	0	0	2	1	3
590a3bcd8c36c731c7c20e8c	SEADES	CREAS - Delmiro Gouveia	5951845c964b2c0c485689dd	1	1	1	0	0	2	1	3
590a3bcd8c36c731c7c20e8c	SEADES	CREAS - Dois Riachos	5951845c964b2c0c485689de	1	1	1	0	0	2	1	3
590a3bcd8c36c731c7c20e8c	SEADES	CREAS - Estrela de Alagoas	5951845c964b2c0c485689df	1	1	1	0	0	2	1	3
590a3bcd8c36c731c7c20e8c	SEADES	CREAS - Feira Grande	5951845c964b2c0c485689e0	1	1	1	0	0	2	1	3
590a3bcd8c36c731c7c20e8c	SEADES	CREAS - Feliz Deserto	5951845c964b2c0c485689e1	1	1	1	0	0	2	1	3
590a3bcd8c36c731c7c20e8c	SEADES	CREAS - Flexeiras	5951845c964b2c0c485689e2	1	1	1	0	0	2	1	3
590a3bcd8c36c731c7c20e8c	SEADES	CREAS - Girau do Ponciano	5951845c964b2c0c485689e3	1	1	1	0	0	2	1	3
590a3bcd8c36c731c7c20e8c	SEADES	CREAS - Ibateguara	5951845c964b2c0c485689e4	1	1	1	0	0	2	1	3
590a3bcd8c36c731c7c20e8c	SEADES	CREAS - Igaci	5951845c964b2c0c485689e5	1	1	1	0	0	2	1	3
590a3bcd8c36c731c7c20e8c	SEADES	CREAS - Igreja Nova	5951845c964b2c0c485689e6	1	1	1	0	0	2	1	3
590a3bcd8c36c731c7c20e8c	SEADES	CREAS - Inhapi	5951845c964b2c0c485689e7	1	1	1	0	0	2	1	3
590a3bcd8c36c731c7c20e8c	SEADES	CREAS - Jacuípe	5951845c964b2c0c485689e8	1	1	1	0	0	2	1	3
590a3bcd8c36c731c7c20e8c	SEADES	CREAS - Japaratinga	5951845c964b2c0c485689e9	1	1	1	0	0	2	1	3
590a3bcd8c36c731c7c20e8c	SEADES	CREAS - Jaramataia	5951845c964b2c0c485689ea	1	1	1	0	0	2	1	3
590a3bcd8c36c731c7c20e8c	SEADES	CREAS - Jequiá da Praia	5951845c964b2c0c485689eb	1	1	1	0	0	2	1	3
590a3bcd8c36c731c7c20e8c	SEADES	CREAS - Joaquim Gomes	5951845c964b2c0c485689ec	1	1	1	0	0	2	1	3
590a3bcd8c36c731c7c20e8c	SEADES	CREAS - Jundiá	5951845c964b2c0c485689ed	1	1	1	0	0	2	1	3
590a3bcd8c36c731c7c20e8c	SEADES	CREAS - Junqueiro	5951845c964b2c0c485689ee	1	1	1	0	0	2	1	3
590a3bcd8c36c731c7c20e8c	SEADES	CREAS - Lagoa da Canoa	5951845c964b2c0c485689ef	1	1	1	0	0	2	1	3
590a3bcd8c36c731c7c20e8c	SEADES	CREAS - Limoeiro de Anadia	5951845c964b2c0c485689f0	1	1	1	0	0	2	1	3
590a3bcd8c36c731c7c20e8c	SEADES	CREAS - Maceió - Jatiúca	5951845c964b2c0c485689f1	1	1	1	0	0	2	1	3
590a3bcd8c36c731c7c20e8c	SEADES	CREAS - Maceió - Orla Lagunar	5951845c964b2c0c485689f2	1	1	1	0	0	2	1	3
590a3bcd8c36c731c7c20e8c	SEADES	CREAS - Maceió - Santa Lucia	5951845c964b2c0c485689f3	1	1	1	0	0	2	1	3
590a3bcd8c36c731c7c20e8c	SEADES	CREAS - Maceió - Benedito Bentes	5951845c964b2c0c485689f4	1	1	1	0	0	2	1	3
590a3bcd8c36c731c7c20e8c	SEADES	CREAS - Maceió - Poço	5951845c964b2c0c485689f5	1	1	1	0	0	2	1	3
590a3bcd8c36c731c7c20e8c	SEADES	CREAS - Major Isidoro	5951845c964b2c0c485689f6	1	1	1	0	0	2	1	3
590a3bcd8c36c731c7c20e8c	SEADES	CREAS - Maragogi	5951845c964b2c0c485689f7	1	1	1	0	0	2	1	3
590a3bcd8c36c731c7c20e8c	SEADES	CREAS - Maravilha	5951845c964b2c0c485689f8	1	1	1	0	0	2	1	3
590a3bcd8c36c731c7c20e8c	SEADES	CREAS - Marechal Deodoro	5951845c964b2c0c485689f9	1	1	1	0	0	2	1	3
590a3bcd8c36c731c7c20e8c	SEADES	CREAS - Maribondo	5951845c964b2c0c485689fa	1	1	1	0	0	2	1	3
590a3bcd8c36c731c7c20e8c	SEADES	CREAS - Mata Grande	5951845c964b2c0c485689fb	1	1	1	0	0	2	1	3
590a3bcd8c36c731c7c20e8c	SEADES	CREAS - Matriz de Camaragibe	5951845c964b2c0c485689fc	1	1	1	0	0	2	1	3
590a3bcd8c36c731c7c20e8c	SEADES	CREAS - Messias	5951845c964b2c0c485689fd	1	1	1	0	0	2	1	3
590a3bcd8c36c731c7c20e8c	SEADES	CREAS - Monteirópolis	5951845c964b2c0c485689fe	1	1	1	0	0	2	1	3
590a3bcd8c36c731c7c20e8c	SEADES	CREAS - Murici	5951845c964b2c0c485689ff	1	1	1	0	0	2	1	3
590a3bcd8c36c731c7c20e8c	SEADES	CREAS - Novo Lino	5951845c964b2c0c48568a00	1	1	1	0	0	2	1	3
590a3bcd8c36c731c7c20e8c	SEADES	CREAS - Olho D´água Das Flores	5951845c964b2c0c48568a01	1	1	1	0	0	2	1	3
590a3bcd8c36c731c7c20e8c	SEADES	CREAS - Olivença	5951845c964b2c0c48568a02	1	1	1	0	0	2	1	3
590a3bcd8c36c731c7c20e8c	SEADES	CREAS - Palestina	5951845c964b2c0c48568a03	1	1	1	0	0	2	1	3
590a3bcd8c36c731c7c20e8c	SEADES	CREAS - Palmeira Dos Índios	5951845c964b2c0c48568a04	1	1	1	0	0	2	1	3
590a3bcd8c36c731c7c20e8c	SEADES	CREAS - Pão de Açúcar	5951845c964b2c0c48568a05	1	1	1	0	0	2	1	3
590a3bcd8c36c731c7c20e8c	SEADES	CREAS - Pariconha	5951845c964b2c0c48568a06	1	1	1	0	0	2	1	3
590a3bcd8c36c731c7c20e8c	SEADES	CREAS - Passo de Camaragibe	5951845c964b2c0c48568a07	1	1	1	0	0	2	1	3
590a3bcd8c36c731c7c20e8c	SEADES	CREAS - Paulo Jacinto	5951845c964b2c0c48568a08	1	1	1	0	0	2	1	3
590a3bcd8c36c731c7c20e8c	SEADES	CREAS - Penedo	5951845c964b2c0c48568a09	1	1	1	0	0	2	1	3
590a3bcd8c36c731c7c20e8c	SEADES	CREAS - Piaçabuçu	5951845c964b2c0c48568a0a	1	1	1	0	0	2	1	3
590a3bcd8c36c731c7c20e8c	SEADES	CREAS - Pilar	5951845c964b2c0c48568a0b	1	1	1	0	0	2	1	3
590a3bcd8c36c731c7c20e8c	SEADES	CREAS - Poço Das Trincheiras	5951845c964b2c0c48568a0c	1	1	1	0	0	2	1	3
590a3bcd8c36c731c7c20e8c	SEADES	CREAS - Porto Calvo	5951845c964b2c0c48568a0d	1	1	1	0	0	2	1	3
590a3bcd8c36c731c7c20e8c	SEADES	CREAS - Piranhas	5951845c964b2c0c48568a0e	1	1	1	0	0	2	1	3
590a3bcd8c36c731c7c20e8c	SEADES	CREAS - Porto de Pedras	5951845c964b2c0c48568a0f	1	1	1	0	0	2	1	3
590a3bcd8c36c731c7c20e8c	SEADES	CREAS - Porto Real do Colégio	5951845c964b2c0c48568a10	1	1	1	0	0	2	1	3
590a3bcd8c36c731c7c20e8c	SEADES	CREAS - Quebrângulo	5951845c964b2c0c48568a11	1	1	1	0	0	2	1	3
590a3bcd8c36c731c7c20e8c	SEADES	CREAS - Rio Largo	5951845c964b2c0c48568a12	1	1	1	0	0	2	1	3
590a3bcd8c36c731c7c20e8c	SEADES	CREAS - Santana do Ipanema	5951845c964b2c0c48568a13	1	1	1	0	0	2	1	3
590a3bcd8c36c731c7c20e8c	SEADES	CREAS - Santana do Mundaú	5951845c964b2c0c48568a14	1	1	1	0	0	2	1	3
590a3bcd8c36c731c7c20e8c	SEADES	CREAS - São José da Laje	5951845c964b2c0c48568a15	1	1	1	0	0	2	1	3
590a3bcd8c36c731c7c20e8c	SEADES	CREAS - São José da Tapera	5951845c964b2c0c48568a16	1	1	1	0	0	2	1	3
590a3bcd8c36c731c7c20e8c	SEADES	CREAS - São Luís do Quitunde	5951845c964b2c0c48568a17	1	1	1	0	0	2	1	3
590a3bcd8c36c731c7c20e8c	SEADES	CREAS - São Miguel dos Campos	5951845c964b2c0c48568a18	1	1	1	0	0	2	1	3
590a3bcd8c36c731c7c20e8c	SEADES	CREAS - São Miguel dos Milagres	5951845c964b2c0c48568a19	1	1	1	0	0	2	1	3
590a3bcd8c36c731c7c20e8c	SEADES	CREAS - São Sebastião	5951845c964b2c0c48568a1a	1	1	1	0	0	2	1	3
590a3bcd8c36c731c7c20e8c	SEADES	CREAS - Satuba	5951845c964b2c0c48568a1b	1	1	1	0	0	2	1	3
590a3bcd8c36c731c7c20e8c	SEADES	CREAS - Senador Rui Palmeira	5951845c964b2c0c48568a1c	1	1	1	0	0	2	1	3
590a3bcd8c36c731c7c20e8c	SEADES	CREAS - Tanque d'Arca	5951845c964b2c0c48568a1d	1	1	1	0	0	2	1	3
590a3bcd8c36c731c7c20e8c	SEADES	CREAS - Taquarana	5951845c964b2c0c48568a1e	1	1	1	0	0	2	1	3
590a3bcd8c36c731c7c20e8c	SEADES	CREAS - Teotônio Vilela	5951845c964b2c0c48568a1f	1	1	1	0	0	2	1	3
590a3bcd8c36c731c7c20e8c	SEADES	CREAS - Traipu	5951845c964b2c0c48568a20	1	1	1	0	0	2	1	3
590a3bcd8c36c731c7c20e8c	SEADES	CREAS - União Dos Palmares	5951845c964b2c0c48568a21	1	1	1	0	0	2	1	3
590a3bcd8c36c731c7c20e8c	SEADES	CREAS - Viçosa	5951845c964b2c0c48568a22	1	1	1	0	0	2	1	3
590a3bcd8c36c731c7c20e8c	SEADES	CRAS - Quebrângulo	595286e0964b2c0c48568a27	1	1	1	0	0	2	1	3
590a3bcd8c36c731c7c20e8c	SEADES	CRAS - Canapi	595286e0964b2c0c48568a28	1	1	1	0	0	2	1	3
590a3bcd8c36c731c7c20e8c	SEADES	CRAS - Joaquim Gomes	595286e0964b2c0c48568a29	1	1	1	0	0	2	1	3
590a3bcd8c36c731c7c20e8c	SEADES	CRAS -  São Brás	595286e0964b2c0c48568a2a	1	1	1	0	0	2	1	3
590a3bcd8c36c731c7c20e8c	SEADES	CRAS - Maragogi	595286e0964b2c0c48568a2b	1	1	1	0	0	2	1	3
590a3bcd8c36c731c7c20e8c	SEADES	CRAS - Jacuípe	595286e0964b2c0c48568a2c	1	1	1	0	0	2	1	3
590a3bcd8c36c731c7c20e8c	SEADES	CRAS - Roteiro	595286e0964b2c0c48568a2d	1	1	1	0	0	2	1	3
590a3bcd8c36c731c7c20e8c	SEADES	CRAS - Carneiros	595286e0964b2c0c48568a2e	1	1	1	0	0	2	1	3
590a3bcd8c36c731c7c20e8c	SEADES	CRAS - São Sebastião	595286e0964b2c0c48568a2f	1	1	1	0	0	2	1	3
590a3bcd8c36c731c7c20e8c	SEADES	CRAS - Cajueiro	595286e0964b2c0c48568a30	1	1	1	0	0	2	1	3
590a3bcd8c36c731c7c20e8c	SEADES	CRAS - Campo Alegre	595286e0964b2c0c48568a31	1	1	1	0	0	2	1	3
590a3bcd8c36c731c7c20e8c	SEADES	CRAS - Ibateguara	595286e0964b2c0c48568a32	1	1	1	0	0	2	1	3
590a3bcd8c36c731c7c20e8c	SEADES	CRAS - Arapiraca - Santa Edwiges	595286e0964b2c0c48568a33	1	1	1	0	0	2	1	3
590a3bcd8c36c731c7c20e8c	SEADES	CRAS - Arapiraca - João Paulo II	595286e0964b2c0c48568a34	1	1	1	0	0	2	1	3
590a3bcd8c36c731c7c20e8c	SEADES	CRAS - Rio Largo - Prefeito Antônio Lins de Souza	595286e0964b2c0c48568a35	1	1	1	0	0	2	1	3
590a3bcd8c36c731c7c20e8c	SEADES	CRAS - Rio Largo -  Mata do Rolo	595286e0964b2c0c48568a36	1	1	1	0	0	2	1	3
590a3bcd8c36c731c7c20e8c	SEADES	CRAS - Olivença	595286e0964b2c0c48568a37	1	1	1	0	0	2	1	3
590a3bcd8c36c731c7c20e8c	SEADES	CRAS - Chã Preta	595286e0964b2c0c48568a38	1	1	1	0	0	2	1	3
590a3bcd8c36c731c7c20e8c	SEADES	CRAS - Campestre	595286e0964b2c0c48568a39	1	1	1	0	0	2	1	3
590a3bcd8c36c731c7c20e8c	SEADES	CRAS - Marechal Deodoro	595286e0964b2c0c48568a3a	1	1	1	0	0	2	1	3
590a3bcd8c36c731c7c20e8c	SEADES	CRAS - Teotônio Vilela	595286e0964b2c0c48568a3b	1	1	1	0	0	2	1	3
590a3bcd8c36c731c7c20e8c	SEADES	CRAS - Satuba	595286e0964b2c0c48568a3c	1	1	1	0	0	2	1	3
590a3bcd8c36c731c7c20e8c	SEADES	CRAS - Belo Monte	595286e0964b2c0c48568a3d	1	1	1	0	0	2	1	3
590a3bcd8c36c731c7c20e8c	SEADES	CRAS - Colônia Leopoldina	595286e0964b2c0c48568a3e	1	1	1	0	0	2	1	3
590a3bcd8c36c731c7c20e8c	SEADES	CRAS - Pindoba	595286e0964b2c0c48568a3f	1	1	1	0	0	2	1	3
590a3bcd8c36c731c7c20e8c	SEADES	CRAS - São Miguel dos Milagres	595286e0964b2c0c48568a40	1	1	1	0	0	2	1	3
590a3bcd8c36c731c7c20e8c	SEADES	CRAS - Maceió - Barro Duro	595286e0964b2c0c48568a41	1	1	1	0	0	2	1	3
590a3bcd8c36c731c7c20e8c	SEADES	CRAS - Maceió - Clima Bom	595286e0964b2c0c48568a42	1	1	1	0	0	2	1	3
590a3bcd8c36c731c7c20e8c	SEADES	CRAS - Maceió - Santos Dumont	595286e0964b2c0c48568a43	1	1	1	0	0	2	1	3
590a3bcd8c36c731c7c20e8c	SEADES	CRAS - Maceió - Cidade Sorriso	595286e0964b2c0c48568a44	1	1	1	0	0	2	1	3
590a3bcd8c36c731c7c20e8c	SEADES	CRAS - Maceió - Bom Parto	595286e0964b2c0c48568a45	1	1	1	0	0	2	1	3
590a3bcd8c36c731c7c20e8c	SEADES	CRAS - São José da Tapera	595286e0964b2c0c48568a46	1	1	1	0	0	2	1	3
590a3bcd8c36c731c7c20e8c	SEADES	CRAS - Porto Real do Colégio	595286e0964b2c0c48568a47	1	1	1	0	0	2	1	3
590a3bcd8c36c731c7c20e8c	SEADES	CRAS - Minador do Negrão	595286e0964b2c0c48568a48	1	1	1	0	0	2	1	3
590a3bcd8c36c731c7c20e8c	SEADES	CRAS - Piaçabuçu	595286e0964b2c0c48568a49	1	1	1	0	0	2	1	3
590a3bcd8c36c731c7c20e8c	SEADES	CRAS - Boca da Mata	595286e0964b2c0c48568a4a	1	1	1	0	0	2	1	3
590a3bcd8c36c731c7c20e8c	SEADES	CRAS - Campo Alegre - Sebastião Oliveira Gomes	595286e0964b2c0c48568a4b	1	1	1	0	0	2	1	3
590a3bcd8c36c731c7c20e8c	SEADES	CRAS - Coité do Nóia	595286e0964b2c0c48568a4c	1	1	1	0	0	2	1	3
590a3bcd8c36c731c7c20e8c	SEADES	CRAS - Mata Grande	595286e0964b2c0c48568a4d	1	1	1	0	0	2	1	3
590a3bcd8c36c731c7c20e8c	SEADES	CRAS - Arapiraca - Planalto	595286e0964b2c0c48568a4e	1	1	1	0	0	2	1	3
590a3bcd8c36c731c7c20e8c	SEADES	CRAS - Arapiraca - Batingas	595286e0964b2c0c48568a4f	1	1	1	0	0	2	1	3
590a3bcd8c36c731c7c20e8c	SEADES	CRAS Rio Largo - Centro	595286e0964b2c0c48568a50	1	1	1	0	0	2	1	3
590a3bcd8c36c731c7c20e8c	SEADES	CRAS - Maravilha	595286e0964b2c0c48568a51	1	1	1	0	0	2	1	3
590a3bcd8c36c731c7c20e8c	SEADES	CRAS - Atalaia	595286e0964b2c0c48568a52	1	1	1	0	0	2	1	3
590a3bcd8c36c731c7c20e8c	SEADES	CRAS - Pindoba	595286e0964b2c0c48568a53	1	1	1	0	0	2	1	3
590a3bcd8c36c731c7c20e8c	SEADES	CRAS - Pilar - Santa Luzia/Chã do Pilar	595286e0964b2c0c48568a54	1	1	1	0	0	2	1	3
590a3bcd8c36c731c7c20e8c	SEADES	CRAS - Estrela de Alagoas	595286e0964b2c0c48568a55	1	1	1	0	0	2	1	3
590a3bcd8c36c731c7c20e8c	SEADES	CRAS - Maribondo	595286e0964b2c0c48568a56	1	1	1	0	0	2	1	3
590a3bcd8c36c731c7c20e8c	SEADES	CRAS - Penedo - Senhor do Bonfim	595286e0964b2c0c48568a57	1	1	1	0	0	2	1	3
590a3bcd8c36c731c7c20e8c	SEADES	CRAS - Penedo - Santo Antônio	595286e0964b2c0c48568a58	1	1	1	0	0	2	1	3
590a3bcd8c36c731c7c20e8c	SEADES	CRAS - Jequiá da Praia	595286e0964b2c0c48568a59	1	1	1	0	0	2	1	3
590a3bcd8c36c731c7c20e8c	SEADES	CRAS - Inhapi	595286e0964b2c0c48568a5a	1	1	1	0	0	2	1	3
590a3bcd8c36c731c7c20e8c	SEADES	CRAS - Delmiro Gouveia	595286e0964b2c0c48568a5b	1	1	1	0	0	2	1	3
590a3bcd8c36c731c7c20e8c	SEADES	CRAS - Campo Grande	595286e0964b2c0c48568a5c	1	1	1	0	0	2	1	3
590a3bcd8c36c731c7c20e8c	SEADES	CRAS - Piranhas	595286e0964b2c0c48568a5d	1	1	1	0	0	2	1	3
590a3bcd8c36c731c7c20e8c	SEADES	CRAS - Olho D'água do Casado	595286e0964b2c0c48568a5e	1	1	1	0	1	3	1	4
590a3bcd8c36c731c7c20e8c	SEADES	CRAS - Dois Riachos	595286e0964b2c0c48568a5f	1	1	1	0	0	2	1	3
590a3bcd8c36c731c7c20e8c	SEADES	CRAS - Belém	595286e0964b2c0c48568a60	1	1	1	0	0	2	1	3
590a3bcd8c36c731c7c20e8c	SEADES	CRAS - Pariconha	595286e0964b2c0c48568a61	1	1	1	0	0	2	1	3
590a3bcd8c36c731c7c20e8c	SEADES	CRAS - Porto Calvo	595286e0964b2c0c48568a62	1	1	1	0	0	2	1	3
590a3bcd8c36c731c7c20e8c	SEADES	CRAS - Maceió - Prado	595286e0964b2c0c48568a63	1	1	1	0	0	2	1	3
590a3bcd8c36c731c7c20e8c	SEADES	CRAS - Maceió - Bebedouro	595286e0964b2c0c48568a64	1	1	1	0	0	2	1	3
590a3bcd8c36c731c7c20e8c	SEADES	CRAS - Senador Rui Palmeira	595286e0964b2c0c48568a65	1	1	1	0	0	2	1	3
590a3bcd8c36c731c7c20e8c	SEADES	CRAS - Maceió - Vergel do Lago	595286e0964b2c0c48568a66	1	1	1	0	0	2	1	3
590a3bcd8c36c731c7c20e8c	SEADES	CRAS - Paulo Jacinto	595286e0964b2c0c48568a67	1	1	1	0	0	2	1	3
590a3bcd8c36c731c7c20e8c	SEADES	CRAS - Poço Das Trincheiras	595286e0964b2c0c48568a68	1	1	1	0	0	2	1	3
590a3bcd8c36c731c7c20e8c	SEADES	CRAS - Feira Grande	595286e0964b2c0c48568a69	1	1	1	0	0	2	1	3
590a3bcd8c36c731c7c20e8c	SEADES	CRAS - Paripueira	595286e0964b2c0c48568a6a	1	1	1	0	0	2	1	3
590a3bcd8c36c731c7c20e8c	SEADES	CRAS - Jundiá	595286e0964b2c0c48568a6b	1	1	1	0	0	2	1	3
590a3bcd8c36c731c7c20e8c	SEADES	CRAS - Anadia	595286e0964b2c0c48568a6c	1	1	1	0	0	2	1	3
590a3bcd8c36c731c7c20e8c	SEADES	CRAS - Passo de Camaragibe	595286e0964b2c0c48568a6d	1	1	1	0	0	2	1	3
590a3bcd8c36c731c7c20e8c	SEADES	CRAS - São José da Laje	595286e0964b2c0c48568a6e	1	1	1	0	0	2	1	3
590a3bcd8c36c731c7c20e8c	SEADES	CRAS - Junqueiro	595286e0964b2c0c48568a6f	1	1	1	0	0	2	1	3
590a3bcd8c36c731c7c20e8c	SEADES	CRAS - Girau do Ponciano	595286e0964b2c0c48568a70	1	1	1	0	0	2	1	3
590a3bcd8c36c731c7c20e8c	SEADES	CRAS - Arapiraca - Manoel Teles	595286e0964b2c0c48568a71	1	1	1	0	0	2	1	3
590a3bcd8c36c731c7c20e8c	SEADES	CRAS - Arapiraca - Senador Nilo Coelho	595286e0964b2c0c48568a72	1	1	1	0	0	2	1	3
590a3bcd8c36c731c7c20e8c	SEADES	CRAS - Olho D´água Das Flores	595286e0964b2c0c48568a75	1	1	1	0	0	2	1	3
590a3bcd8c36c731c7c20e8c	SEADES	CRAS - Taquarana	595286e0964b2c0c48568a76	1	1	1	0	0	2	1	3
590a3bcd8c36c731c7c20e8c	SEADES	CRAS - Jaramataia	595286e0964b2c0c48568a77	1	1	1	0	0	2	1	3
590a3bcd8c36c731c7c20e8c	SEADES	CRAS - Olho D´água Grande	595286e0964b2c0c48568a78	1	1	1	0	0	2	1	3
590a3bcd8c36c731c7c20e8c	SEADES	CRAS - Coruripe	595286e0964b2c0c48568a79	1	1	1	0	0	2	1	3
590a3bcd8c36c731c7c20e8c	SEADES	CRAS - Santa Luzia do Norte	595286e0964b2c0c48568a7a	1	1	1	0	0	2	1	3
590a3bcd8c36c731c7c20e8c	SEADES	CRAS - Igreja Nova	595286e0964b2c0c48568a7b	1	1	1	0	0	2	1	3
590a3bcd8c36c731c7c20e8c	SEADES	CRAS - Ouro Branco	595286e0964b2c0c48568a7c	1	1	1	0	0	2	1	3
590a3bcd8c36c731c7c20e8c	SEADES	CRAS - Barra de São Miguel	595286e0964b2c0c48568a7d	1	1	1	0	0	2	1	3
590a3bcd8c36c731c7c20e8c	SEADES	CRAS - Viçosa	595286e0964b2c0c48568a7f	1	1	1	0	0	2	1	3
590a3bcd8c36c731c7c20e8c	SEADES	CRAS - Lagoa da Canoa	595286e0964b2c0c48568a80	1	1	1	0	0	2	1	3
590a3bcd8c36c731c7c20e8c	SEADES	CRAS - Traipu	595286e0964b2c0c48568a81	1	1	1	0	0	2	1	3
590a3bcd8c36c731c7c20e8c	SEADES	CRAS - Teotônio Vilela	595286e0964b2c0c48568a82	1	1	1	0	0	2	1	3
590a3bcd8c36c731c7c20e8c	SEADES	CRAS - Palestina	595286e0964b2c0c48568a83	1	1	1	0	0	2	1	3
590a3bcd8c36c731c7c20e8c	SEADES	CRAS - Mar Vermelho	595286e0964b2c0c48568a84	1	1	1	0	0	2	1	3
590a3bcd8c36c731c7c20e8c	SEADES	CRAS - Igaci	595286e0964b2c0c48568a85	1	1	1	0	0	2	1	3
590a3bcd8c36c731c7c20e8c	SEADES	CRAS - Flexeiras	595286e0964b2c0c48568a86	1	1	1	0	0	2	1	3
590a3bcd8c36c731c7c20e8c	SEADES	CRAS - Cajueiro	595286e0964b2c0c48568a87	1	1	1	0	0	2	1	3
590a3bcd8c36c731c7c20e8c	SEADES	CRAS - Maceió - Fernão Velho	595286e0964b2c0c48568a88	1	1	1	0	0	2	1	3
590a3bcd8c36c731c7c20e8c	SEADES	CRAS - Maceió - Jacintinho	595286e0964b2c0c48568a89	1	1	1	0	0	2	1	3
590a3bcd8c36c731c7c20e8c	SEADES	CRAS - Maceió - Pitanguinha	595286e0964b2c0c48568a8a	1	1	1	0	0	2	1	3
590a3bcd8c36c731c7c20e8c	SEADES	CRAS - Major Isidoro	595286e0964b2c0c48568a8b	1	1	1	0	0	2	1	3
590a3bcd8c36c731c7c20e8c	SEADES	CRAS - Messias	595286e0964b2c0c48568a8c	1	1	1	0	0	2	1	3
590a3bcd8c36c731c7c20e8c	SEADES	CRAS -  São José da Tapera	595286e0964b2c0c48568a8d	1	1	1	0	0	2	1	3
590a3bcd8c36c731c7c20e8c	SEADES	CRAS - Feliz Deserto	595286e0964b2c0c48568a8e	1	1	1	0	0	2	1	3
590a3bcd8c36c731c7c20e8c	SEADES	CRAS - Arapiraca - Canafístula	595286e0964b2c0c48568a8f	1	1	1	0	0	2	1	3
590a3bcd8c36c731c7c20e8c	SEADES	CRAS - Arapiraca - Brasília	595286e0964b2c0c48568a90	1	1	1	0	0	2	1	3
590a3bcd8c36c731c7c20e8c	SEADES	CRAS - Craíbas	595286e0964b2c0c48568a91	1	1	1	0	0	2	1	3
590a3bcd8c36c731c7c20e8c	SEADES	CRAS - Murici	595286e0964b2c0c48568a92	1	1	1	0	0	2	1	3
590a3bcd8c36c731c7c20e8c	SEADES	CRAS - Cacimbinhas	595286e0964b2c0c48568a93	1	1	1	0	0	2	1	3
590a3bcd8c36c731c7c20e8c	SEADES	CRAS - Água Branca	595286e0964b2c0c48568a94	1	1	1	0	0	2	1	3
590a3bcd8c36c731c7c20e8c	SEADES	CRAS - Maceió - Jacintinho	595286e0964b2c0c48568a95	1	1	1	0	0	2	1	3
590a3bcd8c36c731c7c20e8c	SEADES	CRAS - Maceió - Benedito Bentes.	595286e0964b2c0c48568a96	1	1	1	0	0	2	1	3
590a3bcd8c36c731c7c20e8c	SEADES	CRAS - Maceió - Cidade Universitária	595286e0964b2c0c48568a97	1	1	1	0	0	2	1	3
590a3bcd8c36c731c7c20e8c	SEADES	CRAS - Pilar	595286e0964b2c0c48568a98	1	1	1	0	0	2	1	3
590a3bcd8c36c731c7c20e8c	SEADES	CRAS - Limoeiro de Anadia	595286e0964b2c0c48568a99	1	1	1	0	0	2	1	3
590a3bcd8c36c731c7c20e8c	SEADES	CRAS - Porto Real do Colégio	595286e0964b2c0c48568a9a	1	1	1	0	0	2	1	3
590a3bcd8c36c731c7c20e8c	SEADES	CRAS - Maceió - Prado	595286e0964b2c0c48568a9b	1	1	1	0	0	2	1	3
590a3bcd8c36c731c7c20e8c	SEADES	CRAS - Japaratinga	595286e0964b2c0c48568a9c	1	1	1	0	0	2	1	3
590a3bcd8c36c731c7c20e8c	SEADES	CRAS - Pão de Açúcar	595286e0964b2c0c48568a9d	1	1	1	0	0	2	1	3
590a3bcd8c36c731c7c20e8c	SEADES	CRAS - Pão de Açúcar	595286e0964b2c0c48568a9e	1	1	1	0	0	2	1	3
590a3bcd8c36c731c7c20e8c	SEADES	CRAS - Branquinha	595286e0964b2c0c48568a9f	1	1	1	0	0	2	1	3
590a3bcd8c36c731c7c20e8c	SEADES	CRAS - Tanque D´arca	595286e0964b2c0c48568aa0	1	1	1	0	0	2	1	3
590a3bcd8c36c731c7c20e8c	SEADES	CRAS - Coqueiro Seco	595286e0964b2c0c48568aa1	1	1	1	0	0	2	1	3
590a3bcd8c36c731c7c20e8c	SEADES	CRAS - Batalha	595286e0964b2c0c48568aa2	1	1	1	0	0	2	1	3
590a3bcd8c36c731c7c20e8c	SEADES	CRAS - União Dos Palmares	595286e0964b2c0c48568aa3	1	1	1	0	0	2	1	3
590a3bcd8c36c731c7c20e8c	SEADES	CRAS - Matriz de Camaragibe	595286e0964b2c0c48568aa4	1	1	1	0	0	2	1	3
590a3bcd8c36c731c7c20e8c	SEADES	CRAS - Teotônio Vilela	595286e0964b2c0c48568aa5	1	1	1	0	0	2	1	3
590a3bcd8c36c731c7c20e8c	SEADES	CRAS - Jacaré Dos Homens	595286e0964b2c0c48568aa6	1	1	1	0	0	2	1	3
590a3bcd8c36c731c7c20e8c	SEADES	CRAS - União Dos Palmares	595286e0964b2c0c48568aa7	1	1	1	0	0	2	1	3
590a3bcd8c36c731c7c20e8c	SEADES	CRAS - Monteirópolis	595286e0964b2c0c48568aa8	1	1	1	0	0	2	1	3
590a3bcd8c36c731c7c20e8c	SEADES	CRAS - Porto de Pedras	595286e0964b2c0c48568aa9	1	1	1	0	0	2	1	3
590a3bcd8c36c731c7c20e8c	SEADES	CRAS - São Miguel Dos Campos - Povoado Coité de Baixo	595286e0964b2c0c48568aaa	1	1	1	0	0	2	1	3
590a3bcd8c36c731c7c20e8c	SEADES	CRAS - Barra de Santo Antônio	595286e0964b2c0c48568aab	1	1	1	0	0	2	1	3
590a3bcd8c36c731c7c20e8c	SEADES	CRAS - Novo Lino	595286e0964b2c0c48568aac	1	1	1	0	0	2	1	3
590a3bcd8c36c731c7c20e8c	SEADES	CRAS - São Miguel dos Campos	595286e0964b2c0c48568aad	1	1	1	0	0	2	1	3
590a3bcd8c36c731c7c20e8c	SEADES	CRAS - Santana do Mundaú	595286e0964b2c0c48568aae	1	1	1	0	0	2	1	3
590a3bcd8c36c731c7c20e8c	SEADES	CRAS - Santana do Ipanema	595286e0964b2c0c48568aaf	1	1	1	0	0	2	1	3
590a3bcd8c36c731c7c20e8c	SEADES	Restaurante Popular Prato Cheio	599db3e78c36c71bf1363749	1	1	1	0	1	3	1	4
57754bce8c36c702ca000003	SEBRAE	Sala do Empreendedor - SEBRAE - Central Já! Shopping Pátio Maceió	577645378c36c732b3000000	1	1	1	1	1	3	2	5
577e999e8c36c72d65000000	SMTT	SMTT - Central Já! Maceió Shopping	577e9cee8c36c73226000000	1	1	1	1	1	3	2	5
56d6e60b8c36c706ac000007	PROCON	Procon - Farol	575057588c36c71ba4000016	1	1	1	0	1	3	1	4
56d6e60b8c36c706ac000007	PROCON	Procon - Central Já! Shopping Farol	575057f78c36c71ba4000017	1	1	1	0	1	3	1	4
56d6e60b8c36c706ac000007	PROCON	Procon - Central Já! Maceió Shopping	57505b2d8c36c71ba4000018	1	1	1	1	1	3	2	5
56d6e60b8c36c706ac000007	PROCON	Procon - Central  Já! Shopping Pátio	57505cbc8c36c71ba4000019	1	1	1	1	1	3	2	5
56d6e60b8c36c706ac000007	PROCON	Procon - Faculdade Maurício de Nassau	57505d3f8c36c71ba400001b	1	1	1	0	1	3	1	4
56d6e60b8c36c706ac000007	PROCON	Procon - Faculdade Seune, Núcleo de Prática Jurídica da Seune	57505d758c36c71ba400001c	1	1	1	0	1	3	1	4
56d6e60b8c36c706ac000007	PROCON	Procon - Delmiro Gouveia	57505dac8c36c71ba400001d	1	1	1	0	1	3	1	4
56d6e60b8c36c706ac000007	PROCON	Procon - Central Já! Arapiraca	57505df48c36c71ba400001e	1	1	1	1	1	3	2	5
56d6e60b8c36c706ac000007	PROCON	Procon -  Central Já! Porto Calvo	57505e348c36c71ba400001f	1	1	1	1	1	3	2	5
56d6e60b8c36c706ac000007	PROCON	Procon -  Central Já! São Miguel dos Campos	57505edb8c36c71ba4000021	1	1	1	1	1	3	2	5
56d6e60b8c36c706ac000007	PROCON	Procon - Palmeira do Índios	57505f058c36c71ba4000022	1	1	1	1	1	3	2	5
56d6e60b8c36c706ac000007	PROCON	Procon - Central Já! Penedo	57d2b13f8c36c70900000001	1	1	1	1	1	3	2	5
58e233698c36c738a1844d9a	None	teste1	599ddc038c36c73ba808f12d	1	1	1	1	1	3	2	5
