ID ORGAO	SIGLA	id Serv.	NomeServico*	NomeServico*: 	NomesPopulares: 	DescricaoServico*: 	Gratuidade	Custo	ComentariosCusto	UnidadeAtendim*: 	Tempo: 	Outras Informacoes: 	Solicitante*: 	Categoria*: 	Publico Alvo*: 	Comentarios Tempo: 	Quantidade etapas: 	Soma Titulo	Soma Descricao	Soma Documentos	Soma casos Documentos	Soma Channels	Soma Cost	Campos Obrigatorios 8 totais:	Campos Opcionais 8 totais: 	COMPLETUDE 16 totais:	BUFFER ETAPAS
596e172e8c36c75d14a5a8a7	ARSAL	59a70cf18c36c76c54eb4f97	Taxa de Fiscalização (Transporte Intermunicipal/Arsal)	1	1	1	True	1	1	1	1	0	1	1	1	1	1	5	5	48	0	7	1	16	6	22	['Etapa: ', 1, 'Title', 1, 'Etapa: ', 1, 'Description', 1, 'Etapa: ', 1, 'Documents', 1, 'Etapa: ', 1, 'Documents', 1, 'Etapa: ', 1, 'Documents', 1, 'Etapa: ', 1, 'Documents', 1, 'Etapa: ', 1, 'Type Channel', 1, 'Etapa: ', 1, 'Cost', 1, 'Etapa: ', 1, 'Title', 1, 'Etapa: ', 1, 'Description', 1, 'Etapa: ', 1, 'Documents', 1, 'Etapa: ', 1, 'Documents', 1, 'Etapa: ', 1, 'Documents', 1, 'Etapa: ', 1, 'Documents', 1, 'Etapa: ', 1, 'Documents', 1, 'Etapa: ', 1, 'Documents', 1, 'Etapa: ', 1, 'Documents', 1, 'Etapa: ', 1, 'Documents', 1, 'Etapa: ', 1, 'Documents', 1, 'Etapa: ', 1, 'Documents', 1, 'Etapa: ', 1, 'Documents', 1, 'Etapa: ', 1, 'Documents', 1, 'Etapa: ', 1, 'Type Channel', 1, 'Etapa: ', 1, 'Cost', 1, 'Etapa: ', 1, 'Title', 1, 'Etapa: ', 1, 'Description', 1, 'Etapa: ', 1, 'Documents', 1, 'Etapa: ', 1, 'Documents', 1, 'Etapa: ', 1, 'Documents', 1, 'Etapa: ', 1, 'Documents', 1, 'Etapa: ', 1, 'Documents', 1, 'Etapa: ', 1, 'Type Channel', 1, 'Etapa: ', 1, 'Cost', 1, 'Etapa: ', 1, 'Title', 1, 'Etapa: ', 1, 'Description', 1, 'Etapa: ', 1, 'Documents', 1, 'Etapa: ', 1, 'Documents', 1, 'Etapa: ', 1, 'Documents', 1, 'Etapa: ', 1, 'Documents', 1, 'Etapa: ', 1, 'Documents', 1, 'Etapa: ', 1, 'Documents', 1, 'Etapa: ', 1, 'Documents', 1, 'Etapa: ', 1, 'Documents', 1, 'Etapa: ', 1, 'Documents', 1, 'Etapa: ', 1, 'Documents', 1, 'Etapa: ', 1, 'Documents', 1, 'Etapa: ', 1, 'Documents', 1, 'Etapa: ', 1, 'Documents', 1, 'Etapa: ', 1, 'Documents', 1, 'Etapa: ', 1, 'Documents', 1, 'Etapa: ', 1, 'Documents', 1, 'Etapa: ', 1, 'Documents', 1, 'Etapa: ', 1, 'Documents', 1, 'Etapa: ', 1, 'Documents', 1, 'Etapa: ', 1, 'Documents', 1, 'Etapa: ', 1, 'Documents', 1, 'Etapa: ', 1, 'Documents', 1, 'Etapa: ', 1, 'Documents', 1, 'Etapa: ', 1, 'Documents', 1, 'Etapa: ', 1, 'Documents', 1, 'Etapa: ', 1, 'Documents', 1, 'Etapa: ', 1, 'Type Channel', 1, 'Etapa: ', 1, 'Cost', 1, 'Etapa: ', 1, 'Title', 1, 'Etapa: ', 1, 'Description', 1, 'Etapa: ', 1, 'Documents', 1, 'Etapa: ', 1, 'Type Channel', 1, 'Etapa: ', 1, 'Type Channel', 1, 'Etapa: ', 1, 'Type Channel', 1, 'Etapa: ', 1, 'Cost', 1, 'Etapa: ', 1, 'Cost description', 1]
596e172e8c36c75d14a5a8a7	ARSAL	59a72f068c36c72eaf6a69d3	Taxa de Outorga (Transporte Intermunicipal/Arsal)	1	1	1	True	1	0	1	1	0	1	1	1	0	1	1	1	1	0	3	1	8	4	12	['Etapa: ', 1, 'Title', 1, 'Etapa: ', 1, 'Description', 1, 'Etapa: ', 1, 'Documents', 1, 'Etapa: ', 1, 'Type Channel', 1, 'Etapa: ', 1, 'Type Channel', 1, 'Etapa: ', 1, 'Type Channel', 1, 'Etapa: ', 1, 'Cost', 1, 'Etapa: ', 1, 'Cost description', 0]
596e172e8c36c75d14a5a8a7	ARSAL	59a824a48c36c73d5bf03386	Taxa de Parcelamento (Transporte Intermunicipal/Arsal)	1	1	1	True	1	0	1	1	0	1	1	1	1	1	3	3	3	0	9	1	12	5	17	['Etapa: ', 1, 'Title', 1, 'Etapa: ', 1, 'Description', 1, 'Etapa: ', 1, 'Documents', 1, 'Etapa: ', 1, 'Type Channel', 1, 'Etapa: ', 1, 'Type Channel', 1, 'Etapa: ', 1, 'Type Channel', 1, 'Etapa: ', 1, 'Cost', 1, 'Etapa: ', 1, 'Title', 1, 'Etapa: ', 1, 'Description', 1, 'Etapa: ', 1, 'Documents', 1, 'Etapa: ', 1, 'Type Channel', 1, 'Etapa: ', 1, 'Type Channel', 1, 'Etapa: ', 1, 'Type Channel', 1, 'Etapa: ', 1, 'Cost', 1, 'Etapa: ', 1, 'Title', 1, 'Etapa: ', 1, 'Description', 1, 'Etapa: ', 1, 'Documents', 1, 'Etapa: ', 1, 'Type Channel', 1, 'Etapa: ', 1, 'Type Channel', 1, 'Etapa: ', 1, 'Type Channel', 1, 'Etapa: ', 1, 'Cost', 1, 'Etapa: ', 1, 'Cost description', 0]
596e172e8c36c75d14a5a8a7	ARSAL	59a8274f8c36c73d5bf0338a	Taxa de Baixa e Inclusão (Transporte Intermunicipal/Arsal)	1	1	1	True	1	0	1	1	0	1	1	1	1	1	2	1	3	0	4	1	9	5	14	['Etapa: ', 1, 'Title', 1, 'Etapa: ', 1, 'Description', 0, 'Etapa: ', 1, 'Documents', 1, 'Etapa: ', 1, 'Documents', 1, 'Etapa: ', 1, 'Type Channel', 1, 'Etapa: ', 1, 'Cost', 1, 'Etapa: ', 1, 'Title', 1, 'Etapa: ', 1, 'Description', 1, 'Etapa: ', 1, 'Documents', 1, 'Etapa: ', 1, 'Type Channel', 1, 'Etapa: ', 1, 'Type Channel', 1, 'Etapa: ', 1, 'Type Channel', 1, 'Etapa: ', 1, 'Cost', 1, 'Etapa: ', 1, 'Cost description', 0]
596e172e8c36c75d14a5a8a7	ARSAL	59a828eb8c36c749831b85fd	Certidão Negativa de Débitos (Transporte Intermunicipal/Arsal)	1	1	1	False	1	0	1	1	0	1	1	1	1	1	1	1	2	0	1	1	8	5	13	['Etapa: ', 1, 'Title', 1, 'Etapa: ', 1, 'Description', 1, 'Etapa: ', 1, 'Documents', 1, 'Etapa: ', 1, 'Documents', 1, 'Etapa: ', 1, 'Type Channel', 1, 'Etapa: ', 1, 'Cost', 1]
596e172e8c36c75d14a5a8a7	ARSAL	59a82b9a8c36c74b01f778f7	Taxa Fretamento (Transporte Intermunicipal/Arsal)	1	1	1	True	1	0	1	1	0	1	1	1	1	1	1	1	0	0	0	0	8	5	13	['Etapa: ', 1, 'Title', 1, 'Etapa: ', 1, 'Description', 1]
596e172e8c36c75d14a5a8a7	ARSAL	59a82e328c36c74b01f778f9	Taxa do Talão de Fretamento (Transporte Intermunicipal/Arsal)	1	1	1	True	1	0	1	1	0	1	1	1	1	1	1	1	2	0	3	1	8	5	13	['Etapa: ', 1, 'Title', 1, 'Etapa: ', 1, 'Description', 1, 'Etapa: ', 1, 'Documents', 1, 'Etapa: ', 1, 'Documents', 1, 'Etapa: ', 1, 'Type Channel', 1, 'Etapa: ', 1, 'Type Channel', 1, 'Etapa: ', 1, 'Type Channel', 1, 'Etapa: ', 1, 'Cost', 1, 'Etapa: ', 1, 'Cost description', 0]
596e172e8c36c75d14a5a8a7	ARSAL	59a831228c36c74b01f778fb	Reclamação (Ouvidoria Arsal)	1	1	1	False	1	0	1	1	1	1	1	1	1	1	1	1	4	0	4	1	8	6	14	['Etapa: ', 1, 'Title', 1, 'Etapa: ', 1, 'Description', 1, 'Etapa: ', 1, 'Documents', 1, 'Etapa: ', 1, 'Documents', 1, 'Etapa: ', 1, 'Documents', 1, 'Etapa: ', 1, 'Documents', 1, 'Etapa: ', 1, 'Type Channel', 1, 'Etapa: ', 1, 'Type Channel', 1, 'Etapa: ', 1, 'Type Channel', 1, 'Etapa: ', 1, 'Type Channel', 1, 'Etapa: ', 1, 'Cost', 1]
57501cd88c36c718eb000009	ADEAL	59cbe92e8c36c71c557215a2	Declaração de Vacinação de Febre Aftosa	1	1	1	False	1	0	1	1	0	1	1	1	0	1	2	2	3	0	2	1	10	4	14	['Etapa: ', 1, 'Title', 1, 'Etapa: ', 1, 'Description', 1, 'Etapa: ', 1, 'Documents', 1, 'Etapa: ', 1, 'Documents', 1, 'Etapa: ', 1, 'Type Channel', 1, 'Etapa: ', 1, 'Title', 1, 'Etapa: ', 1, 'Description', 1, 'Etapa: ', 1, 'Documents', 1, 'Etapa: ', 1, 'Type Channel', 1, 'Etapa: ', 1, 'Cost', 1]
577546098c36c702ca000002	Alagoas Previdência	592724088c36c75435a0a9f5	Solicitação de revisão de pensão	1	1	0	False	1	0	1	1	0	1	1	1	1	2	2	2	4	2	2	1	7	5	12	['Etapa: ', 1, 'Title', 1, 'Etapa: ', 1, 'Description', 1, 'Etapa: ', 1, 'Documents', 1, 'Etapa: ', 1, 'Documents', 1, 'Etapa: ', 1, 'Documents', 1, 'Etapa: ', 1, 'Documents Cases', 1, 'Etapa: ', 1, 'Type Channel', 1, 'Etapa: ', 1, 'Cost', 1, 'Etapa: ', 2, 'Title', 1, 'Etapa: ', 2, 'Description', 1, 'Etapa: ', 2, 'Documents', 1, 'Etapa: ', 2, 'Documents Cases', 1, 'Etapa: ', 2, 'Type Channel', 1, 'Etapa: ', 2, 'Cost', 1]
577546098c36c702ca000002	Alagoas Previdência	59282c2d8c36c76c177346bd	Solicitação de Pensão por morte na qualidade de cônjuge	1	1	1	False	1	0	1	1	1	1	1	1	1	2	2	2	4	0	2	1	8	6	14	['Etapa: ', 1, 'Title', 1, 'Etapa: ', 1, 'Description', 1, 'Etapa: ', 1, 'Documents', 1, 'Etapa: ', 1, 'Documents', 1, 'Etapa: ', 1, 'Documents', 1, 'Etapa: ', 1, 'Type Channel', 1, 'Etapa: ', 1, 'Cost', 1, 'Etapa: ', 2, 'Title', 1, 'Etapa: ', 2, 'Description', 1, 'Etapa: ', 2, 'Documents', 1, 'Etapa: ', 2, 'Type Channel', 1, 'Etapa: ', 2, 'Cost', 1]
577546098c36c702ca000002	Alagoas Previdência	592833788c36c76c177346c0	Solicitação  de Pensão por morte na qualidade de companheiro (a) / convivente	1	1	1	False	1	0	1	1	1	1	1	1	1	2	2	2	4	0	2	1	8	6	14	['Etapa: ', 1, 'Title', 1, 'Etapa: ', 1, 'Description', 1, 'Etapa: ', 1, 'Documents', 1, 'Etapa: ', 1, 'Documents', 1, 'Etapa: ', 1, 'Documents', 1, 'Etapa: ', 1, 'Type Channel', 1, 'Etapa: ', 1, 'Cost', 1, 'Etapa: ', 2, 'Title', 1, 'Etapa: ', 2, 'Description', 1, 'Etapa: ', 2, 'Documents', 1, 'Etapa: ', 2, 'Type Channel', 1, 'Etapa: ', 2, 'Cost', 1]
577546098c36c702ca000002	Alagoas Previdência	5928371c8c36c76c177346c2	Solicitação de continuidade de pensão por morte na qualidade de filho (a) maior universitário (a)	1	1	1	False	1	0	1	1	1	1	1	1	1	2	2	2	4	0	2	1	8	6	14	['Etapa: ', 1, 'Title', 1, 'Etapa: ', 1, 'Description', 1, 'Etapa: ', 1, 'Documents', 1, 'Etapa: ', 1, 'Documents', 1, 'Etapa: ', 1, 'Documents', 1, 'Etapa: ', 1, 'Type Channel', 1, 'Etapa: ', 1, 'Cost', 1, 'Etapa: ', 2, 'Title', 1, 'Etapa: ', 2, 'Description', 1, 'Etapa: ', 2, 'Documents', 1, 'Etapa: ', 2, 'Type Channel', 1, 'Etapa: ', 2, 'Cost', 1]
577546098c36c702ca000002	Alagoas Previdência	592839c18c36c76c177346c4	Solicitação de Pensão por morte na qualidade de filho maior NÃO universitário (a)	1	1	1	False	1	0	1	1	1	1	1	1	1	2	2	2	4	0	2	1	8	6	14	['Etapa: ', 1, 'Title', 1, 'Etapa: ', 1, 'Description', 1, 'Etapa: ', 1, 'Documents', 1, 'Etapa: ', 1, 'Documents', 1, 'Etapa: ', 1, 'Documents', 1, 'Etapa: ', 1, 'Type Channel', 1, 'Etapa: ', 1, 'Cost', 1, 'Etapa: ', 2, 'Title', 1, 'Etapa: ', 2, 'Description', 1, 'Etapa: ', 2, 'Documents', 1, 'Etapa: ', 2, 'Type Channel', 1, 'Etapa: ', 2, 'Cost', 1]
577546098c36c702ca000002	Alagoas Previdência	59283c988c36c76c177346c6	Solicitação de Pensão por morte na qualidade de filho(a) menor	1	1	1	False	1	0	1	1	1	1	1	1	1	2	2	2	4	0	1	1	8	6	14	['Etapa: ', 1, 'Title', 1, 'Etapa: ', 1, 'Description', 1, 'Etapa: ', 1, 'Documents', 1, 'Etapa: ', 1, 'Documents', 1, 'Etapa: ', 1, 'Documents', 1, 'Etapa: ', 2, 'Title', 1, 'Etapa: ', 2, 'Description', 1, 'Etapa: ', 2, 'Documents', 1, 'Etapa: ', 2, 'Type Channel', 1, 'Etapa: ', 2, 'Cost', 1]
577546098c36c702ca000002	Alagoas Previdência	59283e138c36c76c177346c8	Solicitação de Pensão por morte na qualidade de filho inválido	1	1	1	False	1	0	1	1	1	1	1	1	1	2	2	2	3	0	1	1	8	6	14	['Etapa: ', 1, 'Title', 1, 'Etapa: ', 1, 'Description', 1, 'Etapa: ', 1, 'Documents', 1, 'Etapa: ', 1, 'Documents', 1, 'Etapa: ', 1, 'Documents', 1, 'Etapa: ', 1, 'Type Channel', 1, 'Etapa: ', 1, 'Cost', 1, 'Etapa: ', 2, 'Title', 1, 'Etapa: ', 2, 'Description', 1]
577546098c36c702ca000002	Alagoas Previdência	59283f3b8c36c76c177346ca	Solicitação de Pensão por morte na qualidade de tutelado	1	1	1	False	1	0	1	1	1	1	1	1	1	1	1	1	3	0	1	1	8	6	14	['Etapa: ', 1, 'Title', 1, 'Etapa: ', 1, 'Description', 1, 'Etapa: ', 1, 'Documents', 1, 'Etapa: ', 1, 'Documents', 1, 'Etapa: ', 1, 'Documents', 1, 'Etapa: ', 1, 'Type Channel', 1, 'Etapa: ', 1, 'Cost', 1]
577546098c36c702ca000002	Alagoas Previdência	592840b68c36c76c177346cc	Solicitação de Pensão por morte na qualidade de curatelado	1	1	1	False	1	0	1	1	1	1	1	1	1	2	2	2	4	0	2	1	8	6	14	['Etapa: ', 1, 'Title', 1, 'Etapa: ', 1, 'Description', 1, 'Etapa: ', 1, 'Documents', 1, 'Etapa: ', 1, 'Documents', 1, 'Etapa: ', 1, 'Documents', 1, 'Etapa: ', 1, 'Type Channel', 1, 'Etapa: ', 1, 'Cost', 1, 'Etapa: ', 2, 'Title', 1, 'Etapa: ', 2, 'Description', 1, 'Etapa: ', 2, 'Documents', 1, 'Etapa: ', 2, 'Type Channel', 1, 'Etapa: ', 2, 'Cost', 1]
577546098c36c702ca000002	Alagoas Previdência	592852688c36c70a692e21ad	Solicitação de Pensão por morte na qualidade de ex-esposa ou ex-convivente com percepção de alimentos.	1	1	1	False	1	0	1	1	1	1	1	1	1	2	2	2	4	0	2	1	8	6	14	['Etapa: ', 1, 'Title', 1, 'Etapa: ', 1, 'Description', 1, 'Etapa: ', 1, 'Documents', 1, 'Etapa: ', 1, 'Documents', 1, 'Etapa: ', 1, 'Documents', 1, 'Etapa: ', 1, 'Type Channel', 1, 'Etapa: ', 1, 'Cost', 1, 'Etapa: ', 2, 'Title', 1, 'Etapa: ', 2, 'Description', 1, 'Etapa: ', 2, 'Documents', 1, 'Etapa: ', 2, 'Type Channel', 1, 'Etapa: ', 2, 'Cost', 1]
577546098c36c702ca000002	Alagoas Previdência	5928553e8c36c70a692e21af	Solicitação de Imunidade de Contribuição Previdenciária para os pensionitas	1	1	1	False	1	0	1	1	1	1	1	1	1	3	3	3	4	0	3	1	8	6	14	['Etapa: ', 1, 'Title', 1, 'Etapa: ', 1, 'Description', 1, 'Etapa: ', 1, 'Documents', 1, 'Etapa: ', 1, 'Documents', 1, 'Etapa: ', 1, 'Type Channel', 1, 'Etapa: ', 1, 'Cost', 1, 'Etapa: ', 2, 'Title', 1, 'Etapa: ', 2, 'Description', 1, 'Etapa: ', 2, 'Documents', 1, 'Etapa: ', 2, 'Type Channel', 1, 'Etapa: ', 2, 'Cost', 1, 'Etapa: ', 3, 'Title', 1, 'Etapa: ', 3, 'Description', 1, 'Etapa: ', 3, 'Documents', 1, 'Etapa: ', 3, 'Type Channel', 1, 'Etapa: ', 3, 'Cost', 1]
577546098c36c702ca000002	Alagoas Previdência	5928573b8c36c70a692e21b1	Solicitação de Alteração de Dados Cadastrais para pensionista	1	1	1	False	1	0	1	1	1	1	1	1	1	1	1	1	2	0	1	1	8	6	14	['Etapa: ', 1, 'Title', 1, 'Etapa: ', 1, 'Description', 1, 'Etapa: ', 1, 'Documents', 1, 'Etapa: ', 1, 'Documents', 1, 'Etapa: ', 1, 'Type Channel', 1, 'Etapa: ', 1, 'Cost', 1]
577546098c36c702ca000002	Alagoas Previdência	59285d2e8c36c70a692e21b5	Solicitação de Declaração de Percentual de Rateio	1	1	1	False	1	0	1	1	0	1	1	1	0	2	2	2	3	0	2	1	8	4	12	['Etapa: ', 1, 'Title', 1, 'Etapa: ', 1, 'Description', 1, 'Etapa: ', 1, 'Documents', 1, 'Etapa: ', 1, 'Documents', 1, 'Etapa: ', 1, 'Type Channel', 1, 'Etapa: ', 1, 'Cost', 1, 'Etapa: ', 2, 'Title', 1, 'Etapa: ', 2, 'Description', 1, 'Etapa: ', 2, 'Documents', 1, 'Etapa: ', 2, 'Type Channel', 1, 'Etapa: ', 2, 'Cost', 1]
577546098c36c702ca000002	Alagoas Previdência	59285eaf8c36c718224a0a91	Solicitação de declaração de que é ou não é pensionista de pensão por morte	1	1	1	False	1	0	1	1	0	1	1	1	0	2	2	2	3	0	2	1	8	4	12	['Etapa: ', 1, 'Title', 1, 'Etapa: ', 1, 'Description', 1, 'Etapa: ', 1, 'Documents', 1, 'Etapa: ', 1, 'Documents', 1, 'Etapa: ', 1, 'Type Channel', 1, 'Etapa: ', 1, 'Cost', 1, 'Etapa: ', 2, 'Title', 1, 'Etapa: ', 2, 'Description', 1, 'Etapa: ', 2, 'Documents', 1, 'Etapa: ', 2, 'Type Channel', 1, 'Etapa: ', 2, 'Cost', 1]
577546098c36c702ca000002	Alagoas Previdência	5928660d8c36c7194dee8bbb	Declaração de que é servidor (a) aposentado (a)	1	1	1	False	1	0	1	1	0	1	1	1	0	2	2	2	3	0	2	1	8	4	12	['Etapa: ', 1, 'Title', 1, 'Etapa: ', 1, 'Description', 1, 'Etapa: ', 1, 'Documents', 1, 'Etapa: ', 1, 'Documents', 1, 'Etapa: ', 1, 'Type Channel', 1, 'Etapa: ', 1, 'Cost', 1, 'Etapa: ', 2, 'Title', 1, 'Etapa: ', 2, 'Description', 1, 'Etapa: ', 2, 'Documents', 1, 'Etapa: ', 2, 'Type Channel', 1, 'Etapa: ', 2, 'Cost', 1]
577546098c36c702ca000002	Alagoas Previdência	592868088c36c7194dee8bbd	Revisão dos Proventos de Aposentadoria	1	1	1	False	1	0	1	1	0	1	1	1	0	2	2	2	2	0	1	1	8	4	12	['Etapa: ', 1, 'Title', 1, 'Etapa: ', 1, 'Description', 1, 'Etapa: ', 1, 'Documents', 1, 'Etapa: ', 1, 'Documents', 1, 'Etapa: ', 1, 'Type Channel', 1, 'Etapa: ', 1, 'Cost', 1, 'Etapa: ', 2, 'Title', 1, 'Etapa: ', 2, 'Description', 1]
577546098c36c702ca000002	Alagoas Previdência	59286d698c36c7194dee8bbf	Solicitação de inclusão de dependente para fins de Imposto de Renda	1	1	1	False	1	0	1	1	1	1	1	1	0	1	1	1	12	0	1	1	8	5	13	['Etapa: ', 1, 'Title', 1, 'Etapa: ', 1, 'Description', 1, 'Etapa: ', 1, 'Documents', 1, 'Etapa: ', 1, 'Documents', 1, 'Etapa: ', 1, 'Documents', 1, 'Etapa: ', 1, 'Documents', 1, 'Etapa: ', 1, 'Documents', 1, 'Etapa: ', 1, 'Documents', 1, 'Etapa: ', 1, 'Documents', 1, 'Etapa: ', 1, 'Documents', 1, 'Etapa: ', 1, 'Documents', 1, 'Etapa: ', 1, 'Documents', 1, 'Etapa: ', 1, 'Documents', 1, 'Etapa: ', 1, 'Documents', 1, 'Etapa: ', 1, 'Type Channel', 1, 'Etapa: ', 1, 'Cost', 1]
577546098c36c702ca000002	Alagoas Previdência	59286fcb8c36c7194dee8bc1	Declaração de imunidade da contribuição previdenciária	1	1	1	False	1	0	1	1	0	1	1	1	0	2	2	2	3	0	2	1	8	4	12	['Etapa: ', 1, 'Title', 1, 'Etapa: ', 1, 'Description', 1, 'Etapa: ', 1, 'Documents', 1, 'Etapa: ', 1, 'Documents', 1, 'Etapa: ', 1, 'Type Channel', 1, 'Etapa: ', 1, 'Cost', 1, 'Etapa: ', 2, 'Title', 1, 'Etapa: ', 2, 'Description', 1, 'Etapa: ', 2, 'Documents', 1, 'Etapa: ', 2, 'Type Channel', 1, 'Etapa: ', 2, 'Cost', 1]
577546098c36c702ca000002	Alagoas Previdência	592dde4f8c36c75b355a903a	Solicitação de Pagamento de Décimo Terceiro Salário Proporcional de Aposentado Falecido	1	1	1	False	1	0	1	1	1	1	1	1	0	2	2	2	3	0	1	1	8	5	13	['Etapa: ', 1, 'Title', 1, 'Etapa: ', 1, 'Description', 1, 'Etapa: ', 1, 'Documents', 1, 'Etapa: ', 1, 'Documents', 1, 'Etapa: ', 2, 'Title', 1, 'Etapa: ', 2, 'Description', 1, 'Etapa: ', 2, 'Documents', 1, 'Etapa: ', 2, 'Type Channel', 1, 'Etapa: ', 2, 'Cost', 1]
577546098c36c702ca000002	Alagoas Previdência	592de03b8c36c75b355a903c	Solicitação de Recurso Administrativo para aposentados e pensionistas	1	1	1	False	1	0	1	1	0	1	1	1	1	2	2	2	3	0	2	1	8	5	13	['Etapa: ', 1, 'Title', 1, 'Etapa: ', 1, 'Description', 1, 'Etapa: ', 1, 'Documents', 1, 'Etapa: ', 1, 'Documents', 1, 'Etapa: ', 1, 'Type Channel', 1, 'Etapa: ', 1, 'Cost', 1, 'Etapa: ', 2, 'Title', 1, 'Etapa: ', 2, 'Description', 1, 'Etapa: ', 2, 'Documents', 1, 'Etapa: ', 2, 'Type Channel', 1, 'Etapa: ', 2, 'Cost', 1]
577546098c36c702ca000002	Alagoas Previdência	592de24d8c36c75b355a903e	Solicitação de Alteração de Dados Cadastrais para Servidores Inativos	1	1	1	False	1	0	1	1	0	1	1	1	1	1	1	1	2	0	1	1	8	5	13	['Etapa: ', 1, 'Title', 1, 'Etapa: ', 1, 'Description', 1, 'Etapa: ', 1, 'Documents', 1, 'Etapa: ', 1, 'Documents', 1, 'Etapa: ', 1, 'Type Channel', 1, 'Etapa: ', 1, 'Cost', 1]
577546098c36c702ca000002	Alagoas Previdência	592df8df8c36c7711aa9b5d5	Solicitação de Imunidade de Contribuição Previdenciária para o Servidor Inativo	1	1	1	False	1	0	1	1	1	1	1	1	1	3	3	3	4	0	3	1	8	6	14	['Etapa: ', 1, 'Title', 1, 'Etapa: ', 1, 'Description', 1, 'Etapa: ', 1, 'Documents', 1, 'Etapa: ', 1, 'Documents', 1, 'Etapa: ', 1, 'Type Channel', 1, 'Etapa: ', 1, 'Cost', 1, 'Etapa: ', 2, 'Title', 1, 'Etapa: ', 2, 'Description', 1, 'Etapa: ', 2, 'Documents', 1, 'Etapa: ', 2, 'Type Channel', 1, 'Etapa: ', 2, 'Cost', 1, 'Etapa: ', 3, 'Title', 1, 'Etapa: ', 3, 'Description', 1, 'Etapa: ', 3, 'Documents', 1, 'Etapa: ', 3, 'Type Channel', 1, 'Etapa: ', 3, 'Cost', 1]
577546098c36c702ca000002	Alagoas Previdência	592dfbb68c36c7711aa9b5d7	Declaração de que Paga ou Recebe Pensão Alimentícia	1	1	1	False	1	0	1	1	0	1	1	1	0	2	2	2	3	0	2	1	8	4	12	['Etapa: ', 1, 'Title', 1, 'Etapa: ', 1, 'Description', 1, 'Etapa: ', 1, 'Documents', 1, 'Etapa: ', 1, 'Documents', 1, 'Etapa: ', 1, 'Type Channel', 1, 'Etapa: ', 1, 'Cost', 1, 'Etapa: ', 2, 'Title', 1, 'Etapa: ', 2, 'Description', 1, 'Etapa: ', 2, 'Documents', 1, 'Etapa: ', 2, 'Type Channel', 1, 'Etapa: ', 2, 'Cost', 1]
577546098c36c702ca000002	Alagoas Previdência	592eea7a8c36c770731ffd03	Emissão de contracheque de inativos ou pensionistas	1	1	1	False	1	0	1	1	0	1	1	1	0	1	3	2	7	0	3	1	11	4	15	['Etapa: ', 1, 'Title', 1, 'Etapa: ', 1, 'Description', 0, 'Etapa: ', 2, 'Title', 1, 'Etapa: ', 2, 'Description', 1, 'Etapa: ', 2, 'Documents', 1, 'Etapa: ', 2, 'Documents', 1, 'Etapa: ', 2, 'Documents', 1, 'Etapa: ', 2, 'Documents', 1, 'Etapa: ', 2, 'Type Channel', 1, 'Etapa: ', 1, 'Title', 1, 'Etapa: ', 1, 'Description', 1, 'Etapa: ', 1, 'Documents', 1, 'Etapa: ', 1, 'Documents', 1, 'Etapa: ', 1, 'Documents', 1, 'Etapa: ', 1, 'Type Channel', 1, 'Etapa: ', 1, 'Type Channel', 1, 'Etapa: ', 1, 'Cost', 1]
577546098c36c702ca000002	Alagoas Previdência	592f09e58c36c71e3e2b0b51	Solicitação de ficha financeira de inativos ou pensionistas	1	1	1	False	1	0	1	1	0	1	1	1	1	1	1	1	4	0	1	1	8	5	13	['Etapa: ', 1, 'Title', 1, 'Etapa: ', 1, 'Description', 1, 'Etapa: ', 1, 'Documents', 1, 'Etapa: ', 1, 'Documents', 1, 'Etapa: ', 1, 'Documents', 1, 'Etapa: ', 1, 'Documents', 1, 'Etapa: ', 1, 'Type Channel', 1, 'Etapa: ', 1, 'Cost', 1]
577546098c36c702ca000002	Alagoas Previdência	592f0c1e8c36c71e3e2b0b55	Declaração para abertura de conta junto à Caixa Econômica Federal	1	1	1	False	1	0	1	1	0	1	1	1	0	1	1	1	2	0	1	1	8	4	12	['Etapa: ', 1, 'Title', 1, 'Etapa: ', 1, 'Description', 1, 'Etapa: ', 1, 'Documents', 1, 'Etapa: ', 1, 'Documents', 1, 'Etapa: ', 1, 'Type Channel', 1, 'Etapa: ', 1, 'Cost', 1]
577546098c36c702ca000002	Alagoas Previdência	592f36858c36c7364165a053	Declaração de Inexistência de dependentes habilitados à Pensão por morte	1	1	1	False	1	0	1	1	0	1	1	1	0	2	2	1	3	0	2	1	7	4	11	['Etapa: ', 1, 'Title', 1, 'Etapa: ', 1, 'Description', 1, 'Etapa: ', 1, 'Documents', 1, 'Etapa: ', 1, 'Documents', 1, 'Etapa: ', 1, 'Type Channel', 1, 'Etapa: ', 1, 'Cost', 1, 'Etapa: ', 2, 'Title', 1, 'Etapa: ', 2, 'Description', 0, 'Etapa: ', 2, 'Documents', 1, 'Etapa: ', 2, 'Type Channel', 1, 'Etapa: ', 2, 'Cost', 1]
577546098c36c702ca000002	Alagoas Previdência	592f37fa8c36c7364165a055	Declaração de existência de dependendes habilitados à Pensão por Morte	1	1	1	False	1	0	1	1	0	1	1	1	0	2	2	1	3	0	2	1	7	4	11	['Etapa: ', 1, 'Title', 1, 'Etapa: ', 1, 'Description', 1, 'Etapa: ', 1, 'Documents', 1, 'Etapa: ', 1, 'Documents', 1, 'Etapa: ', 1, 'Type Channel', 1, 'Etapa: ', 1, 'Cost', 1, 'Etapa: ', 2, 'Title', 1, 'Etapa: ', 2, 'Description', 0, 'Etapa: ', 2, 'Documents', 1, 'Etapa: ', 2, 'Type Channel', 1, 'Etapa: ', 2, 'Cost', 1]
577546098c36c702ca000002	Alagoas Previdência	592f3a178c36c7364165a057	Informe de Rendimento de  Imposto de Renda	1	1	1	False	1	0	1	1	0	1	1	1	1	1	1	1	3	0	2	1	8	5	13	['Etapa: ', 1, 'Title', 1, 'Etapa: ', 1, 'Description', 1, 'Etapa: ', 1, 'Documents', 1, 'Etapa: ', 1, 'Documents', 1, 'Etapa: ', 1, 'Documents', 1, 'Etapa: ', 1, 'Type Channel', 1, 'Etapa: ', 1, 'Type Channel', 1, 'Etapa: ', 1, 'Cost', 1]
56d6d7fb8c36c706ac000003	CASAL	57a889ef8c36c70f36000000	Alteração de Titularidade de Consumo (Mudança de Nome na Fatura de Água )	1	1	1	True	1	1	1	1	0	1	1	1	1	1	1	1	1	0	1	1	8	6	14	['Etapa: ', 1, 'Title', 1, 'Etapa: ', 1, 'Description', 1, 'Etapa: ', 1, 'Documents', 1, 'Etapa: ', 1, 'Type Channel', 1, 'Etapa: ', 1, 'Cost', 1, 'Etapa: ', 1, 'Cost description', 1]
56d6d7fb8c36c706ac000003	CASAL	57a892bc8c36c7119f000001	Suspensão do Fornecimento de Água (Corte por solicitação ou a pedido)	1	1	1	False	1	1	1	1	1	1	1	1	0	2	2	2	2	0	2	1	8	6	14	['Etapa: ', 1, 'Title', 1, 'Etapa: ', 1, 'Description', 1, 'Etapa: ', 1, 'Documents', 1, 'Etapa: ', 1, 'Type Channel', 1, 'Etapa: ', 1, 'Cost', 1, 'Etapa: ', 2, 'Title', 1, 'Etapa: ', 2, 'Description', 1, 'Etapa: ', 2, 'Documents', 1, 'Etapa: ', 2, 'Type Channel', 1, 'Etapa: ', 2, 'Cost', 1]
56d6d7fb8c36c706ac000003	CASAL	57a8a4508c36c71eb0000000	Transferência de Titularidade de Débitos Tarifários de Água e de Esgotamento Sanitário (Transferência de Débito)	1	1	1	False	1	1	1	1	0	1	1	1	0	1	1	1	2	0	1	1	8	5	13	['Etapa: ', 1, 'Title', 1, 'Etapa: ', 1, 'Description', 1, 'Etapa: ', 1, 'Documents', 1, 'Etapa: ', 1, 'Documents', 1, 'Etapa: ', 1, 'Type Channel', 1, 'Etapa: ', 1, 'Cost', 1]
56d6d7fb8c36c706ac000003	CASAL	57a8ab538c36c720f3000001	Parcelamento de Débito	1	1	1	False	1	1	1	1	0	1	1	1	0	1	1	1	1	0	1	1	8	5	13	['Etapa: ', 1, 'Title', 1, 'Etapa: ', 1, 'Description', 1, 'Etapa: ', 1, 'Documents', 1, 'Etapa: ', 1, 'Type Channel', 1, 'Etapa: ', 1, 'Cost', 1]
56d6d7fb8c36c706ac000003	CASAL	57a8addd8c36c725c3000000	Ligação Nova de Água	1	1	1	True	1	1	1	1	0	1	1	1	0	2	2	2	1	0	1	1	8	5	13	['Etapa: ', 1, 'Title', 1, 'Etapa: ', 1, 'Description', 1, 'Etapa: ', 1, 'Documents', 1, 'Etapa: ', 1, 'Type Channel', 1, 'Etapa: ', 1, 'Cost', 1, 'Etapa: ', 1, 'Cost description', 1, 'Etapa: ', 2, 'Title', 1, 'Etapa: ', 2, 'Description', 1]
56d6d7fb8c36c706ac000003	CASAL	57a8b1e88c36c72795000000	Reparo de Vazamento	1	1	1	False	1	1	1	1	0	1	1	1	0	1	1	1	1	0	2	1	8	5	13	['Etapa: ', 1, 'Title', 1, 'Etapa: ', 1, 'Description', 1, 'Etapa: ', 1, 'Documents', 1, 'Etapa: ', 1, 'Type Channel', 1, 'Etapa: ', 1, 'Type Channel', 1, 'Etapa: ', 1, 'Cost', 1]
56d6d7fb8c36c706ac000003	CASAL	57a8b91d8c36c72c2f000000	Restabelecimento do Fornecimento de Água-1 (Religação Simples)	1	1	1	True	1	1	1	1	1	1	1	1	1	1	1	1	1	1	2	1	8	7	15	['Etapa: ', 1, 'Title', 1, 'Etapa: ', 1, 'Description', 1, 'Etapa: ', 1, 'Documents', 1, 'Etapa: ', 1, 'Documents Cases', 1, 'Etapa: ', 1, 'Type Channel', 1, 'Etapa: ', 1, 'Type Channel', 1, 'Etapa: ', 1, 'Cost', 1, 'Etapa: ', 1, 'Cost description', 1]
56d6d7fb8c36c706ac000003	CASAL	57a8baeb8c36c72f45000000	Reclamação de Valores	1	1	1	False	1	1	1	1	0	1	1	1	1	1	1	1	2	0	1	1	8	6	14	['Etapa: ', 1, 'Title', 1, 'Etapa: ', 1, 'Description', 1, 'Etapa: ', 1, 'Documents', 1, 'Etapa: ', 1, 'Documents', 1, 'Etapa: ', 1, 'Type Channel', 1, 'Etapa: ', 1, 'Cost', 1]
56d6d7fb8c36c706ac000003	CASAL	57b300328c36c778ba000003	Reclamação de Falta D'Água Localizada	1	1	0	False	1	1	1	1	0	1	1	1	0	1	1	1	1	1	2	1	7	5	12	['Etapa: ', 1, 'Title', 1, 'Etapa: ', 1, 'Description', 1, 'Etapa: ', 1, 'Documents', 1, 'Etapa: ', 1, 'Documents Cases', 1, 'Etapa: ', 1, 'Type Channel', 1, 'Etapa: ', 1, 'Type Channel', 1, 'Etapa: ', 1, 'Cost', 1]
56d6d7fb8c36c706ac000003	CASAL	57b3014a8c36c778ba000004	Cadastro na Tarifa social	1	1	1	False	1	1	1	1	0	1	1	1	1	1	1	1	1	1	1	1	8	6	14	['Etapa: ', 1, 'Title', 1, 'Etapa: ', 1, 'Description', 1, 'Etapa: ', 1, 'Documents', 1, 'Etapa: ', 1, 'Documents Cases', 1, 'Etapa: ', 1, 'Type Channel', 1, 'Etapa: ', 1, 'Cost', 1]
56d6d7fb8c36c706ac000003	CASAL	57b306748c36c70955000001	Emissão de 2ª Via de Fatura	1	1	1	True	1	0	1	1	0	1	1	1	0	1	1	1	1	0	2	1	8	4	12	['Etapa: ', 1, 'Title', 1, 'Etapa: ', 1, 'Description', 1, 'Etapa: ', 1, 'Documents', 1, 'Etapa: ', 1, 'Type Channel', 1, 'Etapa: ', 1, 'Type Channel', 1, 'Etapa: ', 1, 'Cost', 1, 'Etapa: ', 1, 'Cost description', 0]
56d6d7fb8c36c706ac000003	CASAL	5935cdfa8c36c703077eddea	Aferição de Hidrômetro/Teste de Hidrômetro	1	1	1	True	1	1	1	1	0	1	1	1	0	1	1	1	1	0	1	1	8	5	13	['Etapa: ', 1, 'Title', 1, 'Etapa: ', 1, 'Description', 1, 'Etapa: ', 1, 'Documents', 1, 'Etapa: ', 1, 'Type Channel', 1, 'Etapa: ', 1, 'Cost', 1, 'Etapa: ', 1, 'Cost description', 1]
588bae3e8c36c708b4355182	CGE	588fa4888c36c77709ab0296	Serviço de Informação ao Cidadão	1	1	1	False	1	1	1	1	0	1	1	1	0	1	1	1	2	0	0	0	8	5	13	['Etapa: ', 1, 'Title', 1, 'Etapa: ', 1, 'Description', 1, 'Etapa: ', 1, 'Documents', 1, 'Etapa: ', 1, 'Documents', 1]
588bae3e8c36c708b4355182	CGE	588fa5798c36c77709ab0298	Portal da Transparência Graciliano Ramos	1	1	1	False	1	1	1	1	0	1	1	1	0	1	1	1	0	0	0	0	8	5	13	['Etapa: ', 1, 'Title', 1, 'Etapa: ', 1, 'Description', 1]
588bae3e8c36c708b4355182	CGE	588fa64e8c36c77709ab029a	Cadastro de Empresas Inidôneas de Alagoas	1	1	1	False	1	1	1	1	0	1	1	1	0	1	1	1	0	0	0	0	8	5	13	['Etapa: ', 1, 'Title', 1, 'Etapa: ', 1, 'Description', 1]
590b70c68c36c71e8623bb3d	CBMAL	594afe218c36c76bebabba3a	Auto de de Conformidade de Processo Simplificado	1	1	1	True	1	1	1	1	1	1	1	1	1	1	3	3	16	5	4	0	12	7	19	['Etapa: ', 1, 'Title', 1, 'Etapa: ', 1, 'Description', 1, 'Etapa: ', 1, 'Documents', 1, 'Etapa: ', 1, 'Documents', 1, 'Etapa: ', 1, 'Documents', 1, 'Etapa: ', 1, 'Documents', 1, 'Etapa: ', 1, 'Documents', 1, 'Etapa: ', 1, 'Documents', 1, 'Etapa: ', 1, 'Type Channel', 1, 'Etapa: ', 1, 'Type Channel', 1, 'Etapa: ', 1, 'Title', 1, 'Etapa: ', 1, 'Description', 1, 'Etapa: ', 1, 'Documents', 1, 'Etapa: ', 1, 'Documents Cases', 1, 'Etapa: ', 1, 'Documents', 1, 'Etapa: ', 1, 'Documents Cases', 1, 'Etapa: ', 1, 'Documents', 1, 'Etapa: ', 1, 'Documents Cases', 1, 'Etapa: ', 1, 'Type Channel', 1, 'Etapa: ', 1, 'Type Channel', 1, 'Etapa: ', 1, 'Title', 1, 'Etapa: ', 1, 'Description', 1, 'Etapa: ', 1, 'Documents', 1, 'Etapa: ', 1, 'Documents', 1, 'Etapa: ', 1, 'Documents', 1, 'Etapa: ', 1, 'Documents', 1, 'Etapa: ', 1, 'Documents Cases', 1, 'Etapa: ', 1, 'Documents', 1, 'Etapa: ', 1, 'Documents', 1, 'Etapa: ', 1, 'Documents Cases', 1, 'Etapa: ', 1, 'Documents', 1]
57501ee98c36c718eb00000b	Defensoria	57ac69e28c36c7543c000000	Ação de revisão de alimentos	1	1	1	False	1	1	1	1	0	1	1	1	1	1	1	1	8	0	1	1	8	6	14	['Etapa: ', 1, 'Title', 1, 'Etapa: ', 1, 'Description', 1, 'Etapa: ', 1, 'Documents', 1, 'Etapa: ', 1, 'Documents', 1, 'Etapa: ', 1, 'Documents', 1, 'Etapa: ', 1, 'Documents', 1, 'Etapa: ', 1, 'Documents', 1, 'Etapa: ', 1, 'Documents', 1, 'Etapa: ', 1, 'Documents', 1, 'Etapa: ', 1, 'Documents', 1, 'Etapa: ', 1, 'Type Channel', 1, 'Etapa: ', 1, 'Cost', 1]
57501ee98c36c718eb00000b	Defensoria	57ac6ccb8c36c7160d000000	Busca e apreensão de menor	1	1	1	False	1	1	1	1	0	1	1	1	1	1	1	1	12	0	1	1	8	6	14	['Etapa: ', 1, 'Title', 1, 'Etapa: ', 1, 'Description', 1, 'Etapa: ', 1, 'Documents', 1, 'Etapa: ', 1, 'Documents', 1, 'Etapa: ', 1, 'Documents', 1, 'Etapa: ', 1, 'Documents', 1, 'Etapa: ', 1, 'Documents', 1, 'Etapa: ', 1, 'Documents', 1, 'Etapa: ', 1, 'Documents', 1, 'Etapa: ', 1, 'Documents', 1, 'Etapa: ', 1, 'Documents', 1, 'Etapa: ', 1, 'Documents', 1, 'Etapa: ', 1, 'Documents', 1, 'Etapa: ', 1, 'Documents', 1, 'Etapa: ', 1, 'Type Channel', 1, 'Etapa: ', 1, 'Cost', 1]
57501ee98c36c718eb00000b	Defensoria	57ac6f5c8c36c7184a000000	Divórcio direto/conversão de separação em divórcio ou Divórcio litigioso e consensual	1	1	1	False	1	1	1	1	0	1	1	1	1	1	1	1	9	0	1	1	8	6	14	['Etapa: ', 1, 'Title', 1, 'Etapa: ', 1, 'Description', 1, 'Etapa: ', 1, 'Documents', 1, 'Etapa: ', 1, 'Documents', 1, 'Etapa: ', 1, 'Documents', 1, 'Etapa: ', 1, 'Documents', 1, 'Etapa: ', 1, 'Documents', 1, 'Etapa: ', 1, 'Documents', 1, 'Etapa: ', 1, 'Documents', 1, 'Etapa: ', 1, 'Documents', 1, 'Etapa: ', 1, 'Documents', 1, 'Etapa: ', 1, 'Type Channel', 1, 'Etapa: ', 1, 'Cost', 1]
57501ee98c36c718eb00000b	Defensoria	57ac72518c36c7184a000001	Exoneração de alimentos	1	1	1	False	1	1	1	1	0	1	1	1	1	1	1	1	7	0	1	1	8	6	14	['Etapa: ', 1, 'Title', 1, 'Etapa: ', 1, 'Description', 1, 'Etapa: ', 1, 'Documents', 1, 'Etapa: ', 1, 'Documents', 1, 'Etapa: ', 1, 'Documents', 1, 'Etapa: ', 1, 'Documents', 1, 'Etapa: ', 1, 'Documents', 1, 'Etapa: ', 1, 'Documents', 1, 'Etapa: ', 1, 'Documents', 1, 'Etapa: ', 1, 'Type Channel', 1, 'Etapa: ', 1, 'Cost', 1]
57501ee98c36c718eb00000b	Defensoria	57ac76398c36c72190000000	Guarda	1	1	1	False	1	1	1	1	0	1	1	1	1	1	1	1	9	0	1	1	8	6	14	['Etapa: ', 1, 'Title', 1, 'Etapa: ', 1, 'Description', 1, 'Etapa: ', 1, 'Documents', 1, 'Etapa: ', 1, 'Documents', 1, 'Etapa: ', 1, 'Documents', 1, 'Etapa: ', 1, 'Documents', 1, 'Etapa: ', 1, 'Documents', 1, 'Etapa: ', 1, 'Documents', 1, 'Etapa: ', 1, 'Documents', 1, 'Etapa: ', 1, 'Documents', 1, 'Etapa: ', 1, 'Documents', 1, 'Etapa: ', 1, 'Type Channel', 1, 'Etapa: ', 1, 'Cost', 1]
57501ee98c36c718eb00000b	Defensoria	57ac7aa28c36c707db000000	Investigação ou negatória de paternidade	1	1	1	False	1	1	1	1	0	1	1	1	1	1	1	1	8	0	1	1	8	6	14	['Etapa: ', 1, 'Title', 1, 'Etapa: ', 1, 'Description', 1, 'Etapa: ', 1, 'Documents', 1, 'Etapa: ', 1, 'Documents', 1, 'Etapa: ', 1, 'Documents', 1, 'Etapa: ', 1, 'Documents', 1, 'Etapa: ', 1, 'Documents', 1, 'Etapa: ', 1, 'Documents', 1, 'Etapa: ', 1, 'Documents', 1, 'Etapa: ', 1, 'Documents', 1, 'Etapa: ', 1, 'Type Channel', 1, 'Etapa: ', 1, 'Cost', 1]
57501ee98c36c718eb00000b	Defensoria	57ac7f688c36c705d6000000	Interdição (curatela)	1	1	1	False	1	1	1	1	1	1	1	1	1	1	1	1	9	0	0	0	8	7	15	['Etapa: ', 1, 'Title', 1, 'Etapa: ', 1, 'Description', 1, 'Etapa: ', 1, 'Documents', 1, 'Etapa: ', 1, 'Documents', 1, 'Etapa: ', 1, 'Documents', 1, 'Etapa: ', 1, 'Documents', 1, 'Etapa: ', 1, 'Documents', 1, 'Etapa: ', 1, 'Documents', 1, 'Etapa: ', 1, 'Documents', 1, 'Etapa: ', 1, 'Documents', 1, 'Etapa: ', 1, 'Documents', 1]
57501ee98c36c718eb00000b	Defensoria	57ac81fe8c36c7063c000000	Reconhecimento e dissolução de união estável	1	1	1	False	1	1	1	1	0	1	1	1	1	1	1	1	7	0	1	1	8	6	14	['Etapa: ', 1, 'Title', 1, 'Etapa: ', 1, 'Description', 1, 'Etapa: ', 1, 'Documents', 1, 'Etapa: ', 1, 'Documents', 1, 'Etapa: ', 1, 'Documents', 1, 'Etapa: ', 1, 'Documents', 1, 'Etapa: ', 1, 'Documents', 1, 'Etapa: ', 1, 'Documents', 1, 'Etapa: ', 1, 'Documents', 1, 'Etapa: ', 1, 'Type Channel', 1, 'Etapa: ', 1, 'Cost', 1]
57501ee98c36c718eb00000b	Defensoria	57ac83a48c36c705ce000000	Alvará judicial (para levantar FGTS em caso de rescisão de contrato de trabalho daquele que fornece pensão alimentícia)	1	1	1	False	1	1	1	1	0	1	1	1	1	1	1	1	5	0	0	0	8	6	14	['Etapa: ', 1, 'Title', 1, 'Etapa: ', 1, 'Description', 1, 'Etapa: ', 1, 'Documents', 1, 'Etapa: ', 1, 'Documents', 1, 'Etapa: ', 1, 'Documents', 1, 'Etapa: ', 1, 'Documents', 1, 'Etapa: ', 1, 'Documents', 1]
57501ee98c36c718eb00000b	Defensoria	57b1e5098c36c75e61000004	Alvará judicial (para levantamento de valores que estejam em nome de parentes falecidos)	1	1	1	False	1	1	1	1	1	1	1	1	0	1	1	1	10	0	0	0	8	6	14	['Etapa: ', 1, 'Title', 1, 'Etapa: ', 1, 'Description', 1, 'Etapa: ', 1, 'Documents', 1, 'Etapa: ', 1, 'Documents', 1, 'Etapa: ', 1, 'Documents', 1, 'Etapa: ', 1, 'Documents', 1, 'Etapa: ', 1, 'Documents', 1, 'Etapa: ', 1, 'Documents', 1, 'Etapa: ', 1, 'Documents', 1, 'Etapa: ', 1, 'Documents', 1, 'Etapa: ', 1, 'Documents', 1, 'Etapa: ', 1, 'Documents', 1]
57501ee98c36c718eb00000b	Defensoria	57b1f2568c36c776e7000000	Retificação (correção) de registro civil	1	1	1	False	1	1	1	1	0	1	1	1	1	1	1	1	6	0	0	0	8	6	14	['Etapa: ', 1, 'Title', 1, 'Etapa: ', 1, 'Description', 1, 'Etapa: ', 1, 'Documents', 1, 'Etapa: ', 1, 'Documents', 1, 'Etapa: ', 1, 'Documents', 1, 'Etapa: ', 1, 'Documents', 1, 'Etapa: ', 1, 'Documents', 1, 'Etapa: ', 1, 'Documents', 1]
57501ee98c36c718eb00000b	Defensoria	57b59e348c36c71db7000000	Execução de alimentos	1	1	1	False	1	1	1	1	0	1	1	1	0	1	1	1	9	0	1	1	8	5	13	['Etapa: ', 1, 'Title', 1, 'Etapa: ', 1, 'Description', 1, 'Etapa: ', 1, 'Documents', 1, 'Etapa: ', 1, 'Documents', 1, 'Etapa: ', 1, 'Documents', 1, 'Etapa: ', 1, 'Documents', 1, 'Etapa: ', 1, 'Documents', 1, 'Etapa: ', 1, 'Documents', 1, 'Etapa: ', 1, 'Documents', 1, 'Etapa: ', 1, 'Documents', 1, 'Etapa: ', 1, 'Documents', 1, 'Etapa: ', 1, 'Type Channel', 1, 'Etapa: ', 1, 'Cost', 1]
57501ee98c36c718eb00000b	Defensoria	57b59f9b8c36c71db7000001	Lavradura de registro de óbito	1	1	1	False	1	1	1	1	0	1	1	1	0	1	1	1	7	0	1	1	8	5	13	['Etapa: ', 1, 'Title', 1, 'Etapa: ', 1, 'Description', 1, 'Etapa: ', 1, 'Documents', 1, 'Etapa: ', 1, 'Documents', 1, 'Etapa: ', 1, 'Documents', 1, 'Etapa: ', 1, 'Documents', 1, 'Etapa: ', 1, 'Documents', 1, 'Etapa: ', 1, 'Documents', 1, 'Etapa: ', 1, 'Documents', 1, 'Etapa: ', 1, 'Type Channel', 1, 'Etapa: ', 1, 'Cost', 1]
57501ee98c36c718eb00000b	Defensoria	57b5a1178c36c72169000000	Lavradura de registro de nascimento	1	1	1	False	1	1	1	1	0	1	1	1	0	1	1	1	12	0	1	1	8	5	13	['Etapa: ', 1, 'Title', 1, 'Etapa: ', 1, 'Description', 1, 'Etapa: ', 1, 'Documents', 1, 'Etapa: ', 1, 'Documents', 1, 'Etapa: ', 1, 'Documents', 1, 'Etapa: ', 1, 'Documents', 1, 'Etapa: ', 1, 'Documents', 1, 'Etapa: ', 1, 'Documents', 1, 'Etapa: ', 1, 'Documents', 1, 'Etapa: ', 1, 'Documents', 1, 'Etapa: ', 1, 'Documents', 1, 'Etapa: ', 1, 'Documents', 1, 'Etapa: ', 1, 'Documents', 1, 'Etapa: ', 1, 'Documents', 1, 'Etapa: ', 1, 'Type Channel', 1, 'Etapa: ', 1, 'Cost', 1]
57501ee98c36c718eb00000b	Defensoria	57b5a2608c36c72169000001	Cautelar de separação de corpos(mulher casada) / cautelar inominada (união estável-convivente)	1	1	1	False	1	1	1	1	0	1	1	1	0	1	1	1	9	0	1	1	8	5	13	['Etapa: ', 1, 'Title', 1, 'Etapa: ', 1, 'Description', 1, 'Etapa: ', 1, 'Documents', 1, 'Etapa: ', 1, 'Documents', 1, 'Etapa: ', 1, 'Documents', 1, 'Etapa: ', 1, 'Documents', 1, 'Etapa: ', 1, 'Documents', 1, 'Etapa: ', 1, 'Documents', 1, 'Etapa: ', 1, 'Documents', 1, 'Etapa: ', 1, 'Documents', 1, 'Etapa: ', 1, 'Documents', 1, 'Etapa: ', 1, 'Type Channel', 1, 'Etapa: ', 1, 'Cost', 1]
590b30f58c36c76305bd6328	DITEAL	5936d1c18c36c7228037ef5e	Locação do Teatro Deodoro	1	1	1	True	1	1	1	1	1	1	1	1	1	1	3	3	16	0	8	1	12	7	19	['Etapa: ', 1, 'Title', 1, 'Etapa: ', 1, 'Description', 1, 'Etapa: ', 1, 'Documents', 1, 'Etapa: ', 1, 'Documents', 1, 'Etapa: ', 1, 'Documents', 1, 'Etapa: ', 1, 'Documents', 1, 'Etapa: ', 1, 'Type Channel', 1, 'Etapa: ', 1, 'Type Channel', 1, 'Etapa: ', 1, 'Cost', 0, 'Etapa: ', 1, 'Title', 1, 'Etapa: ', 1, 'Description', 1, 'Etapa: ', 1, 'Documents', 1, 'Etapa: ', 1, 'Documents', 1, 'Etapa: ', 1, 'Documents', 1, 'Etapa: ', 1, 'Documents', 1, 'Etapa: ', 1, 'Documents', 1, 'Etapa: ', 1, 'Type Channel', 1, 'Etapa: ', 1, 'Type Channel', 1, 'Etapa: ', 1, 'Type Channel', 1, 'Etapa: ', 1, 'Cost', 1, 'Etapa: ', 1, 'Title', 1, 'Etapa: ', 1, 'Description', 1, 'Etapa: ', 1, 'Documents', 1, 'Etapa: ', 1, 'Documents', 1, 'Etapa: ', 1, 'Documents', 1, 'Etapa: ', 1, 'Documents', 1, 'Etapa: ', 1, 'Documents', 1, 'Etapa: ', 1, 'Documents', 1, 'Etapa: ', 1, 'Documents', 1, 'Etapa: ', 1, 'Type Channel', 1, 'Etapa: ', 1, 'Type Channel', 1, 'Etapa: ', 1, 'Type Channel', 1, 'Etapa: ', 1, 'Cost', 1, 'Etapa: ', 1, 'Cost description', 1]
590b30f58c36c76305bd6328	DITEAL	5936d2dc8c36c7228037ef60	Locação do Teatro de Arena Sérgio Cardoso.	1	1	1	True	1	1	1	1	1	1	1	1	1	1	1	1	6	0	3	1	8	7	15	['Etapa: ', 1, 'Title', 1, 'Etapa: ', 1, 'Description', 1, 'Etapa: ', 1, 'Documents', 1, 'Etapa: ', 1, 'Documents', 1, 'Etapa: ', 1, 'Documents', 1, 'Etapa: ', 1, 'Documents', 1, 'Etapa: ', 1, 'Documents', 1, 'Etapa: ', 1, 'Documents', 1, 'Etapa: ', 1, 'Type Channel', 1, 'Etapa: ', 1, 'Type Channel', 1, 'Etapa: ', 1, 'Type Channel', 1, 'Etapa: ', 1, 'Cost', 1, 'Etapa: ', 1, 'Cost description', 1]
596ce1af8c36c71b0b29f7a4	EMATER	59a6d9cc8c36c76c54eb4f85	Garantia Safra	1	1	1	False	1	1	1	1	0	1	1	1	1	6	7	7	5	0	5	1	8	6	14	['Etapa: ', 1, 'Title', 1, 'Etapa: ', 1, 'Description', 1, 'Etapa: ', 1, 'Documents', 1, 'Etapa: ', 1, 'Type Channel', 1, 'Etapa: ', 1, 'Type Channel', 1, 'Etapa: ', 1, 'Title', 1, 'Etapa: ', 1, 'Description', 1, 'Etapa: ', 2, 'Title', 1, 'Etapa: ', 2, 'Description', 1, 'Etapa: ', 2, 'Documents', 1, 'Etapa: ', 2, 'Type Channel', 1, 'Etapa: ', 2, 'Cost', 1, 'Etapa: ', 3, 'Title', 1, 'Etapa: ', 3, 'Description', 1, 'Etapa: ', 3, 'Documents', 1, 'Etapa: ', 3, 'Type Channel', 1, 'Etapa: ', 3, 'Cost', 1, 'Etapa: ', 4, 'Title', 1, 'Etapa: ', 4, 'Description', 1, 'Etapa: ', 5, 'Title', 1, 'Etapa: ', 5, 'Description', 1, 'Etapa: ', 6, 'Title', 1, 'Etapa: ', 6, 'Description', 1, 'Etapa: ', 6, 'Documents', 1, 'Etapa: ', 6, 'Documents', 1, 'Etapa: ', 6, 'Type Channel', 1, 'Etapa: ', 6, 'Cost', 1]
596ce1af8c36c71b0b29f7a4	EMATER	59a6dce38c36c76c54eb4f8a	Programa de Aquisição de Alimentos	1	1	1	False	1	1	1	1	0	1	1	1	0	4	4	4	7	0	4	1	8	5	13	['Etapa: ', 1, 'Title', 1, 'Etapa: ', 1, 'Description', 1, 'Etapa: ', 1, 'Documents', 1, 'Etapa: ', 1, 'Documents', 1, 'Etapa: ', 1, 'Documents', 1, 'Etapa: ', 1, 'Type Channel', 1, 'Etapa: ', 1, 'Cost', 1, 'Etapa: ', 2, 'Title', 1, 'Etapa: ', 2, 'Description', 1, 'Etapa: ', 2, 'Documents', 1, 'Etapa: ', 2, 'Type Channel', 1, 'Etapa: ', 2, 'Cost', 1, 'Etapa: ', 3, 'Title', 1, 'Etapa: ', 3, 'Description', 1, 'Etapa: ', 3, 'Documents', 1, 'Etapa: ', 3, 'Type Channel', 1, 'Etapa: ', 3, 'Cost', 1, 'Etapa: ', 4, 'Title', 1, 'Etapa: ', 4, 'Description', 1, 'Etapa: ', 4, 'Documents', 1, 'Etapa: ', 4, 'Documents', 1, 'Etapa: ', 4, 'Type Channel', 1, 'Etapa: ', 4, 'Cost', 1]
590a1de08c36c7298d7ee868	FAPEAL	5939722f8c36c7335d4d8d6e	Registro de Domínio	1	1	1	False	1	1	1	1	1	1	1	1	1	2	2	2	2	1	3	1	8	7	15	['Etapa: ', 1, 'Title', 1, 'Etapa: ', 1, 'Description', 1, 'Etapa: ', 1, 'Documents', 1, 'Etapa: ', 1, 'Documents Cases', 1, 'Etapa: ', 1, 'Type Channel', 1, 'Etapa: ', 1, 'Cost', 1, 'Etapa: ', 2, 'Title', 1, 'Etapa: ', 2, 'Description', 1, 'Etapa: ', 2, 'Documents', 1, 'Etapa: ', 2, 'Type Channel', 1, 'Etapa: ', 2, 'Type Channel', 1, 'Etapa: ', 2, 'Cost', 1]
590a1de08c36c7298d7ee868	FAPEAL	59397c588c36c739a15b2631	Sala de Videoconferência	1	1	1	False	1	1	1	1	1	1	1	1	1	3	3	3	2	0	1	1	8	7	15	['Etapa: ', 1, 'Title', 1, 'Etapa: ', 1, 'Description', 1, 'Etapa: ', 1, 'Documents', 1, 'Etapa: ', 1, 'Type Channel', 1, 'Etapa: ', 1, 'Cost', 1, 'Etapa: ', 2, 'Title', 1, 'Etapa: ', 2, 'Description', 1, 'Etapa: ', 2, 'Documents', 1, 'Etapa: ', 3, 'Title', 1, 'Etapa: ', 3, 'Description', 1]
590a1de08c36c7298d7ee868	FAPEAL	593ad4ac8c36c70f3b2b4b33	Submissão em Editais	1	1	1	False	1	1	1	1	1	1	1	1	1	10	10	10	9	1	9	1	8	7	15	['Etapa: ', 1, 'Title', 1, 'Etapa: ', 1, 'Description', 1, 'Etapa: ', 1, 'Documents', 1, 'Etapa: ', 1, 'Type Channel', 1, 'Etapa: ', 1, 'Type Channel', 1, 'Etapa: ', 1, 'Cost', 1, 'Etapa: ', 2, 'Title', 1, 'Etapa: ', 2, 'Description', 1, 'Etapa: ', 3, 'Title', 1, 'Etapa: ', 3, 'Description', 1, 'Etapa: ', 3, 'Documents', 1, 'Etapa: ', 4, 'Title', 1, 'Etapa: ', 4, 'Description', 1, 'Etapa: ', 4, 'Documents', 1, 'Etapa: ', 4, 'Type Channel', 1, 'Etapa: ', 4, 'Cost', 1, 'Etapa: ', 5, 'Title', 1, 'Etapa: ', 5, 'Description', 1, 'Etapa: ', 5, 'Documents', 1, 'Etapa: ', 5, 'Type Channel', 1, 'Etapa: ', 5, 'Cost', 1, 'Etapa: ', 6, 'Title', 1, 'Etapa: ', 6, 'Description', 1, 'Etapa: ', 6, 'Documents', 1, 'Etapa: ', 6, 'Type Channel', 1, 'Etapa: ', 6, 'Cost', 1, 'Etapa: ', 7, 'Title', 1, 'Etapa: ', 7, 'Description', 1, 'Etapa: ', 7, 'Documents', 1, 'Etapa: ', 7, 'Type Channel', 1, 'Etapa: ', 7, 'Type Channel', 1, 'Etapa: ', 7, 'Cost', 1, 'Etapa: ', 8, 'Title', 1, 'Etapa: ', 8, 'Description', 1, 'Etapa: ', 8, 'Documents', 1, 'Etapa: ', 8, 'Type Channel', 1, 'Etapa: ', 8, 'Cost', 1, 'Etapa: ', 9, 'Title', 1, 'Etapa: ', 9, 'Description', 1, 'Etapa: ', 9, 'Documents', 1, 'Etapa: ', 9, 'Documents Cases', 1, 'Etapa: ', 10, 'Title', 1, 'Etapa: ', 10, 'Description', 1, 'Etapa: ', 10, 'Documents', 1, 'Etapa: ', 10, 'Type Channel', 1, 'Etapa: ', 10, 'Cost', 1]
5908c3188c36c756f6a837b2	ALGÁS	593974878c36c7335d4d8d6f	Fornecimento da segunda via da conta de gás natural	1	1	1	False	1	1	1	1	0	1	1	1	1	1	1	1	1	0	3	1	8	6	14	['Etapa: ', 1, 'Title', 1, 'Etapa: ', 1, 'Description', 1, 'Etapa: ', 1, 'Documents', 1, 'Etapa: ', 1, 'Type Channel', 1, 'Etapa: ', 1, 'Type Channel', 1, 'Etapa: ', 1, 'Type Channel', 1, 'Etapa: ', 1, 'Cost', 1]
5908c3188c36c756f6a837b2	ALGÁS	593976548c36c7335d4d8d72	Ligações de novos clientes à rede de gás natural	1	1	1	False	1	1	1	1	0	1	1	1	1	1	1	1	1	0	3	1	8	6	14	['Etapa: ', 1, 'Title', 1, 'Etapa: ', 1, 'Description', 1, 'Etapa: ', 1, 'Documents', 1, 'Etapa: ', 1, 'Type Channel', 1, 'Etapa: ', 1, 'Type Channel', 1, 'Etapa: ', 1, 'Type Channel', 1, 'Etapa: ', 1, 'Cost', 1]
5908c3188c36c756f6a837b2	ALGÁS	5939783e8c36c7335d4d8d75	Religações de clientes à rede de gás natural	1	1	1	True	1	1	1	1	0	1	1	1	1	1	1	1	1	0	3	1	8	6	14	['Etapa: ', 1, 'Title', 1, 'Etapa: ', 1, 'Description', 1, 'Etapa: ', 1, 'Documents', 1, 'Etapa: ', 1, 'Type Channel', 1, 'Etapa: ', 1, 'Type Channel', 1, 'Etapa: ', 1, 'Type Channel', 1, 'Etapa: ', 1, 'Cost', 1, 'Etapa: ', 1, 'Cost description', 1]
5908c3188c36c756f6a837b2	ALGÁS	593979568c36c7335d4d8d79	Atendimento às solicitações dos usuários em situação de emergência.	1	1	1	False	1	1	1	1	0	1	1	1	0	1	1	1	0	0	0	0	8	5	13	['Etapa: ', 1, 'Title', 1, 'Etapa: ', 1, 'Description', 1]
596e43e18c36c775620b3b6e	CEPAL	59c922608c36c75428f54b61	Diário Oficial do Estado de Alagoas	1	1	0	False	1	1	1	1	0	0	1	1	1	2	2	2	0	0	0	0	6	6	12	['Etapa: ', 1, 'Title', 1, 'Etapa: ', 1, 'Description', 1, 'Etapa: ', 2, 'Title', 1, 'Etapa: ', 2, 'Description', 1]
596e43e18c36c775620b3b6e	CEPAL	59c92b358c36c75428f54b6a	Publicação no Diário Oficial do Estado de Alagoas	1	1	1	True	1	1	1	1	0	1	1	1	0	2	2	2	0	0	0	0	8	4	12	['Etapa: ', 1, 'Title', 1, 'Etapa: ', 1, 'Description', 1, 'Etapa: ', 1, 'Documents', 0, 'Etapa: ', 2, 'Title', 1, 'Etapa: ', 2, 'Description', 1]
596e43e18c36c775620b3b6e	CEPAL	59c96c788c36c75428f54b7d	Serviços Gráficos	1	1	1	True	1	1	1	1	0	1	1	1	1	2	2	2	0	0	0	0	8	5	13	['Etapa: ', 1, 'Title', 1, 'Etapa: ', 1, 'Description', 1, 'Etapa: ', 2, 'Title', 1, 'Etapa: ', 2, 'Description', 1]
590880628c36c708368e836e	IPASEAL SAÚDE	592dea058c36c75b355a9043	Consulta de Situação	1	1	1	False	1	1	1	1	0	1	1	1	1	1	1	1	3	0	0	0	8	6	14	['Etapa: ', 1, 'Title', 1, 'Etapa: ', 1, 'Description', 1, 'Etapa: ', 1, 'Documents', 1, 'Etapa: ', 1, 'Documents', 1, 'Etapa: ', 1, 'Documents', 1]
590880628c36c708368e836e	IPASEAL SAÚDE	592defd68c36c76fd9127b91	Guia médico	1	1	1	False	1	1	1	1	1	1	1	1	1	1	1	1	0	0	0	0	8	7	15	['Etapa: ', 1, 'Title', 1, 'Etapa: ', 1, 'Description', 1]
590880628c36c708368e836e	IPASEAL SAÚDE	592df21a8c36c7711aa9b5cf	Solicitação de Internamento	1	1	1	False	1	1	1	1	1	1	1	1	0	2	2	2	3	0	0	0	8	6	14	['Etapa: ', 1, 'Title', 1, 'Etapa: ', 1, 'Description', 1, 'Etapa: ', 2, 'Title', 1, 'Etapa: ', 2, 'Description', 1, 'Etapa: ', 2, 'Documents', 1, 'Etapa: ', 2, 'Documents', 1, 'Etapa: ', 2, 'Documents', 1]
590880628c36c708368e836e	IPASEAL SAÚDE	592df3158c36c7711aa9b5d1	Extrato de coparticipação	1	1	1	False	1	1	1	1	0	1	1	1	0	1	1	1	2	0	1	1	8	5	13	['Etapa: ', 1, 'Title', 1, 'Etapa: ', 1, 'Description', 1, 'Etapa: ', 1, 'Documents', 1, 'Etapa: ', 1, 'Documents', 1, 'Etapa: ', 1, 'Type Channel', 1, 'Etapa: ', 1, 'Cost', 1]
590880628c36c708368e836e	IPASEAL SAÚDE	592df6b38c36c7711aa9b5d3	Ouvidoria	1	1	1	False	1	1	1	1	0	1	1	1	1	3	3	3	0	0	0	0	8	5	13	['Etapa: ', 1, 'Title', 1, 'Etapa: ', 1, 'Description', 1, 'Etapa: ', 2, 'Title', 1, 'Etapa: ', 2, 'Description', 1, 'Etapa: ', 2, 'Documents', 0, 'Etapa: ', 3, 'Title', 1, 'Etapa: ', 3, 'Description', 1]
590880628c36c708368e836e	IPASEAL SAÚDE	592ec6cd8c36c7699b842d27	Solicitação de Credenciamento	1	1	1	False	1	1	1	1	0	0	1	1	1	1	1	1	2	2	1	1	7	6	13	['Etapa: ', 1, 'Title', 1, 'Etapa: ', 1, 'Description', 1, 'Etapa: ', 1, 'Documents', 1, 'Etapa: ', 1, 'Documents Cases', 1, 'Etapa: ', 1, 'Documents', 1, 'Etapa: ', 1, 'Documents Cases', 1, 'Etapa: ', 1, 'Type Channel', 1, 'Etapa: ', 1, 'Cost', 1]
590880628c36c708368e836e	IPASEAL SAÚDE	592ef6dd8c36c7112448f28b	Programas Assistenciais	1	1	1	False	1	1	1	1	0	1	1	1	1	2	2	2	0	0	0	0	8	6	14	['Etapa: ', 1, 'Title', 1, 'Etapa: ', 1, 'Description', 1, 'Etapa: ', 2, 'Title', 1, 'Etapa: ', 2, 'Description', 1]
590880628c36c708368e836e	IPASEAL SAÚDE	592efc448c36c770731ffd06	Solicitação de pagamento	1	1	1	False	1	1	1	1	0	1	1	1	0	2	2	2	2	2	0	0	8	5	13	['Etapa: ', 1, 'Title', 1, 'Etapa: ', 1, 'Description', 1, 'Etapa: ', 1, 'Documents', 1, 'Etapa: ', 1, 'Documents Cases', 1, 'Etapa: ', 2, 'Title', 1, 'Etapa: ', 2, 'Description', 1, 'Etapa: ', 2, 'Documents', 1, 'Etapa: ', 2, 'Documents Cases', 1]
590880628c36c708368e836e	IPASEAL SAÚDE	592efd948c36c770731ffd08	Consulta de processos (Protocolo)	1	1	1	False	1	1	1	1	0	1	1	1	0	1	1	1	0	0	0	0	8	5	13	['Etapa: ', 1, 'Title', 1, 'Etapa: ', 1, 'Description', 1]
590880628c36c708368e836e	IPASEAL SAÚDE	592effc68c36c770731ffd0a	Perícia Odontológica	1	1	1	False	1	1	1	1	0	1	1	1	0	2	2	2	6	1	1	1	8	5	13	['Etapa: ', 1, 'Title', 1, 'Etapa: ', 1, 'Description', 1, 'Etapa: ', 1, 'Documents', 1, 'Etapa: ', 1, 'Documents Cases', 1, 'Etapa: ', 1, 'Documents', 1, 'Etapa: ', 1, 'Documents', 1, 'Etapa: ', 2, 'Title', 1, 'Etapa: ', 2, 'Description', 1, 'Etapa: ', 2, 'Documents', 1, 'Etapa: ', 2, 'Documents', 1, 'Etapa: ', 2, 'Documents', 1, 'Etapa: ', 2, 'Type Channel', 1, 'Etapa: ', 2, 'Cost', 1]
590880628c36c708368e836e	IPASEAL SAÚDE	592f0afa8c36c71e3e2b0b53	Perícia Médica	1	1	1	False	1	1	1	1	0	1	1	1	0	1	1	1	3	0	0	0	8	5	13	['Etapa: ', 1, 'Title', 1, 'Etapa: ', 1, 'Description', 1, 'Etapa: ', 1, 'Documents', 1, 'Etapa: ', 1, 'Documents', 1, 'Etapa: ', 1, 'Documents', 1]
590880628c36c708368e836e	IPASEAL SAÚDE	59302f8a8c36c7519c6e47ca	Segunda via de pagamento da mensalidade do plano	1	1	1	False	1	1	1	1	0	1	1	1	0	1	1	1	2	0	0	0	8	5	13	['Etapa: ', 1, 'Title', 1, 'Etapa: ', 1, 'Description', 1, 'Etapa: ', 1, 'Documents', 1, 'Etapa: ', 1, 'Documents', 1]
590880628c36c708368e836e	IPASEAL SAÚDE	59303e8f8c36c75a9871023c	Autorização de consultas / exames	1	1	1	False	1	1	1	1	0	1	1	1	0	1	1	1	3	0	0	0	8	5	13	['Etapa: ', 1, 'Title', 1, 'Etapa: ', 1, 'Description', 1, 'Etapa: ', 1, 'Documents', 1, 'Etapa: ', 1, 'Documents', 1, 'Etapa: ', 1, 'Documents', 1]
590880628c36c708368e836e	IPASEAL SAÚDE	59303f428c36c7519c6e47d1	Autorização de Internamento	1	1	1	False	1	1	1	1	0	1	1	1	0	1	1	1	3	0	1	1	8	5	13	['Etapa: ', 1, 'Title', 1, 'Etapa: ', 1, 'Description', 1, 'Etapa: ', 1, 'Documents', 1, 'Etapa: ', 1, 'Documents', 1, 'Etapa: ', 1, 'Documents', 1, 'Etapa: ', 1, 'Type Channel', 1, 'Etapa: ', 1, 'Cost', 1]
590880628c36c708368e836e	IPASEAL SAÚDE	593049aa8c36c7519c6e47d3	Novas Adesões	1	1	1	False	1	1	1	1	0	1	1	1	0	2	2	2	7	0	1	1	8	5	13	['Etapa: ', 1, 'Title', 1, 'Etapa: ', 1, 'Description', 1, 'Etapa: ', 1, 'Documents', 1, 'Etapa: ', 1, 'Documents', 1, 'Etapa: ', 1, 'Documents', 1, 'Etapa: ', 1, 'Documents', 1, 'Etapa: ', 1, 'Documents', 1, 'Etapa: ', 1, 'Documents', 1, 'Etapa: ', 1, 'Documents', 1, 'Etapa: ', 1, 'Type Channel', 1, 'Etapa: ', 1, 'Cost', 1, 'Etapa: ', 2, 'Title', 1, 'Etapa: ', 2, 'Description', 1]
590a38a68c36c731c7c20e8b	ITEC	593866718c36c71f328eac91	Digitalização de Acervo Permanente	1	1	1	True	1	1	1	1	0	1	1	1	0	3	3	3	0	0	0	0	8	5	13	['Etapa: ', 1, 'Title', 1, 'Etapa: ', 1, 'Description', 1, 'Etapa: ', 2, 'Title', 1, 'Etapa: ', 2, 'Description', 1, 'Etapa: ', 3, 'Title', 1, 'Etapa: ', 3, 'Description', 1]
590a38a68c36c731c7c20e8b	ITEC	593af6178c36c725d9c10fe2	Assessoramento, apoio e suporte aos líderes de projeto dos órgãos e secretarias do governo	1	1	1	True	1	1	1	1	1	1	1	1	1	3	3	3	0	0	0	0	8	7	15	['Etapa: ', 1, 'Title', 1, 'Etapa: ', 1, 'Description', 1, 'Etapa: ', 2, 'Title', 1, 'Etapa: ', 2, 'Description', 1, 'Etapa: ', 3, 'Title', 1, 'Etapa: ', 3, 'Description', 1]
590a38a68c36c731c7c20e8b	ITEC	593afd3c8c36c731af104e2c	Proporcionar treinamentos aos líderes de projetos das instituições e õrgãos no uso das ferramentas do ambiente operacional	1	1	1	True	1	1	1	1	0	1	1	1	0	3	3	3	0	0	0	0	8	5	13	['Etapa: ', 1, 'Title', 1, 'Etapa: ', 1, 'Description', 1, 'Etapa: ', 2, 'Title', 1, 'Etapa: ', 2, 'Description', 1, 'Etapa: ', 3, 'Title', 1, 'Etapa: ', 3, 'Description', 1]
590a38a68c36c731c7c20e8b	ITEC	594bf3268c36c705ccd1353d	Fábrica de Sistemas	1	1	1	True	1	1	1	1	0	1	1	1	0	3	3	3	1	0	0	0	8	5	13	['Etapa: ', 1, 'Title', 1, 'Etapa: ', 1, 'Description', 1, 'Etapa: ', 2, 'Title', 1, 'Etapa: ', 2, 'Description', 1, 'Etapa: ', 3, 'Title', 1, 'Etapa: ', 3, 'Description', 1, 'Etapa: ', 3, 'Documents', 1]
590a38a68c36c731c7c20e8b	ITEC	594c324d8c36c71ccd615f97	Suportar aos líderes de projetos em reuniões técnicas e em elaborações de documentação para ambiente de projetos	1	1	1	True	1	1	1	1	0	1	1	1	0	3	3	3	1	0	0	0	8	5	13	['Etapa: ', 1, 'Title', 1, 'Etapa: ', 1, 'Description', 1, 'Etapa: ', 2, 'Title', 1, 'Etapa: ', 2, 'Description', 1, 'Etapa: ', 2, 'Documents', 1, 'Etapa: ', 3, 'Title', 1, 'Etapa: ', 3, 'Description', 1]
590a38a68c36c731c7c20e8b	ITEC	594c39238c36c71ccd615f9b	Fábrica de Sítios	1	1	1	False	1	1	1	1	0	1	1	1	0	3	3	3	1	0	0	0	8	5	13	['Etapa: ', 1, 'Title', 1, 'Etapa: ', 1, 'Description', 1, 'Etapa: ', 2, 'Title', 1, 'Etapa: ', 2, 'Description', 1, 'Etapa: ', 3, 'Title', 1, 'Etapa: ', 3, 'Description', 1, 'Etapa: ', 3, 'Documents', 1]
590a38a68c36c731c7c20e8b	ITEC	594d2b5b8c36c7470556cf74	Servidor virtual tipo 1	1	1	1	True	1	1	1	1	0	1	1	1	0	1	1	1	0	0	0	0	8	5	13	['Etapa: ', 1, 'Title', 1, 'Etapa: ', 1, 'Description', 1]
590a38a68c36c731c7c20e8b	ITEC	594d2d718c36c7489a732efa	Servidor virtual tipo 2	1	1	1	True	1	1	1	1	0	1	1	1	0	1	1	1	0	0	0	0	8	5	13	['Etapa: ', 1, 'Title', 1, 'Etapa: ', 1, 'Description', 1]
590a38a68c36c731c7c20e8b	ITEC	594d2f728c36c74a20b09c35	Servidor virtual tipo 3	1	1	1	True	1	1	1	1	0	1	1	1	0	1	1	1	0	0	0	0	8	5	13	['Etapa: ', 1, 'Title', 1, 'Etapa: ', 1, 'Description', 1]
590a38a68c36c731c7c20e8b	ITEC	594d329c8c36c74bafa128f7	Colocation Servidor Blade	1	1	1	True	1	1	1	1	0	1	1	1	0	1	1	1	1	0	0	0	8	5	13	['Etapa: ', 1, 'Title', 1, 'Etapa: ', 1, 'Description', 1, 'Etapa: ', 1, 'Documents', 1]
590a38a68c36c731c7c20e8b	ITEC	595124f78c36c70fe2e74657	Hospedagem Banco MySQL	1	1	1	True	1	1	1	1	0	1	1	1	0	1	1	1	0	0	0	0	8	5	13	['Etapa: ', 1, 'Title', 1, 'Etapa: ', 1, 'Description', 1]
590a38a68c36c731c7c20e8b	ITEC	59527b238c36c76e5335fbfb	Hospedagem Banco Oracle	1	1	1	True	1	1	1	1	0	1	1	1	0	1	1	1	0	0	0	0	8	5	13	['Etapa: ', 1, 'Title', 1, 'Etapa: ', 1, 'Description', 1]
590a38a68c36c731c7c20e8b	ITEC	59527e948c36c76e5335fbff	VPN	1	1	1	False	1	1	1	1	0	1	1	1	0	1	1	1	0	0	0	0	8	5	13	['Etapa: ', 1, 'Title', 1, 'Etapa: ', 1, 'Description', 1]
590a38a68c36c731c7c20e8b	ITEC	59528a2b8c36c76e5335fc03	Consultoria Infraestrutura ou Redes	1	1	1	False	1	1	1	1	0	1	1	1	0	1	1	1	0	0	0	0	8	5	13	['Etapa: ', 1, 'Title', 1, 'Etapa: ', 1, 'Description', 1]
590a38a68c36c731c7c20e8b	ITEC	59528c848c36c772b210b7cf	Gerenciamento de Projetos	1	1	1	True	1	1	1	1	0	1	1	1	0	1	1	1	0	0	0	0	8	5	13	['Etapa: ', 1, 'Title', 1, 'Etapa: ', 1, 'Description', 1]
590a38a68c36c731c7c20e8b	ITEC	59528dc08c36c76e5335fc07	TREINAMENTO INT. GERENCIAMENTO DE PROJETOS E MS-PROJECT BÁSICO	1	1	1	True	1	1	1	1	0	1	1	1	0	1	1	1	0	0	0	0	8	5	13	['Etapa: ', 1, 'Title', 1, 'Etapa: ', 1, 'Description', 1]
590a38a68c36c731c7c20e8b	ITEC	5952921e8c36c76e5335fc08	TREINAMENTO ACESSOS AMBIENTE OPERACIONAL EPM-SHAREPOINT/MS-PROJECT	1	1	1	True	1	1	1	1	0	1	1	1	0	1	1	1	0	0	0	0	8	5	13	['Etapa: ', 1, 'Title', 1, 'Etapa: ', 1, 'Description', 1]
590a38a68c36c731c7c20e8b	ITEC	5953fb198c36c75aed5efffb	TREINAMENTO MS-PROJECT INTERMEDIÁRIO	1	1	1	True	1	1	1	1	0	1	1	1	0	1	1	1	0	0	0	0	8	5	13	['Etapa: ', 1, 'Title', 1, 'Etapa: ', 1, 'Description', 1]
590a38a68c36c731c7c20e8b	ITEC	5953fe2b8c36c75aed5efffd	TREINAMENTO MS-PROJECT AVANÇADO	1	1	1	True	1	1	1	1	0	1	1	1	0	1	1	1	0	0	0	0	8	5	13	['Etapa: ', 1, 'Title', 1, 'Etapa: ', 1, 'Description', 1]
590a38a68c36c731c7c20e8b	ITEC	595674bc8c36c763817c4e7b	MENTORING (ASSESSORIA EM GESTÃO PROJETOS AOS GPs) E CONSULTORIA EM GESTÃO DE PROJETOS	1	1	1	True	1	1	1	1	0	1	1	1	0	1	1	1	0	0	0	0	8	5	13	['Etapa: ', 1, 'Title', 1, 'Etapa: ', 1, 'Description', 1]
590a38a68c36c731c7c20e8b	ITEC	59567a3e8c36c763817c4e7d	AMBIENTE EPM-MSP/SHAREPOINT	1	1	1	True	1	1	1	1	0	1	1	1	0	1	1	1	0	0	0	0	8	5	13	['Etapa: ', 1, 'Title', 1, 'Etapa: ', 1, 'Description', 1]
590a38a68c36c731c7c20e8b	ITEC	595680738c36c763817c4e7f	Business Intelligence - BI	1	1	1	True	1	1	1	1	0	1	1	1	0	3	3	3	1	0	0	0	8	5	13	['Etapa: ', 1, 'Title', 1, 'Etapa: ', 1, 'Description', 1, 'Etapa: ', 2, 'Title', 1, 'Etapa: ', 2, 'Description', 1, 'Etapa: ', 3, 'Title', 1, 'Etapa: ', 3, 'Description', 1, 'Etapa: ', 3, 'Documents', 1]
590a38a68c36c731c7c20e8b	ITEC	595688358c36c763817c4e81	E-SIC	1	1	1	False	1	1	1	1	0	1	1	1	0	3	3	3	1	0	0	0	8	5	13	['Etapa: ', 1, 'Title', 1, 'Etapa: ', 1, 'Description', 1, 'Etapa: ', 2, 'Title', 1, 'Etapa: ', 2, 'Description', 1, 'Etapa: ', 3, 'Title', 1, 'Etapa: ', 3, 'Description', 1, 'Etapa: ', 3, 'Documents', 1]
590a38a68c36c731c7c20e8b	ITEC	5956a12a8c36c77d95585b0a	Portal da Transparência	1	1	1	False	1	1	1	1	0	1	1	1	0	3	3	3	1	0	0	0	8	5	13	['Etapa: ', 1, 'Title', 1, 'Etapa: ', 1, 'Description', 1, 'Etapa: ', 2, 'Title', 1, 'Etapa: ', 2, 'Description', 1, 'Etapa: ', 3, 'Title', 1, 'Etapa: ', 3, 'Description', 1, 'Etapa: ', 3, 'Documents', 1]
590a38a68c36c731c7c20e8b	ITEC	5956a27b8c36c77d95585b0c	Sistema de Gestão de Frotas	1	1	1	False	1	1	1	1	0	1	1	1	0	3	3	3	1	0	0	0	8	5	13	['Etapa: ', 1, 'Title', 1, 'Etapa: ', 1, 'Description', 1, 'Etapa: ', 2, 'Title', 1, 'Etapa: ', 2, 'Description', 1, 'Etapa: ', 3, 'Title', 1, 'Etapa: ', 3, 'Description', 1, 'Etapa: ', 3, 'Documents', 1]
590a38a68c36c731c7c20e8b	ITEC	5956a27d8c36c77d95585b0d	Almoxarifado	1	1	1	False	1	1	1	1	0	1	1	1	0	2	2	2	0	0	0	0	8	5	13	['Etapa: ', 1, 'Title', 1, 'Etapa: ', 1, 'Description', 1, 'Etapa: ', 2, 'Title', 1, 'Etapa: ', 2, 'Description', 1]
590a38a68c36c731c7c20e8b	ITEC	5956a49b8c36c77d95585b10	Ficha Funcional	1	1	1	False	1	1	1	1	0	1	1	1	0	3	3	3	1	0	1	1	8	5	13	['Etapa: ', 1, 'Title', 1, 'Etapa: ', 1, 'Description', 1, 'Etapa: ', 2, 'Title', 1, 'Etapa: ', 2, 'Description', 1, 'Etapa: ', 3, 'Title', 1, 'Etapa: ', 3, 'Description', 1, 'Etapa: ', 3, 'Documents', 1, 'Etapa: ', 3, 'Type Channel', 1, 'Etapa: ', 3, 'Cost', 1]
590a38a68c36c731c7c20e8b	ITEC	5956a5878c36c77d95585b12	Sistema de Contratos e Convênios	1	1	1	False	1	1	1	1	0	1	1	1	0	3	3	3	1	0	0	0	8	5	13	['Etapa: ', 1, 'Title', 1, 'Etapa: ', 1, 'Description', 1, 'Etapa: ', 2, 'Title', 1, 'Etapa: ', 2, 'Description', 1, 'Etapa: ', 3, 'Title', 1, 'Etapa: ', 3, 'Description', 1, 'Etapa: ', 3, 'Documents', 1]
590a38a68c36c731c7c20e8b	ITEC	5956a77f8c36c77d95585b14	Manutenção Corretiva e Adaptativa	1	1	1	False	1	1	1	1	0	1	1	1	0	3	3	3	1	0	0	0	8	5	13	['Etapa: ', 1, 'Title', 1, 'Etapa: ', 1, 'Description', 1, 'Etapa: ', 2, 'Title', 1, 'Etapa: ', 2, 'Description', 1, 'Etapa: ', 3, 'Title', 1, 'Etapa: ', 3, 'Description', 1, 'Etapa: ', 3, 'Documents', 1]
590a38a68c36c731c7c20e8b	ITEC	5956a7d58c36c77d95585b15	Sistema de Gestão Estratégica	1	1	1	False	1	1	1	1	0	1	1	1	0	3	3	3	1	0	0	0	8	5	13	['Etapa: ', 1, 'Title', 1, 'Etapa: ', 1, 'Description', 1, 'Etapa: ', 2, 'Title', 1, 'Etapa: ', 2, 'Description', 1, 'Etapa: ', 3, 'Title', 1, 'Etapa: ', 3, 'Description', 1, 'Etapa: ', 3, 'Documents', 1]
590a38a68c36c731c7c20e8b	ITEC	5956a95c8c36c77d95585b19	Implantação de Sistemas de Terceiros	1	1	1	False	1	1	1	1	0	1	1	1	0	3	3	3	1	0	0	0	8	5	13	['Etapa: ', 1, 'Title', 1, 'Etapa: ', 1, 'Description', 1, 'Etapa: ', 2, 'Title', 1, 'Etapa: ', 2, 'Description', 1, 'Etapa: ', 3, 'Title', 1, 'Etapa: ', 3, 'Description', 1, 'Etapa: ', 3, 'Documents', 1]
590a38a68c36c731c7c20e8b	ITEC	5956a9e38c36c77d95585b1b	Análise e Diagnóstico de Ambientes Computacionais	1	1	1	False	1	1	1	1	0	1	1	1	0	3	3	3	1	0	0	0	8	5	13	['Etapa: ', 1, 'Title', 1, 'Etapa: ', 1, 'Description', 1, 'Etapa: ', 2, 'Title', 1, 'Etapa: ', 2, 'Description', 1, 'Etapa: ', 3, 'Title', 1, 'Etapa: ', 3, 'Description', 1, 'Etapa: ', 3, 'Documents', 1]
590a38a68c36c731c7c20e8b	ITEC	5956ab118c36c77d95585b1c	Controle de Acessos de Visitantes	1	1	1	False	1	1	1	1	0	1	1	1	0	3	3	3	1	0	0	0	8	5	13	['Etapa: ', 1, 'Title', 1, 'Etapa: ', 1, 'Description', 1, 'Etapa: ', 2, 'Title', 1, 'Etapa: ', 2, 'Description', 1, 'Etapa: ', 3, 'Title', 1, 'Etapa: ', 3, 'Description', 1, 'Etapa: ', 3, 'Documents', 1]
590a38a68c36c731c7c20e8b	ITEC	5956abae8c36c77d95585b1f	Manutenção Evolutiva	1	1	1	False	1	1	1	1	0	1	1	1	0	3	3	3	1	0	0	0	8	5	13	['Etapa: ', 1, 'Title', 1, 'Etapa: ', 1, 'Description', 1, 'Etapa: ', 2, 'Title', 1, 'Etapa: ', 2, 'Description', 1, 'Etapa: ', 3, 'Title', 1, 'Etapa: ', 3, 'Description', 1, 'Etapa: ', 3, 'Documents', 1]
590a38a68c36c731c7c20e8b	ITEC	5956ac2d8c36c77d95585b21	Ambiente de Desenvolvimento Corporativo	1	1	1	False	1	1	1	1	0	1	1	1	0	3	3	3	1	0	0	0	8	5	13	['Etapa: ', 1, 'Title', 1, 'Etapa: ', 1, 'Description', 1, 'Etapa: ', 2, 'Title', 1, 'Etapa: ', 2, 'Description', 1, 'Etapa: ', 3, 'Title', 1, 'Etapa: ', 3, 'Description', 1, 'Etapa: ', 3, 'Documents', 1]
590a38a68c36c731c7c20e8b	ITEC	5956add68c36c77d95585b22	Desenvolvimento de Aplicativos Móveis	1	1	1	False	1	1	1	1	0	1	1	1	0	3	3	3	1	0	0	0	8	5	13	['Etapa: ', 1, 'Title', 1, 'Etapa: ', 1, 'Description', 1, 'Etapa: ', 2, 'Title', 1, 'Etapa: ', 2, 'Description', 1, 'Etapa: ', 3, 'Title', 1, 'Etapa: ', 3, 'Description', 1, 'Etapa: ', 3, 'Documents', 1]
57617efd8c36c7464f000000	IMA	576282b68c36c74b0e000000	Defesa de infração	1	1	1	False	1	1	1	1	1	1	1	1	1	1	1	1	2	1	1	1	8	7	15	['Etapa: ', 1, 'Title', 1, 'Etapa: ', 1, 'Description', 1, 'Etapa: ', 1, 'Documents', 1, 'Etapa: ', 1, 'Documents', 1, 'Etapa: ', 1, 'Documents Cases', 1, 'Etapa: ', 1, 'Type Channel', 1, 'Etapa: ', 1, 'Cost', 1]
57617efd8c36c7464f000000	IMA	576285348c36c74c9d000000	Defesa prévia de Intimação	1	1	1	False	1	1	1	1	1	1	1	1	1	1	1	1	2	1	1	1	8	7	15	['Etapa: ', 1, 'Title', 1, 'Etapa: ', 1, 'Description', 1, 'Etapa: ', 1, 'Documents', 1, 'Etapa: ', 1, 'Documents', 1, 'Etapa: ', 1, 'Documents Cases', 1, 'Etapa: ', 1, 'Type Channel', 1, 'Etapa: ', 1, 'Cost', 1]
57617efd8c36c7464f000000	IMA	5762928f8c36c74e87000001	Denúncia de Infração Ambiental	1	1	1	False	1	1	1	1	1	1	1	1	1	1	2	2	2	0	1	0	10	7	17	['Etapa: ', 1, 'Title', 1, 'Etapa: ', 1, 'Description', 1, 'Etapa: ', 1, 'Documents', 1, 'Etapa: ', 1, 'Documents', 1, 'Etapa: ', 1, 'Type Channel', 1, 'Etapa: ', 1, 'Title', 1, 'Etapa: ', 1, 'Description', 1]
57617efd8c36c7464f000000	IMA	588b4b4c8c36c73b9d02f73b	Solicitação de análises de águas de mananciais de superfície (com tratamento e sem tratamento) e subterrâneo (com tratamento e sem tratamento).	1	1	1	True	1	1	1	1	0	1	1	1	0	1	1	1	0	0	0	0	8	5	13	['Etapa: ', 1, 'Title', 1, 'Etapa: ', 1, 'Description', 1]
57617efd8c36c7464f000000	IMA	588b4c168c36c73b9d02f73c	Solicitação de análises de efluentes (resíduos) industriais (com tratamento e sem tratamento) e de esgotamentos sanitários (com tratamento e sem tratamento).	1	1	1	True	1	1	1	1	0	1	1	1	0	1	1	1	0	0	0	0	8	5	13	['Etapa: ', 1, 'Title', 1, 'Etapa: ', 1, 'Description', 1]
57617efd8c36c7464f000000	IMA	589dce598c36c714d943b5f5	Monitoramento de qualidade das águas das praias do Estado de Alagoas (litoral norte-Maceió-litoral sul) para fins de balneabilidade.	1	1	1	False	1	1	1	1	0	1	1	1	0	1	1	1	1	0	2	1	8	5	13	['Etapa: ', 1, 'Title', 1, 'Etapa: ', 1, 'Description', 1, 'Etapa: ', 1, 'Documents', 1, 'Etapa: ', 1, 'Type Channel', 1, 'Etapa: ', 1, 'Type Channel', 1, 'Etapa: ', 1, 'Cost', 1]
57617efd8c36c7464f000000	IMA	589dcf448c36c714d943b5f6	Monitoramento de qualidade das águas do Complexo Estuarino Lagunar de Mundaú-Manguaba/CELMM (Lagunas Mundaú e Manguaba)	1	1	1	False	1	1	1	1	0	1	1	1	0	1	1	1	1	0	2	1	8	5	13	['Etapa: ', 1, 'Title', 1, 'Etapa: ', 1, 'Description', 1, 'Etapa: ', 1, 'Documents', 1, 'Etapa: ', 1, 'Type Channel', 1, 'Etapa: ', 1, 'Type Channel', 1, 'Etapa: ', 1, 'Cost', 1]
590a117e8c36c705ff74cad0	JUCEAL	59441fb68c36c72fb373d504	Inscrição do Primeiro estabelecimento no estado (sede)  ou Filial dentro ou Fora do Estado	1	1	1	True	0	1	1	1	0	1	1	1	0	2	2	2	5	2	1	0	8	4	12	['Etapa: ', 1, 'Title', 1, 'Etapa: ', 1, 'Description', 1, 'Etapa: ', 2, 'Title', 1, 'Etapa: ', 2, 'Description', 1, 'Etapa: ', 2, 'Documents', 1, 'Etapa: ', 2, 'Documents Cases', 1, 'Etapa: ', 2, 'Documents', 1, 'Etapa: ', 2, 'Documents', 1, 'Etapa: ', 2, 'Documents', 1, 'Etapa: ', 2, 'Documents', 1, 'Etapa: ', 2, 'Documents Cases', 1, 'Etapa: ', 2, 'Type Channel', 1, 'Etapa: ', 2, 'Cost', 0, 'Etapa: ', 2, 'Cost description', 1]
590a117e8c36c705ff74cad0	JUCEAL	595163a18c36c73712f00645	Alteração do Primeiro estabelicimento no estado (sede)  ou  Filial fora ou dentro do estado	1	1	1	True	0	1	1	1	0	1	1	1	1	5	5	5	0	0	0	0	8	5	13	['Etapa: ', 1, 'Title', 1, 'Etapa: ', 1, 'Description', 1, 'Etapa: ', 2, 'Title', 1, 'Etapa: ', 2, 'Description', 1, 'Etapa: ', 3, 'Title', 1, 'Etapa: ', 3, 'Description', 1, 'Etapa: ', 4, 'Title', 1, 'Etapa: ', 4, 'Description', 1, 'Etapa: ', 5, 'Title', 1, 'Etapa: ', 5, 'Description', 1]
590a117e8c36c705ff74cad0	JUCEAL	595164f38c36c73712f00648	Baixa do Primeiro estabelicimento no estado (sede)  ou  Filial fora ou dentro do estado	1	1	1	True	0	1	1	1	0	1	1	1	0	1	1	1	0	0	0	0	8	4	12	['Etapa: ', 1, 'Title', 1, 'Etapa: ', 1, 'Description', 1]
56d6de778c36c706ac000006	POAL	56dd60658c36c73000000000	1ª via da Identificação Civil	1	1	1	False	1	1	1	1	0	1	1	1	1	4	4	2	5	0	1	1	7	6	13	['Etapa: ', 1, 'Title', 1, 'Etapa: ', 1, 'Description', 1, 'Etapa: ', 1, 'Documents', 1, 'Etapa: ', 1, 'Documents', 1, 'Etapa: ', 1, 'Documents', 1, 'Etapa: ', 1, 'Documents', 1, 'Etapa: ', 1, 'Documents', 1, 'Etapa: ', 1, 'Type Channel', 1, 'Etapa: ', 1, 'Cost', 1, 'Etapa: ', 2, 'Title', 1, 'Etapa: ', 2, 'Description', 0, 'Etapa: ', 3, 'Title', 1, 'Etapa: ', 3, 'Description', 0, 'Etapa: ', 4, 'Title', 1, 'Etapa: ', 4, 'Description', 1]
56d6de778c36c706ac000006	POAL	56dd637c8c36c73138000000	2ª via da Identificação Civil	1	1	0	True	1	1	1	1	0	1	1	1	0	4	4	3	8	0	1	1	6	5	11	['Etapa: ', 1, 'Title', 1, 'Etapa: ', 1, 'Description', 1, 'Etapa: ', 1, 'Documents', 1, 'Etapa: ', 1, 'Documents', 1, 'Etapa: ', 1, 'Documents', 1, 'Etapa: ', 1, 'Documents', 1, 'Etapa: ', 1, 'Documents', 1, 'Etapa: ', 1, 'Documents', 1, 'Etapa: ', 1, 'Type Channel', 1, 'Etapa: ', 1, 'Cost', 1, 'Etapa: ', 1, 'Cost description', 1, 'Etapa: ', 2, 'Title', 1, 'Etapa: ', 2, 'Description', 1, 'Etapa: ', 2, 'Documents', 1, 'Etapa: ', 2, 'Documents', 1, 'Etapa: ', 3, 'Title', 1, 'Etapa: ', 3, 'Description', 0, 'Etapa: ', 4, 'Title', 1, 'Etapa: ', 4, 'Description', 1]
590b28bf8c36c76305bd6326	SEAGRI	594d4d748c36c75f49163336	Distribuição de alevinos	1	1	1	False	1	1	1	1	1	1	1	1	1	1	1	1	3	0	0	0	8	7	15	['Etapa: ', 1, 'Title', 1, 'Etapa: ', 1, 'Description', 1, 'Etapa: ', 1, 'Documents', 1, 'Etapa: ', 1, 'Documents', 1, 'Etapa: ', 1, 'Documents', 1]
590a3bcd8c36c731c7c20e8c	SEADES	5952b6b88c36c710e6455690	Acesso ao Programa Bolsa Família	1	1	1	False	1	1	1	1	0	1	1	1	1	1	1	1	5	0	0	0	8	6	14	['Etapa: ', 1, 'Title', 1, 'Etapa: ', 1, 'Description', 1, 'Etapa: ', 1, 'Documents', 1, 'Etapa: ', 1, 'Documents', 1, 'Etapa: ', 1, 'Documents', 1, 'Etapa: ', 1, 'Documents', 1, 'Etapa: ', 1, 'Documents', 1]
590a3bcd8c36c731c7c20e8c	SEADES	5952be268c36c710e6455695	Serviço de Proteção e Atendimento Especializado a Famílias e Indivíduos	1	1	1	False	1	1	1	1	0	1	1	1	1	1	1	1	0	0	0	0	8	6	14	['Etapa: ', 1, 'Title', 1, 'Etapa: ', 1, 'Description', 1]
590a3bcd8c36c731c7c20e8c	SEADES	5952c83b8c36c72478500efd	Serviço de Proteção e Atendimento Integral à família	1	1	1	False	1	1	1	1	0	1	1	1	1	1	1	1	0	0	0	0	8	6	14	['Etapa: ', 1, 'Title', 1, 'Etapa: ', 1, 'Description', 1]
588baf3e8c36c708b4355183	SECTI	588f7cfc8c36c73b35efc463	Cadastramento de eventos na Semana Estadual de Ciência e Tecnologia	1	1	1	False	1	1	1	1	0	1	1	1	0	2	2	1	0	0	0	0	7	5	12	['Etapa: ', 1, 'Title', 1, 'Etapa: ', 1, 'Description', 0, 'Etapa: ', 2, 'Title', 1, 'Etapa: ', 2, 'Description', 1]
588bb11a8c36c708b4355184	SECOM	59e89111e573a35ca98786a7	Notícias oficiais das ações do Governo de Alagoas	1	1	1	False	1	1	1	1	0	1	1	1	1	1	1	1	0	0	0	0	8	6	14	['Etapa: ', 1, 'Title', 1, 'Etapa: ', 1, 'Description', 1]
596e4b0f8c36c70a18c2cc90	SECULT	59c3cb4a8c36c74fb449e21b	Agendamento de visitação na Biblioteca Pública Estadual Graciliano Ramos	1	1	1	False	1	1	1	1	0	1	1	1	0	1	1	1	0	0	0	0	8	5	13	['Etapa: ', 1, 'Title', 1, 'Etapa: ', 1, 'Description', 1]
596e4b0f8c36c70a18c2cc90	SECULT	59c3cd318c36c74fb449e21f	Agendamento de visitação de grupos ao Museu da Imagem e do Som de Alagoas	1	1	1	False	1	1	1	1	0	1	1	1	0	1	1	1	0	0	0	0	8	5	13	['Etapa: ', 1, 'Title', 1, 'Etapa: ', 1, 'Description', 1]
596e4b0f8c36c70a18c2cc90	SECULT	59c3d5a08c36c74fb449e221	Matrículas para cursos do Centro de Belas Artes de Alagoas	1	1	1	False	1	1	1	1	0	1	1	1	0	2	2	2	3	2	1	1	8	5	13	['Etapa: ', 1, 'Title', 1, 'Etapa: ', 1, 'Description', 1, 'Etapa: ', 2, 'Title', 1, 'Etapa: ', 2, 'Description', 1, 'Etapa: ', 2, 'Documents', 1, 'Etapa: ', 2, 'Documents Cases', 1, 'Etapa: ', 2, 'Documents', 1, 'Etapa: ', 2, 'Documents', 1, 'Etapa: ', 2, 'Documents Cases', 1, 'Etapa: ', 2, 'Type Channel', 1, 'Etapa: ', 2, 'Cost', 1]
5908eaf78c36c7723803da8f	SEDUC	593ee9cb8c36c705e3a2e0a7	Dados Educacionais	1	1	1	False	1	1	1	1	0	1	1	1	1	2	1	1	0	0	0	0	6	6	12	['Etapa: ', 1, 'Title', 1, 'Etapa: ', 1, 'Description', 1, 'Etapa: ', 2, 'Title', 0, 'Etapa: ', 2, 'Description', 0]
5908eaf78c36c7723803da8f	SEDUC	593eef578c36c77940ef2098	Certificação por meio do ENEM	1	1	1	False	1	1	1	1	0	1	1	1	1	1	1	1	2	0	1	1	8	6	14	['Etapa: ', 1, 'Title', 1, 'Etapa: ', 1, 'Description', 1, 'Etapa: ', 1, 'Documents', 1, 'Etapa: ', 1, 'Documents', 1, 'Etapa: ', 1, 'Type Channel', 1, 'Etapa: ', 1, 'Cost', 1]
5908eaf78c36c7723803da8f	SEDUC	593ef5978c36c7099eb45568	Inspeção Escolar	1	1	1	False	1	1	1	1	0	1	1	1	1	2	2	2	0	0	0	0	8	6	14	['Etapa: ', 1, 'Title', 1, 'Etapa: ', 1, 'Description', 1, 'Etapa: ', 2, 'Title', 1, 'Etapa: ', 2, 'Description', 1]
5908eaf78c36c7723803da8f	SEDUC	594008438c36c7258826f7e4	Certificação por meio do ENCCEJA	1	1	1	False	1	1	1	1	0	1	1	1	1	1	1	1	2	0	1	1	8	6	14	['Etapa: ', 1, 'Title', 1, 'Etapa: ', 1, 'Description', 1, 'Etapa: ', 1, 'Documents', 1, 'Etapa: ', 1, 'Documents', 1, 'Etapa: ', 1, 'Type Channel', 1, 'Etapa: ', 1, 'Cost', 1]
5908eaf78c36c7723803da8f	SEDUC	594009cb8c36c7258826f7e7	Emissão de documentos de escolas desativadas (EXTINTAS)	1	1	1	False	1	1	1	1	0	1	1	1	0	1	1	1	1	0	1	1	8	5	13	['Etapa: ', 1, 'Title', 1, 'Etapa: ', 1, 'Description', 1, 'Etapa: ', 1, 'Documents', 1, 'Etapa: ', 1, 'Type Channel', 1, 'Etapa: ', 1, 'Cost', 1]
5908eaf78c36c7723803da8f	SEDUC	59400caf8c36c7258826f7ea	Validação de documentos de vida escolar	1	1	1	False	1	1	1	1	0	1	1	1	1	2	2	2	3	0	2	1	8	6	14	['Etapa: ', 1, 'Title', 1, 'Etapa: ', 1, 'Description', 1, 'Etapa: ', 1, 'Documents', 1, 'Etapa: ', 1, 'Type Channel', 1, 'Etapa: ', 1, 'Cost', 1, 'Etapa: ', 2, 'Title', 1, 'Etapa: ', 2, 'Description', 1, 'Etapa: ', 2, 'Documents', 1, 'Etapa: ', 2, 'Documents', 1, 'Etapa: ', 2, 'Type Channel', 1, 'Etapa: ', 2, 'Cost', 1]
5908eaf78c36c7723803da8f	SEDUC	5945c0bb8c36c730b8b47dba	Exames Supletivos em caráter Especial	1	1	1	False	1	1	1	1	1	1	1	1	0	2	2	2	4	0	2	1	8	6	14	['Etapa: ', 1, 'Title', 1, 'Etapa: ', 1, 'Description', 1, 'Etapa: ', 1, 'Documents', 1, 'Etapa: ', 1, 'Documents', 1, 'Etapa: ', 1, 'Documents', 1, 'Etapa: ', 1, 'Type Channel', 1, 'Etapa: ', 1, 'Cost', 1, 'Etapa: ', 2, 'Title', 1, 'Etapa: ', 2, 'Description', 1, 'Etapa: ', 2, 'Documents', 1, 'Etapa: ', 2, 'Type Channel', 1, 'Etapa: ', 2, 'Cost', 1]
5908eaf78c36c7723803da8f	SEDUC	5945cd798c36c73b028c3b78	Pesquisa das Unidades Escolares da rede estadual	1	1	1	False	1	1	1	1	0	1	1	1	1	1	1	1	0	0	0	0	8	6	14	['Etapa: ', 1, 'Title', 1, 'Etapa: ', 1, 'Description', 1]
5750117e8c36c718eb000005	SEFAZ	5786692c8c36c77bdc000002	Emissão de DAR - Documento de Arrecadação	1	1	1	False	1	1	1	1	1	1	1	1	0	1	1	1	1	0	1	1	8	6	14	['Etapa: ', 1, 'Title', 1, 'Etapa: ', 1, 'Description', 1, 'Etapa: ', 1, 'Documents', 1, 'Etapa: ', 1, 'Type Channel', 1, 'Etapa: ', 1, 'Cost', 1]
5750117e8c36c718eb000005	SEFAZ	57866c818c36c77dc1000000	Nota Fiscal Cidadã	1	1	1		1	1	1	1	1	1	1	1	0	1	1	1	1	0	1	1	8	6	14	['Etapa: ', 1, 'Title', 1, 'Etapa: ', 1, 'Description', 1, 'Etapa: ', 1, 'Documents', 1, 'Etapa: ', 1, 'Type Channel', 1, 'Etapa: ', 1, 'Cost', 1]
5750117e8c36c718eb000005	SEFAZ	57b5d6f48c36c744de000000	Certidão Negativa de Débitos	1	1	1	True	1	1	1	1	1	1	1	1	1	1	4	4	13	1	3	0	14	7	21	['Etapa: ', 1, 'Title', 1, 'Etapa: ', 1, 'Description', 1, 'Etapa: ', 1, 'Documents', 1, 'Etapa: ', 1, 'Documents', 1, 'Etapa: ', 1, 'Documents', 1, 'Etapa: ', 1, 'Documents', 1, 'Etapa: ', 1, 'Documents', 1, 'Etapa: ', 1, 'Documents', 1, 'Etapa: ', 1, 'Documents', 1, 'Etapa: ', 1, 'Documents', 1, 'Etapa: ', 1, 'Documents Cases', 1, 'Etapa: ', 1, 'Type Channel', 1, 'Etapa: ', 1, 'Title', 1, 'Etapa: ', 1, 'Description', 1, 'Etapa: ', 1, 'Documents', 1, 'Etapa: ', 1, 'Documents', 1, 'Etapa: ', 1, 'Documents', 1, 'Etapa: ', 1, 'Type Channel', 1, 'Etapa: ', 1, 'Title', 1, 'Etapa: ', 1, 'Description', 1, 'Etapa: ', 1, 'Documents', 1, 'Etapa: ', 1, 'Documents', 1, 'Etapa: ', 1, 'Type Channel', 1, 'Etapa: ', 1, 'Title', 1, 'Etapa: ', 1, 'Description', 1]
5750117e8c36c718eb000005	SEFAZ	588fb5538c36c7167565e3d6	Emissão de dar-documento de arrecadação do simples nacional	1	1	1	False	1	1	1	1	0	1	1	1	1	1	1	1	1	0	0	0	8	6	14	['Etapa: ', 1, 'Title', 1, 'Etapa: ', 1, 'Description', 1, 'Etapa: ', 1, 'Documents', 1]
5750117e8c36c718eb000005	SEFAZ	588fbb698c36c7239917ff56	Termo de Confissão de dívida da Receita Tributada Omitida	1	1	1	False	1	1	1	1	0	1	1	1	1	1	1	1	0	0	0	0	8	6	14	['Etapa: ', 1, 'Title', 1, 'Etapa: ', 1, 'Description', 1]
5750117e8c36c718eb000005	SEFAZ	5890c34c8c36c72dca7569ed	Nota Fiscal do Consumidor Eletrônica - NFC-e	1	0	1	True	1	1	1	1	1	1	1	1	1	1	1	1	0	0	0	0	8	6	14	['Etapa: ', 1, 'Title', 1, 'Etapa: ', 1, 'Description', 1]
5750117e8c36c718eb000005	SEFAZ	5890c3a28c36c72dca7569ee	Conhecimento de Transporte Eletrônico - CT-e	1	1	1	False	1	1	1	1	0	1	1	1	1	1	1	1	0	0	0	0	8	6	14	['Etapa: ', 1, 'Title', 1, 'Etapa: ', 1, 'Description', 1]
5750117e8c36c718eb000005	SEFAZ	5890c3f48c36c72dca7569ef	Manifesto de Documentos Fiscais Eletrônicos - MDF-e	1	1	1	False	1	1	1	1	0	1	1	1	1	1	1	1	0	0	0	0	8	6	14	['Etapa: ', 1, 'Title', 1, 'Etapa: ', 1, 'Description', 1]
5750117e8c36c718eb000005	SEFAZ	5890c6108c36c72dca7569f3	Inscrição Estadual da Emenda Constitucional Nº 87/2015	1	1	1	True	1	1	1	1	0	1	1	1	1	2	2	2	8	0	0	0	8	6	14	['Etapa: ', 1, 'Title', 1, 'Etapa: ', 1, 'Description', 1, 'Etapa: ', 1, 'Documents', 1, 'Etapa: ', 1, 'Documents', 1, 'Etapa: ', 1, 'Documents', 1, 'Etapa: ', 1, 'Documents', 1, 'Etapa: ', 1, 'Documents', 1, 'Etapa: ', 1, 'Documents', 1, 'Etapa: ', 1, 'Documents', 1, 'Etapa: ', 2, 'Title', 1, 'Etapa: ', 2, 'Description', 1, 'Etapa: ', 2, 'Documents', 1]
596e4d008c36c70a18c2cc92	SESAU	59aee7c28c36c76afbdf5a33	Serviço Médico de Emergência	1	1	1	False	1	1	1	1	0	1	1	1	1	3	3	3	2	0	0	0	8	6	14	['Etapa: ', 1, 'Title', 1, 'Etapa: ', 1, 'Description', 1, 'Etapa: ', 1, 'Documents', 1, 'Etapa: ', 1, 'Documents', 1, 'Etapa: ', 2, 'Title', 1, 'Etapa: ', 2, 'Description', 1, 'Etapa: ', 3, 'Title', 1, 'Etapa: ', 3, 'Description', 1]
596e4d008c36c70a18c2cc92	SESAU	59aee99d8c36c76afbdf5a35	Serviço de  Emergência em Pediatria	1	1	1	False	1	1	1	1	0	1	1	1	1	3	3	3	2	0	1	1	8	6	14	['Etapa: ', 1, 'Title', 1, 'Etapa: ', 1, 'Description', 1, 'Etapa: ', 1, 'Documents', 1, 'Etapa: ', 1, 'Documents', 1, 'Etapa: ', 1, 'Type Channel', 1, 'Etapa: ', 1, 'Cost', 1, 'Etapa: ', 2, 'Title', 1, 'Etapa: ', 2, 'Description', 1, 'Etapa: ', 3, 'Title', 1, 'Etapa: ', 3, 'Description', 1]
596e4d008c36c70a18c2cc92	SESAU	59aeeb128c36c76afbdf5a37	Serviço de Ortopedia e Traumatologia	1	1	1	False	1	1	1	1	0	1	1	1	1	3	3	3	3	0	0	0	8	6	14	['Etapa: ', 1, 'Title', 1, 'Etapa: ', 1, 'Description', 1, 'Etapa: ', 1, 'Documents', 1, 'Etapa: ', 1, 'Documents', 1, 'Etapa: ', 2, 'Title', 1, 'Etapa: ', 2, 'Description', 1, 'Etapa: ', 2, 'Documents', 1, 'Etapa: ', 3, 'Title', 1, 'Etapa: ', 3, 'Description', 1]
596e4d008c36c70a18c2cc92	SESAU	59aeec6f8c36c76afbdf5a39	Serviço de Atendimento ao AVC	1	1	1	False	1	1	1	1	0	1	1	1	1	1	1	1	2	0	1	1	8	6	14	['Etapa: ', 1, 'Title', 1, 'Etapa: ', 1, 'Description', 1, 'Etapa: ', 1, 'Documents', 1, 'Etapa: ', 1, 'Documents', 1, 'Etapa: ', 1, 'Type Channel', 1, 'Etapa: ', 1, 'Cost', 1]
596e4d008c36c70a18c2cc92	SESAU	59aeedce8c36c76afbdf5a3b	Serviço de Atendimento Cardiológico	1	1	1	False	1	1	1	1	0	1	1	1	0	1	1	1	2	0	1	1	8	5	13	['Etapa: ', 1, 'Title', 1, 'Etapa: ', 1, 'Description', 1, 'Etapa: ', 1, 'Documents', 1, 'Etapa: ', 1, 'Documents', 1, 'Etapa: ', 1, 'Type Channel', 1, 'Etapa: ', 1, 'Cost', 1]
596e4d008c36c70a18c2cc92	SESAU	59aeef2b8c36c76afbdf5a3d	Serviço de Atendimento aos Queimados	1	1	1	False	1	1	1	1	0	1	1	1	1	1	1	1	2	0	1	1	8	6	14	['Etapa: ', 1, 'Title', 1, 'Etapa: ', 1, 'Description', 1, 'Etapa: ', 1, 'Documents', 1, 'Etapa: ', 1, 'Documents', 1, 'Etapa: ', 1, 'Type Channel', 1, 'Etapa: ', 1, 'Cost', 1]
596e4d008c36c70a18c2cc92	SESAU	59c53d018c36c70694747ef3	Cirurgia Eletiva	1	1	1	False	1	1	1	1	0	1	1	1	1	3	3	3	1	0	1	1	8	6	14	['Etapa: ', 1, 'Title', 1, 'Etapa: ', 1, 'Description', 1, 'Etapa: ', 1, 'Documents', 1, 'Etapa: ', 1, 'Type Channel', 1, 'Etapa: ', 1, 'Cost', 1, 'Etapa: ', 2, 'Title', 1, 'Etapa: ', 2, 'Description', 1, 'Etapa: ', 3, 'Title', 1, 'Etapa: ', 3, 'Description', 1]
596e4d008c36c70a18c2cc92	SESAU	59c549a68c36c70694747ef7	Atendimento em Obstetrícia Hospitalar	1	1	1	False	1	1	1	1	0	1	1	1	1	1	1	1	1	0	1	1	8	6	14	['Etapa: ', 1, 'Title', 1, 'Etapa: ', 1, 'Description', 1, 'Etapa: ', 1, 'Documents', 1, 'Etapa: ', 1, 'Type Channel', 1, 'Etapa: ', 1, 'Cost', 1]
596e4d008c36c70a18c2cc92	SESAU	59c551b88c36c7461539f989	Serviço de Urgência odontológica 24 horas	1	1	1	False	1	1	1	1	0	1	1	1	1	1	1	1	1	0	1	1	8	6	14	['Etapa: ', 1, 'Title', 1, 'Etapa: ', 1, 'Description', 1, 'Etapa: ', 1, 'Documents', 1, 'Etapa: ', 1, 'Type Channel', 1, 'Etapa: ', 1, 'Cost', 1]
596e4d008c36c70a18c2cc92	SESAU	59c913398c36c75428f54b4f	Ouvidoria SUS	1	1	1	False	1	1	1	1	0	1	1	1	0	1	1	1	0	0	0	0	8	5	13	['Etapa: ', 1, 'Title', 1, 'Etapa: ', 1, 'Description', 1]
596e4d008c36c70a18c2cc92	SESAU	59c914b68c36c75428f54b52	Denúncias	1	1	1	False	1	1	1	1	1	1	1	1	0	1	1	1	0	0	0	0	8	6	14	['Etapa: ', 1, 'Title', 1, 'Etapa: ', 1, 'Description', 1]
596e4d008c36c70a18c2cc92	SESAU	59c916558c36c75428f54b54	Inspeção Sanitária	1	1	1	True	1	1	1	1	0	1	1	1	0	1	1	1	1	0	0	0	8	5	13	['Etapa: ', 1, 'Title', 1, 'Etapa: ', 1, 'Description', 1, 'Etapa: ', 1, 'Documents', 1]
596e4d008c36c70a18c2cc92	SESAU	59c917d48c36c75428f54b56	Palestras	1	1	1	False	1	1	1	1	0	1	1	1	1	1	1	1	1	0	0	0	8	6	14	['Etapa: ', 1, 'Title', 1, 'Etapa: ', 1, 'Description', 1, 'Etapa: ', 1, 'Documents', 1]
596e4d008c36c70a18c2cc92	SESAU	59c918778c36c75428f54b58	Notificação de receituário azul, amarelo ou de talidomida.	1	1	1	False	1	1	1	1	0	1	1	1	0	1	1	1	1	0	0	0	8	5	13	['Etapa: ', 1, 'Title', 1, 'Etapa: ', 1, 'Description', 1, 'Etapa: ', 1, 'Documents', 1]
596e4d008c36c70a18c2cc92	SESAU	59ca69d38c36c734792345b6	Progressão funcional por Classe	1	1	1	False	1	1	1	1	0	1	1	1	0	2	2	2	2	0	2	1	8	5	13	['Etapa: ', 1, 'Title', 1, 'Etapa: ', 1, 'Description', 1, 'Etapa: ', 1, 'Documents', 1, 'Etapa: ', 1, 'Type Channel', 1, 'Etapa: ', 1, 'Cost', 1, 'Etapa: ', 2, 'Title', 1, 'Etapa: ', 2, 'Description', 1, 'Etapa: ', 2, 'Documents', 1, 'Etapa: ', 2, 'Type Channel', 1, 'Etapa: ', 2, 'Cost', 1]
596e4d008c36c70a18c2cc92	SESAU	59ce83d78c36c73b90d035d1	Acesso de Aluno para Estágio na SESAU	1	1	1	False	1	1	1	1	0	1	1	1	0	2	2	2	2	0	0	0	8	5	13	['Etapa: ', 1, 'Title', 1, 'Etapa: ', 1, 'Description', 1, 'Etapa: ', 1, 'Documents', 1, 'Etapa: ', 2, 'Title', 1, 'Etapa: ', 2, 'Description', 1, 'Etapa: ', 2, 'Documents', 1]
590a256e8c36c731c7c20e88	SEDETUR	594ae8fd8c36c751e983dd3c	Cadastro de Turismo do Ministério do Turismo	1	1	1	False	1	1	1	1	1	1	1	1	1	1	1	1	9	9	2	1	8	7	15	['Etapa: ', 1, 'Title', 1, 'Etapa: ', 1, 'Description', 1, 'Etapa: ', 1, 'Documents', 1, 'Etapa: ', 1, 'Documents Cases', 1, 'Etapa: ', 1, 'Documents', 1, 'Etapa: ', 1, 'Documents Cases', 1, 'Etapa: ', 1, 'Documents', 1, 'Etapa: ', 1, 'Documents Cases', 1, 'Etapa: ', 1, 'Documents', 1, 'Etapa: ', 1, 'Documents Cases', 1, 'Etapa: ', 1, 'Documents', 1, 'Etapa: ', 1, 'Documents Cases', 1, 'Etapa: ', 1, 'Documents', 1, 'Etapa: ', 1, 'Documents Cases', 1, 'Etapa: ', 1, 'Documents', 1, 'Etapa: ', 1, 'Documents Cases', 1, 'Etapa: ', 1, 'Documents', 1, 'Etapa: ', 1, 'Documents Cases', 1, 'Etapa: ', 1, 'Documents', 1, 'Etapa: ', 1, 'Documents Cases', 1, 'Etapa: ', 1, 'Type Channel', 1, 'Etapa: ', 1, 'Type Channel', 1, 'Etapa: ', 1, 'Cost', 1]
590a256e8c36c731c7c20e88	SEDETUR	594af3368c36c751e983dd4a	Incentivo Fiscal e Locacional	1	1	1	False	1	1	1	1	0	1	1	1	0	1	1	1	2	0	1	1	8	5	13	['Etapa: ', 1, 'Title', 1, 'Etapa: ', 1, 'Description', 1, 'Etapa: ', 1, 'Documents', 1, 'Etapa: ', 1, 'Documents', 1, 'Etapa: ', 1, 'Type Channel', 1, 'Etapa: ', 1, 'Cost', 1]
590a256e8c36c731c7c20e88	SEDETUR	594af88b8c36c76bebabba38	Registro de Desenho Industrial - Pessoa Física	1	1	1	True	1	1	1	1	1	1	1	1	1	1	1	1	1	0	1	1	8	7	15	['Etapa: ', 1, 'Title', 1, 'Etapa: ', 1, 'Description', 1, 'Etapa: ', 1, 'Documents', 1, 'Etapa: ', 1, 'Type Channel', 1, 'Etapa: ', 1, 'Cost', 1, 'Etapa: ', 1, 'Cost description', 1]
590a256e8c36c731c7c20e88	SEDETUR	594c281a8c36c71ccd615f8a	Registro de Desenho Industrial - Pessoa Jurídica	1	1	1	True	1	1	1	1	1	1	1	1	1	1	1	1	1	0	1	1	8	7	15	['Etapa: ', 1, 'Title', 1, 'Etapa: ', 1, 'Description', 1, 'Etapa: ', 1, 'Documents', 1, 'Etapa: ', 1, 'Type Channel', 1, 'Etapa: ', 1, 'Cost', 1, 'Etapa: ', 1, 'Cost description', 1]
590a256e8c36c731c7c20e88	SEDETUR	594c2d1e8c36c71ccd615f94	Pedido de Registro de Marca - Pessoa Física	1	1	1	True	1	1	1	1	1	1	1	1	1	1	1	1	1	0	1	1	8	7	15	['Etapa: ', 1, 'Title', 1, 'Etapa: ', 1, 'Description', 1, 'Etapa: ', 1, 'Documents', 1, 'Etapa: ', 1, 'Type Channel', 1, 'Etapa: ', 1, 'Cost', 1, 'Etapa: ', 1, 'Cost description', 1]
590a256e8c36c731c7c20e88	SEDETUR	594c2e238c36c71ccd615f96	Pedido de Registro de Marca - Pessoa Jurídica	1	1	1	True	1	1	1	1	1	1	1	1	1	1	1	1	1	0	1	1	8	7	15	['Etapa: ', 1, 'Title', 1, 'Etapa: ', 1, 'Description', 1, 'Etapa: ', 1, 'Documents', 1, 'Etapa: ', 1, 'Type Channel', 1, 'Etapa: ', 1, 'Cost', 1, 'Etapa: ', 1, 'Cost description', 1]
596e4b6c8c36c70a18c2cc91	SELAJ	59c3e3448c36c74fb449e224	Solicitação do PARTICIPAÊ	1	1	1	False	1	1	1	1	0	1	1	1	1	3	3	3	1	0	0	0	8	6	14	['Etapa: ', 1, 'Title', 1, 'Etapa: ', 1, 'Description', 1, 'Etapa: ', 1, 'Documents', 1, 'Etapa: ', 2, 'Title', 1, 'Etapa: ', 2, 'Description', 1, 'Etapa: ', 3, 'Title', 1, 'Etapa: ', 3, 'Description', 1]
596e4b6c8c36c70a18c2cc91	SELAJ	59c3f5e98c36c74fb449e226	Locação do Estádio Rei Pelé	1	1	1	True	1	1	1	1	0	1	1	1	1	3	3	3	0	0	0	0	8	6	14	['Etapa: ', 1, 'Title', 1, 'Etapa: ', 1, 'Description', 1, 'Etapa: ', 2, 'Title', 1, 'Etapa: ', 2, 'Description', 1, 'Etapa: ', 3, 'Title', 1, 'Etapa: ', 3, 'Description', 1]
596e4b6c8c36c70a18c2cc91	SELAJ	59c405728c36c74fb449e228	Locação de Pista de Atletismo	1	1	1	True	1	1	1	1	0	1	1	1	1	3	3	3	3	1	0	0	8	6	14	['Etapa: ', 1, 'Title', 1, 'Etapa: ', 1, 'Description', 1, 'Etapa: ', 1, 'Documents', 1, 'Etapa: ', 1, 'Documents Cases', 1, 'Etapa: ', 1, 'Documents', 1, 'Etapa: ', 1, 'Documents', 1, 'Etapa: ', 2, 'Title', 1, 'Etapa: ', 2, 'Description', 1, 'Etapa: ', 3, 'Title', 1, 'Etapa: ', 3, 'Description', 1]
596e4b6c8c36c70a18c2cc91	SELAJ	59c40ae68c36c701b2317f1b	LOCAÇÃO DE VESTIÁRIOS	1	1	1	True	1	1	1	1	0	1	1	1	1	3	3	3	4	1	0	0	8	6	14	['Etapa: ', 1, 'Title', 1, 'Etapa: ', 1, 'Description', 1, 'Etapa: ', 1, 'Documents', 1, 'Etapa: ', 1, 'Documents Cases', 1, 'Etapa: ', 1, 'Documents', 1, 'Etapa: ', 1, 'Documents', 1, 'Etapa: ', 1, 'Documents', 1, 'Etapa: ', 2, 'Title', 1, 'Etapa: ', 2, 'Description', 1, 'Etapa: ', 3, 'Title', 1, 'Etapa: ', 3, 'Description', 1]
596e4b6c8c36c70a18c2cc91	SELAJ	59c40e868c36c701b2317f1d	Locação das Arquibancadas Sem Refletores	1	1	1	True	1	1	1	1	0	1	1	1	1	3	3	3	4	0	0	0	8	6	14	['Etapa: ', 1, 'Title', 1, 'Etapa: ', 1, 'Description', 1, 'Etapa: ', 1, 'Documents', 1, 'Etapa: ', 1, 'Documents', 1, 'Etapa: ', 1, 'Documents', 1, 'Etapa: ', 1, 'Documents', 1, 'Etapa: ', 2, 'Title', 1, 'Etapa: ', 2, 'Description', 1, 'Etapa: ', 3, 'Title', 1, 'Etapa: ', 3, 'Description', 1]
576c1f518c36c72a90000000	SEMARH	588f6c9d8c36c7331f5f1276	Previsão do Tempo	1	1	1	False	1	1	1	1	0	1	1	1	0	1	2	2	1	0	1	0	10	5	15	['Etapa: ', 1, 'Title', 1, 'Etapa: ', 1, 'Description', 1, 'Etapa: ', 1, 'Documents', 1, 'Etapa: ', 1, 'Type Channel', 1, 'Etapa: ', 1, 'Title', 1, 'Etapa: ', 1, 'Description', 1]
576c1f518c36c72a90000000	SEMARH	588f6fa88c36c7331f5f1277	Boletim do nível dos rios de Alagoas	1	1	1	False	1	1	1	1	1	1	1	1	1	1	1	1	0	0	0	0	8	7	15	['Etapa: ', 1, 'Title', 1, 'Etapa: ', 1, 'Description', 1]
576c1f518c36c72a90000000	SEMARH	588f76658c36c73b35efc45f	Acompanhamento da Seca em Alagoas	1	1	1	False	1	1	1	1	1	1	1	1	1	1	1	1	0	0	0	0	8	7	15	['Etapa: ', 1, 'Title', 1, 'Etapa: ', 1, 'Description', 1]
56d723238c36c73983000000	SEPLAG	56d843df8c36c7486f000000	Emissão do Contracheque	1	1	0	False	1	1	1	1	0	1	1	1	0	2	2	2	2	1	2	1	7	5	12	['Etapa: ', 1, 'Title', 1, 'Etapa: ', 1, 'Description', 1, 'Etapa: ', 1, 'Documents', 1, 'Etapa: ', 1, 'Documents Cases', 1, 'Etapa: ', 1, 'Type Channel', 1, 'Etapa: ', 1, 'Cost', 1, 'Etapa: ', 2, 'Title', 1, 'Etapa: ', 2, 'Description', 1, 'Etapa: ', 2, 'Documents', 1, 'Etapa: ', 2, 'Type Channel', 1, 'Etapa: ', 2, 'Cost', 1]
56d723238c36c73983000000	SEPLAG	56d846958c36c7486f000002	Informe de Rendimento	1	1	1	False	1	1	1	1	0	1	1	1	0	2	2	2	1	0	1	1	8	5	13	['Etapa: ', 1, 'Title', 1, 'Etapa: ', 1, 'Description', 1, 'Etapa: ', 1, 'Documents', 1, 'Etapa: ', 1, 'Type Channel', 1, 'Etapa: ', 1, 'Cost', 1, 'Etapa: ', 2, 'Title', 1, 'Etapa: ', 2, 'Description', 1]
56d723238c36c73983000000	SEPLAG	56d866f68c36c75fb9000000	Licença para tratamento de saúde e Auxílio-doença	1	1	1	False	1	1	1	1	1	1	1	1	0	3	3	3	8	0	3	1	8	6	14	['Etapa: ', 1, 'Title', 1, 'Etapa: ', 1, 'Description', 1, 'Etapa: ', 2, 'Title', 1, 'Etapa: ', 2, 'Description', 1, 'Etapa: ', 2, 'Documents', 1, 'Etapa: ', 2, 'Documents', 1, 'Etapa: ', 2, 'Documents', 1, 'Etapa: ', 2, 'Documents', 1, 'Etapa: ', 2, 'Type Channel', 1, 'Etapa: ', 2, 'Type Channel', 1, 'Etapa: ', 2, 'Type Channel', 1, 'Etapa: ', 2, 'Cost', 1, 'Etapa: ', 3, 'Title', 1, 'Etapa: ', 3, 'Description', 1, 'Etapa: ', 3, 'Documents', 1, 'Etapa: ', 3, 'Documents', 1, 'Etapa: ', 3, 'Documents', 1, 'Etapa: ', 3, 'Documents', 1]
56d723238c36c73983000000	SEPLAG	56ead99d8c36c73e56000000	Licença à gestante em período pré-parto	1	1	1	False	1	1	1	1	1	1	1	1	0	4	4	4	9	0	4	1	8	6	14	['Etapa: ', 1, 'Title', 1, 'Etapa: ', 1, 'Description', 1, 'Etapa: ', 1, 'Documents', 1, 'Etapa: ', 1, 'Type Channel', 1, 'Etapa: ', 1, 'Cost', 1, 'Etapa: ', 2, 'Title', 1, 'Etapa: ', 2, 'Description', 1, 'Etapa: ', 2, 'Documents', 1, 'Etapa: ', 2, 'Documents', 1, 'Etapa: ', 2, 'Documents', 1, 'Etapa: ', 2, 'Documents', 1, 'Etapa: ', 2, 'Type Channel', 1, 'Etapa: ', 2, 'Type Channel', 1, 'Etapa: ', 2, 'Type Channel', 1, 'Etapa: ', 2, 'Cost', 1, 'Etapa: ', 3, 'Title', 1, 'Etapa: ', 3, 'Description', 1, 'Etapa: ', 3, 'Documents', 1, 'Etapa: ', 3, 'Documents', 1, 'Etapa: ', 3, 'Documents', 1, 'Etapa: ', 3, 'Documents', 1, 'Etapa: ', 4, 'Title', 1, 'Etapa: ', 4, 'Description', 1]
56d723238c36c73983000000	SEPLAG	56eae7ff8c36c744fb000000	Licença à gestante em período pós-parto	1	1	1	False	1	1	1	1	1	1	1	1	0	3	3	3	5	0	2	1	8	6	14	['Etapa: ', 1, 'Title', 1, 'Etapa: ', 1, 'Description', 1, 'Etapa: ', 1, 'Documents', 1, 'Etapa: ', 1, 'Type Channel', 1, 'Etapa: ', 1, 'Cost', 1, 'Etapa: ', 2, 'Title', 1, 'Etapa: ', 2, 'Description', 1, 'Etapa: ', 2, 'Documents', 1, 'Etapa: ', 2, 'Documents', 1, 'Etapa: ', 2, 'Documents', 1, 'Etapa: ', 2, 'Documents', 1, 'Etapa: ', 2, 'Type Channel', 1, 'Etapa: ', 2, 'Cost', 1, 'Etapa: ', 3, 'Title', 1, 'Etapa: ', 3, 'Description', 1]
56d723238c36c73983000000	SEPLAG	56eaedc68c36c749a1000000	Licença à gestante no caso de nascimento prematuro	1	1	1	False	1	1	1	1	1	1	1	1	0	3	3	3	5	0	1	1	8	6	14	['Etapa: ', 1, 'Title', 1, 'Etapa: ', 1, 'Description', 1, 'Etapa: ', 1, 'Documents', 1, 'Etapa: ', 1, 'Type Channel', 1, 'Etapa: ', 1, 'Cost', 1, 'Etapa: ', 2, 'Title', 1, 'Etapa: ', 2, 'Description', 1, 'Etapa: ', 2, 'Documents', 1, 'Etapa: ', 2, 'Documents', 1, 'Etapa: ', 2, 'Documents', 1, 'Etapa: ', 2, 'Documents', 1, 'Etapa: ', 3, 'Title', 1, 'Etapa: ', 3, 'Description', 1]
56d723238c36c73983000000	SEPLAG	56eaf2148c36c749a1000001	Licença à gestante no caso de aborto	1	1	1	False	1	1	1	1	1	1	1	1	0	4	4	4	5	0	1	1	8	6	14	['Etapa: ', 1, 'Title', 1, 'Etapa: ', 1, 'Description', 1, 'Etapa: ', 1, 'Documents', 1, 'Etapa: ', 1, 'Type Channel', 1, 'Etapa: ', 1, 'Cost', 1, 'Etapa: ', 2, 'Title', 1, 'Etapa: ', 2, 'Description', 1, 'Etapa: ', 2, 'Documents', 1, 'Etapa: ', 2, 'Documents', 1, 'Etapa: ', 2, 'Documents', 1, 'Etapa: ', 3, 'Title', 1, 'Etapa: ', 3, 'Description', 1, 'Etapa: ', 3, 'Documents', 1, 'Etapa: ', 4, 'Title', 1, 'Etapa: ', 4, 'Description', 1]
56d723238c36c73983000000	SEPLAG	56eaf4ef8c36c749a1000002	Licença à adotante para fins de adoção legal	1	1	1	False	1	1	1	1	1	1	1	1	0	3	3	3	4	0	2	1	8	6	14	['Etapa: ', 1, 'Title', 1, 'Etapa: ', 1, 'Description', 1, 'Etapa: ', 1, 'Documents', 1, 'Etapa: ', 1, 'Type Channel', 1, 'Etapa: ', 1, 'Cost', 1, 'Etapa: ', 2, 'Title', 1, 'Etapa: ', 2, 'Description', 1, 'Etapa: ', 2, 'Documents', 1, 'Etapa: ', 2, 'Documents', 1, 'Etapa: ', 2, 'Documents', 1, 'Etapa: ', 2, 'Type Channel', 1, 'Etapa: ', 2, 'Cost', 1, 'Etapa: ', 3, 'Title', 1, 'Etapa: ', 3, 'Description', 1]
56d723238c36c73983000000	SEPLAG	56ec07c08c36c76083000000	Licença por acidente em serviço ou doença profissional	1	1	1	False	1	1	1	1	1	1	1	1	0	5	5	5	8	0	4	1	8	6	14	['Etapa: ', 1, 'Title', 1, 'Etapa: ', 1, 'Description', 1, 'Etapa: ', 2, 'Title', 1, 'Etapa: ', 2, 'Description', 1, 'Etapa: ', 3, 'Title', 1, 'Etapa: ', 3, 'Description', 1, 'Etapa: ', 3, 'Documents', 1, 'Etapa: ', 3, 'Documents', 1, 'Etapa: ', 3, 'Documents', 1, 'Etapa: ', 3, 'Type Channel', 1, 'Etapa: ', 3, 'Type Channel', 1, 'Etapa: ', 3, 'Type Channel', 1, 'Etapa: ', 3, 'Cost', 1, 'Etapa: ', 4, 'Title', 1, 'Etapa: ', 4, 'Description', 1, 'Etapa: ', 4, 'Documents', 1, 'Etapa: ', 4, 'Documents', 1, 'Etapa: ', 4, 'Documents', 1, 'Etapa: ', 4, 'Documents', 1, 'Etapa: ', 4, 'Documents', 1, 'Etapa: ', 4, 'Type Channel', 1, 'Etapa: ', 4, 'Cost', 1, 'Etapa: ', 5, 'Title', 1, 'Etapa: ', 5, 'Description', 1]
56d723238c36c73983000000	SEPLAG	56f286a98c36c77782000000	Readaptação Funcional	1	1	1	False	1	1	1	1	1	1	1	1	1	4	4	4	4	1	1	1	8	7	15	['Etapa: ', 1, 'Title', 1, 'Etapa: ', 1, 'Description', 1, 'Etapa: ', 2, 'Title', 1, 'Etapa: ', 2, 'Description', 1, 'Etapa: ', 3, 'Title', 1, 'Etapa: ', 3, 'Description', 1, 'Etapa: ', 3, 'Documents', 1, 'Etapa: ', 3, 'Documents Cases', 1, 'Etapa: ', 3, 'Documents', 1, 'Etapa: ', 3, 'Documents', 1, 'Etapa: ', 3, 'Documents', 1, 'Etapa: ', 3, 'Type Channel', 1, 'Etapa: ', 3, 'Cost', 1, 'Etapa: ', 4, 'Title', 1, 'Etapa: ', 4, 'Description', 1]
56d723238c36c73983000000	SEPLAG	56f2a4288c36c70a84000000	Avaliação para isenção de imposto de renda e de contribuição previdenciária	1	1	1	False	1	1	1	1	1	1	1	1	0	2	2	2	8	0	1	1	8	6	14	['Etapa: ', 1, 'Title', 1, 'Etapa: ', 1, 'Description', 1, 'Etapa: ', 1, 'Documents', 1, 'Etapa: ', 1, 'Documents', 1, 'Etapa: ', 1, 'Documents', 1, 'Etapa: ', 1, 'Documents', 1, 'Etapa: ', 1, 'Documents', 1, 'Etapa: ', 1, 'Documents', 1, 'Etapa: ', 1, 'Documents', 1, 'Etapa: ', 1, 'Documents', 1, 'Etapa: ', 1, 'Type Channel', 1, 'Etapa: ', 1, 'Cost', 1, 'Etapa: ', 2, 'Title', 1, 'Etapa: ', 2, 'Description', 1]
56d723238c36c73983000000	SEPLAG	5729e71e8c36c73d60000001	Criação e alteração de senhas para o portal do servidor	1	1	1	False	1	1	1	1	0	1	1	1	0	1	1	1	4	0	0	0	8	5	13	['Etapa: ', 1, 'Title', 1, 'Etapa: ', 1, 'Description', 1, 'Etapa: ', 1, 'Documents', 1, 'Etapa: ', 1, 'Documents', 1, 'Etapa: ', 1, 'Documents', 1, 'Etapa: ', 1, 'Documents', 1]
56d723238c36c73983000000	SEPLAG	588752238c36c741e2ad7cbd	Documento para remoção por motivo de saúde	1	1	1	False	1	1	1	1	0	1	1	1	1	4	4	4	7	3	2	1	8	6	14	['Etapa: ', 1, 'Title', 1, 'Etapa: ', 1, 'Description', 1, 'Etapa: ', 1, 'Documents', 1, 'Etapa: ', 1, 'Documents Cases', 1, 'Etapa: ', 1, 'Documents', 1, 'Etapa: ', 1, 'Type Channel', 1, 'Etapa: ', 1, 'Cost', 1, 'Etapa: ', 2, 'Title', 1, 'Etapa: ', 2, 'Description', 1, 'Etapa: ', 2, 'Documents', 1, 'Etapa: ', 2, 'Documents', 1, 'Etapa: ', 2, 'Documents', 1, 'Etapa: ', 2, 'Documents', 1, 'Etapa: ', 2, 'Documents Cases', 1, 'Etapa: ', 3, 'Title', 1, 'Etapa: ', 3, 'Description', 1, 'Etapa: ', 4, 'Title', 1, 'Etapa: ', 4, 'Description', 1, 'Etapa: ', 4, 'Documents', 1, 'Etapa: ', 4, 'Documents Cases', 1, 'Etapa: ', 4, 'Type Channel', 1, 'Etapa: ', 4, 'Cost', 1]
56df02e98c36c74559000000	SETE	56df13948c36c75f96000000	Seguro-Desemprego	1	1	1	False	1	1	1	1	0	1	1	1	1	1	1	1	6	0	1	1	8	6	14	['Etapa: ', 1, 'Title', 1, 'Etapa: ', 1, 'Description', 1, 'Etapa: ', 1, 'Documents', 1, 'Etapa: ', 1, 'Documents', 1, 'Etapa: ', 1, 'Documents', 1, 'Etapa: ', 1, 'Documents', 1, 'Etapa: ', 1, 'Documents', 1, 'Etapa: ', 1, 'Documents', 1, 'Etapa: ', 1, 'Type Channel', 1, 'Etapa: ', 1, 'Cost', 1]
56df02e98c36c74559000000	SETE	57acb5e38c36c71119000000	Cadastro de emprego e consultas de vagas	1	1	1	False	1	1	1	1	0	1	1	1	1	1	1	1	4	0	1	1	8	6	14	['Etapa: ', 1, 'Title', 1, 'Etapa: ', 1, 'Description', 1, 'Etapa: ', 1, 'Documents', 1, 'Etapa: ', 1, 'Documents', 1, 'Etapa: ', 1, 'Documents', 1, 'Etapa: ', 1, 'Documents', 1, 'Etapa: ', 1, 'Type Channel', 1, 'Etapa: ', 1, 'Cost', 1]
56df02e98c36c74559000000	SETE	57b1dd908c36c75e61000003	Cadastro de trabalhador no Mais Emprego	1	1	1	False	1	1	1	1	0	1	1	1	0	1	1	1	4	0	1	1	8	5	13	['Etapa: ', 1, 'Title', 1, 'Etapa: ', 1, 'Description', 1, 'Etapa: ', 1, 'Documents', 1, 'Etapa: ', 1, 'Documents', 1, 'Etapa: ', 1, 'Documents', 1, 'Etapa: ', 1, 'Documents', 1, 'Etapa: ', 1, 'Type Channel', 1, 'Etapa: ', 1, 'Cost', 1]
56df02e98c36c74559000000	SETE	57b1f51e8c36c778ba000000	Captação de vagas e atendimento ao empresário	1	1	1	False	1	1	1	1	0	1	1	1	1	1	1	1	3	0	2	1	8	6	14	['Etapa: ', 1, 'Title', 1, 'Etapa: ', 1, 'Description', 1, 'Etapa: ', 1, 'Documents', 1, 'Etapa: ', 1, 'Documents', 1, 'Etapa: ', 1, 'Documents', 1, 'Etapa: ', 1, 'Type Channel', 1, 'Etapa: ', 1, 'Type Channel', 1, 'Etapa: ', 1, 'Cost', 1]
56df02e98c36c74559000000	SETE	57b5b9248c36c72fbb000002	Conserto de PIS	1	1	1	False	1	1	1	1	0	1	1	1	0	1	1	1	5	0	1	1	8	5	13	['Etapa: ', 1, 'Title', 1, 'Etapa: ', 1, 'Description', 1, 'Etapa: ', 1, 'Documents', 1, 'Etapa: ', 1, 'Documents', 1, 'Etapa: ', 1, 'Documents', 1, 'Etapa: ', 1, 'Documents', 1, 'Etapa: ', 1, 'Documents', 1, 'Etapa: ', 1, 'Type Channel', 1, 'Etapa: ', 1, 'Cost', 1]
57754bce8c36c702ca000003	SEBRAE	57b202b18c36c778ba000002	Baixa do MEI	1	1	1	False	1	1	1	1	0	1	1	1	1	1	1	1	4	0	1	1	8	6	14	['Etapa: ', 1, 'Title', 1, 'Etapa: ', 1, 'Description', 1, 'Etapa: ', 1, 'Documents', 1, 'Etapa: ', 1, 'Documents', 1, 'Etapa: ', 1, 'Documents', 1, 'Etapa: ', 1, 'Documents', 1, 'Etapa: ', 1, 'Type Channel', 1, 'Etapa: ', 1, 'Cost', 1]
57754bce8c36c702ca000003	SEBRAE	57b356a88c36c74952000000	Formalização	1	1	1	False	1	1	1	1	0	1	1	1	1	2	2	2	6	0	1	1	8	6	14	['Etapa: ', 1, 'Title', 1, 'Etapa: ', 1, 'Description', 1, 'Etapa: ', 1, 'Documents', 1, 'Etapa: ', 1, 'Documents', 1, 'Etapa: ', 1, 'Documents', 1, 'Etapa: ', 1, 'Documents', 1, 'Etapa: ', 1, 'Documents', 1, 'Etapa: ', 1, 'Type Channel', 1, 'Etapa: ', 1, 'Cost', 1, 'Etapa: ', 2, 'Title', 1, 'Etapa: ', 2, 'Description', 1, 'Etapa: ', 2, 'Documents', 1]
57754bce8c36c702ca000003	SEBRAE	57b358cb8c36c74952000001	Emissão de DAS	1	1	1	False	1	1	1	1	0	1	1	1	0	1	1	1	1	0	1	1	8	5	13	['Etapa: ', 1, 'Title', 1, 'Etapa: ', 1, 'Description', 1, 'Etapa: ', 1, 'Documents', 1, 'Etapa: ', 1, 'Type Channel', 1, 'Etapa: ', 1, 'Cost', 1]
57754bce8c36c702ca000003	SEBRAE	57b359ce8c36c74952000002	Declaração anual do MEI	1	1	1	False	1	1	1	1	0	1	1	1	0	1	1	1	3	0	1	1	8	5	13	['Etapa: ', 1, 'Title', 1, 'Etapa: ', 1, 'Description', 1, 'Etapa: ', 1, 'Documents', 1, 'Etapa: ', 1, 'Documents', 1, 'Etapa: ', 1, 'Documents', 1, 'Etapa: ', 1, 'Type Channel', 1, 'Etapa: ', 1, 'Cost', 1]
57754bce8c36c702ca000003	SEBRAE	57b35cb78c36c751cb000000	Alteração cadastral do endereço	1	1	1	False	1	1	1	1	0	1	1	1	0	2	2	2	6	0	2	1	8	5	13	['Etapa: ', 1, 'Title', 1, 'Etapa: ', 1, 'Description', 1, 'Etapa: ', 1, 'Documents', 1, 'Etapa: ', 1, 'Documents', 1, 'Etapa: ', 1, 'Documents', 1, 'Etapa: ', 1, 'Documents', 1, 'Etapa: ', 1, 'Documents', 1, 'Etapa: ', 1, 'Type Channel', 1, 'Etapa: ', 1, 'Cost', 1, 'Etapa: ', 2, 'Title', 1, 'Etapa: ', 2, 'Description', 1, 'Etapa: ', 2, 'Documents', 1, 'Etapa: ', 2, 'Type Channel', 1, 'Etapa: ', 2, 'Cost', 1]
57754bce8c36c702ca000003	SEBRAE	57b443568c36c749dc000001	Agendamento de consultoria	1	1	1	False	1	1	1	1	0	1	1	1	0	1	1	1	1	0	1	1	8	5	13	['Etapa: ', 1, 'Title', 1, 'Etapa: ', 1, 'Description', 1, 'Etapa: ', 1, 'Documents', 1, 'Etapa: ', 1, 'Type Channel', 1, 'Etapa: ', 1, 'Cost', 1]
57754bce8c36c702ca000003	SEBRAE	57b46f928c36c76b1a000000	Negociação de débitos	1	1	1	False	1	1	1	1	0	1	1	1	1	1	1	1	3	0	2	1	8	6	14	['Etapa: ', 1, 'Title', 1, 'Etapa: ', 1, 'Description', 1, 'Etapa: ', 1, 'Documents', 1, 'Etapa: ', 1, 'Documents', 1, 'Etapa: ', 1, 'Documents', 1, 'Etapa: ', 1, 'Type Channel', 1, 'Etapa: ', 1, 'Type Channel', 1, 'Etapa: ', 1, 'Cost', 1]
577e999e8c36c72d65000000	SMTT	577f84678c36c7214e000000	Cartão Bem Legal CIDADÃO	1	1	1	False	1	1	1	1	0	1	1	1	1	1	1	1	3	0	1	1	8	6	14	['Etapa: ', 1, 'Title', 1, 'Etapa: ', 1, 'Description', 1, 'Etapa: ', 1, 'Documents', 1, 'Etapa: ', 1, 'Documents', 1, 'Etapa: ', 1, 'Documents', 1, 'Etapa: ', 1, 'Type Channel', 1, 'Etapa: ', 1, 'Cost', 1]
577e999e8c36c72d65000000	SMTT	577f87388c36c722fd000000	Credenciamento de Estacionamento para Idoso	1	1	1	False	1	1	1	1	0	1	1	1	1	2	2	2	4	0	2	1	8	6	14	['Etapa: ', 1, 'Title', 1, 'Etapa: ', 1, 'Description', 1, 'Etapa: ', 1, 'Documents', 1, 'Etapa: ', 1, 'Documents', 1, 'Etapa: ', 1, 'Documents', 1, 'Etapa: ', 1, 'Type Channel', 1, 'Etapa: ', 1, 'Cost', 1, 'Etapa: ', 2, 'Title', 1, 'Etapa: ', 2, 'Description', 1, 'Etapa: ', 2, 'Documents', 1, 'Etapa: ', 2, 'Type Channel', 1, 'Etapa: ', 2, 'Cost', 1]
577e999e8c36c72d65000000	SMTT	577f89428c36c724f6000000	Cartão Bem Legal Sênior	1	1	1	False	1	1	1	1	0	1	1	1	0	1	1	1	4	0	0	0	8	5	13	['Etapa: ', 1, 'Title', 1, 'Etapa: ', 1, 'Description', 1, 'Etapa: ', 1, 'Documents', 1, 'Etapa: ', 1, 'Documents', 1, 'Etapa: ', 1, 'Documents', 1, 'Etapa: ', 1, 'Documents', 1]
