ID ORGAO	SIGLA	Gratuidade	Titulo Etapa*: 	Descricao Etapa*: 	Custo Etapa: 	Canais de Prestacao: 	Documentos: 
596e172e8c36c75d14a5a8a7	ARSAL	True	{u'Nao tem Etapa TITULO': 0}	{u'Nao tem Etapa DESCRICAO': 0}	{u'Nao tem Etapa CUSTO': 0}	{u'Nao tem Etapa CANAIS': 0}	{u'Nao tem Etapa DOCUMENTOS': 0}
596e172e8c36c75d14a5a8a7	ARSAL	True	{u'Nao tem Etapa TITULO': 0}	{u'Nao tem Etapa DESCRICAO': 0}	{u'Nao tem Etapa CUSTO': 0}	{u'Nao tem Etapa CANAIS': 0}	{u'Nao tem Etapa DOCUMENTOS': 0}
596e172e8c36c75d14a5a8a7	ARSAL	True	{u'Nao tem Etapa TITULO': 0}	{u'Nao tem Etapa DESCRICAO': 0}	{u'Nao tem Etapa CUSTO': 0}	{u'Nao tem Etapa CANAIS': 0}	{u'Nao tem Etapa DOCUMENTOS': 0}
596e172e8c36c75d14a5a8a7	ARSAL	True	{u'Nao tem Etapa TITULO': 0}	{u'Nao tem Etapa DESCRICAO': 0}	{u'Nao tem Etapa CUSTO': 0}	{u'Nao tem Etapa CANAIS': 0}	{u'Nao tem Etapa DOCUMENTOS': 0}
596e172e8c36c75d14a5a8a7	ARSAL	True	{u'Nao tem Etapa TITULO': 0}	{u'Nao tem Etapa DESCRICAO': 0}	{u'Nao tem Etapa CUSTO': 0}	{u'Nao tem Etapa CANAIS': 0}	{u'Nao tem Etapa DOCUMENTOS': 0}
596e172e8c36c75d14a5a8a7	ARSAL	True	{u'Nao tem Etapa TITULO': 0}	{u'Nao tem Etapa DESCRICAO': 0}	{u'Nao tem Etapa CUSTO': 0}	{u'Nao tem Etapa CANAIS': 0}	{u'Nao tem Etapa DOCUMENTOS': 0}
596e172e8c36c75d14a5a8a7	ARSAL	True	{u'Nao tem Etapa TITULO': 0}	{u'Nao tem Etapa DESCRICAO': 0}	{u'Nao tem Etapa CUSTO': 0}	{u'Nao tem Etapa CANAIS': 0}	{u'Nao tem Etapa DOCUMENTOS': 0}
596e172e8c36c75d14a5a8a7	ARSAL	True	{u'Nao tem Etapa TITULO': 0}	{u'Nao tem Etapa DESCRICAO': 0}	{u'Nao tem Etapa CUSTO': 0}	{u'Nao tem Etapa CANAIS': 0}	{u'Nao tem Etapa DOCUMENTOS': 0}
596e172e8c36c75d14a5a8a7	ARSAL	True	{u'Nao tem Etapa TITULO': 0}	{u'Nao tem Etapa DESCRICAO': 0}	{u'Nao tem Etapa CUSTO': 0}	{u'Nao tem Etapa CANAIS': 0}	{u'Nao tem Etapa DOCUMENTOS': 0}
596e172e8c36c75d14a5a8a7	ARSAL	False	{u'Nao tem Etapa TITULO': 0}	{u'Nao tem Etapa DESCRICAO': 0}	{u'Nao tem Etapa CUSTO': 0}	{u'Nao tem Etapa CANAIS': 0}	{u'Nao tem Etapa DOCUMENTOS': 0}
596e172e8c36c75d14a5a8a7	ARSAL	True	{u'Nao tem Etapa TITULO': 0}	{u'Nao tem Etapa DESCRICAO': 0}	{u'Nao tem Etapa CUSTO': 0}	{u'Nao tem Etapa CANAIS': 0}	{u'Nao tem Etapa DOCUMENTOS': 0}
596e172e8c36c75d14a5a8a7	ARSAL	True	{u'Nao tem Etapa TITULO': 0}	{u'Nao tem Etapa DESCRICAO': 0}	{u'Nao tem Etapa CUSTO': 0}	{u'Nao tem Etapa CANAIS': 0}	{u'Nao tem Etapa DOCUMENTOS': 0}
596e172e8c36c75d14a5a8a7	ARSAL	True	{u'Nao tem Etapa TITULO': 0}	{u'Nao tem Etapa DESCRICAO': 0}	{u'Nao tem Etapa CUSTO': 0}	{u'Nao tem Etapa CANAIS': 0}	{u'Nao tem Etapa DOCUMENTOS': 0}
596e172e8c36c75d14a5a8a7	ARSAL	True	{u'Nao tem Etapa TITULO': 0}	{u'Nao tem Etapa DESCRICAO': 0}	{u'Nao tem Etapa CUSTO': 0}	{u'Nao tem Etapa CANAIS': 0}	{u'Nao tem Etapa DOCUMENTOS': 0}
596e172e8c36c75d14a5a8a7	ARSAL	True	{u'Nao tem Etapa TITULO': 0}	{u'Nao tem Etapa DESCRICAO': 0}	{u'Nao tem Etapa CUSTO': 0}	{u'Nao tem Etapa CANAIS': 0}	{u'Nao tem Etapa DOCUMENTOS': 0}
596e172e8c36c75d14a5a8a7	ARSAL	True	{u'Nao tem Etapa TITULO': 0}	{u'Nao tem Etapa DESCRICAO': 0}	{u'Nao tem Etapa CUSTO': 0}	{u'Nao tem Etapa CANAIS': 0}	{u'Nao tem Etapa DOCUMENTOS': 0}
596e172e8c36c75d14a5a8a7	ARSAL	True	{u'Nao tem Etapa TITULO': 0}	{u'Nao tem Etapa DESCRICAO': 0}	{u'Nao tem Etapa CUSTO': 0}	{u'Nao tem Etapa CANAIS': 0}	{u'Nao tem Etapa DOCUMENTOS': 0}
596e172e8c36c75d14a5a8a7	ARSAL	True	{u'Nao tem Etapa TITULO': 0}	{u'Nao tem Etapa DESCRICAO': 0}	{u'Nao tem Etapa CUSTO': 0}	{u'Nao tem Etapa CANAIS': 0}	{u'Nao tem Etapa DOCUMENTOS': 0}
596e172e8c36c75d14a5a8a7	ARSAL	True	{u'Nao tem Etapa TITULO': 0}	{u'Nao tem Etapa DESCRICAO': 0}	{u'Nao tem Etapa CUSTO': 0}	{u'Nao tem Etapa CANAIS': 0}	{u'Nao tem Etapa DOCUMENTOS': 0}
596e172e8c36c75d14a5a8a7	ARSAL	True	{u'Nao tem Etapa TITULO': 0}	{u'Nao tem Etapa DESCRICAO': 0}	{u'Nao tem Etapa CUSTO': 0}	{u'Nao tem Etapa CANAIS': 0}	{u'Nao tem Etapa DOCUMENTOS': 0}
596e172e8c36c75d14a5a8a7	ARSAL	True	{u'Nao tem Etapa TITULO': 0}	{u'Nao tem Etapa DESCRICAO': 0}	{u'Nao tem Etapa CUSTO': 0}	{u'Nao tem Etapa CANAIS': 0}	{u'Nao tem Etapa DOCUMENTOS': 0}
596e172e8c36c75d14a5a8a7	ARSAL	True	{u'Nao tem Etapa TITULO': 0}	{u'Nao tem Etapa DESCRICAO': 0}	{u'Nao tem Etapa CUSTO': 0}	{u'Nao tem Etapa CANAIS': 0}	{u'Nao tem Etapa DOCUMENTOS': 0}
596e172e8c36c75d14a5a8a7	ARSAL	True	{u'Nao tem Etapa TITULO': 0}	{u'Nao tem Etapa DESCRICAO': 0}	{u'Nao tem Etapa CUSTO': 0}	{u'Nao tem Etapa CANAIS': 0}	{u'Nao tem Etapa DOCUMENTOS': 0}
596e172e8c36c75d14a5a8a7	ARSAL	True	{u'Nao tem Etapa TITULO': 0}	{u'Nao tem Etapa DESCRICAO': 0}	{u'Nao tem Etapa CUSTO': 0}	{u'Nao tem Etapa CANAIS': 0}	{u'Nao tem Etapa DOCUMENTOS': 0}
596e172e8c36c75d14a5a8a7	ARSAL	True	{u'Nao tem Etapa TITULO': 0}	{u'Nao tem Etapa DESCRICAO': 0}	{u'Nao tem Etapa CUSTO': 0}	{u'Nao tem Etapa CANAIS': 0}	{u'Nao tem Etapa DOCUMENTOS': 0}
596e172e8c36c75d14a5a8a7	ARSAL	True	{u'Nao tem Etapa TITULO': 0}	{u'Nao tem Etapa DESCRICAO': 0}	{u'Nao tem Etapa CUSTO': 0}	{u'Nao tem Etapa CANAIS': 0}	{u'Nao tem Etapa DOCUMENTOS': 0}
596e172e8c36c75d14a5a8a7	ARSAL	False	{u'Nao tem Etapa TITULO': 0}	{u'Nao tem Etapa DESCRICAO': 0}	{u'Nao tem Etapa CUSTO': 0}	{u'Nao tem Etapa CANAIS': 0}	{u'Nao tem Etapa DOCUMENTOS': 0}
596e172e8c36c75d14a5a8a7	ARSAL	True	{u'Nao tem Etapa TITULO': 0}	{u'Nao tem Etapa DESCRICAO': 0}	{u'Nao tem Etapa CUSTO': 0}	{u'Nao tem Etapa CANAIS': 0}	{u'Nao tem Etapa DOCUMENTOS': 0}
596e172e8c36c75d14a5a8a7	ARSAL	True	{u'Nao tem Etapa TITULO': 0}	{u'Nao tem Etapa DESCRICAO': 0}	{u'Nao tem Etapa CUSTO': 0}	{u'Nao tem Etapa CANAIS': 0}	{u'Nao tem Etapa DOCUMENTOS': 0}
596e172e8c36c75d14a5a8a7	ARSAL	False	{u'Nao tem Etapa TITULO': 0}	{u'Nao tem Etapa DESCRICAO': 0}	{u'Nao tem Etapa CUSTO': 0}	{u'Nao tem Etapa CANAIS': 0}	{u'Nao tem Etapa DOCUMENTOS': 0}
596e172e8c36c75d14a5a8a7	ARSAL	False	{u'Nao tem Etapa TITULO': 0}	{u'Nao tem Etapa DESCRICAO': 0}	{u'Nao tem Etapa CUSTO': 0}	{u'Nao tem Etapa CANAIS': 0}	{u'Nao tem Etapa DOCUMENTOS': 0}
596e172e8c36c75d14a5a8a7	ARSAL	False	{u'Nao tem Etapa TITULO': 0}	{u'Nao tem Etapa DESCRICAO': 0}	{u'Nao tem Etapa CUSTO': 0}	{u'Nao tem Etapa CANAIS': 0}	{u'Nao tem Etapa DOCUMENTOS': 0}
596e172e8c36c75d14a5a8a7	ARSAL	False	{u'Nao tem Etapa TITULO': 0}	{u'Nao tem Etapa DESCRICAO': 0}	{u'Nao tem Etapa CUSTO': 0}	{u'Nao tem Etapa CANAIS': 0}	{u'Nao tem Etapa DOCUMENTOS': 0}
596e172e8c36c75d14a5a8a7	ARSAL	False	{u'Nao tem Etapa TITULO': 0}	{u'Nao tem Etapa DESCRICAO': 0}	{u'Nao tem Etapa CUSTO': 0}	{u'Nao tem Etapa CANAIS': 0}	{u'Nao tem Etapa DOCUMENTOS': 0}
596e172e8c36c75d14a5a8a7	ARSAL	True	{u'Nao tem Etapa TITULO': 0}	{u'Nao tem Etapa DESCRICAO': 0}	{u'Nao tem Etapa CUSTO': 0}	{u'Nao tem Etapa CANAIS': 0}	{u'Nao tem Etapa DOCUMENTOS': 0}
57501cd88c36c718eb000009	ADEAL	True	{u'Nao tem Etapa TITULO': 0}	{u'Nao tem Etapa DESCRICAO': 0}	{u'Nao tem Etapa CUSTO': 0}	{u'Nao tem Etapa CANAIS': 0}	{u'Nao tem Etapa DOCUMENTOS': 0}
577546098c36c702ca000002	Alagoas Previdência	False	{u'Nao tem Etapa TITULO': 0}	{u'Nao tem Etapa DESCRICAO': 0}	{u'Nao tem Etapa CUSTO': 0}	{u'Nao tem Etapa CANAIS': 0}	{u'Nao tem Etapa DOCUMENTOS': 0}
577546098c36c702ca000002	Alagoas Previdência	False	{u'Nao tem Etapa TITULO': 0}	{u'Nao tem Etapa DESCRICAO': 0}	{u'Nao tem Etapa CUSTO': 0}	{u'Nao tem Etapa CANAIS': 0}	{u'Nao tem Etapa DOCUMENTOS': 0}
577546098c36c702ca000002	Alagoas Previdência	False	{u'Nao tem Etapa TITULO': 0}	{u'Nao tem Etapa DESCRICAO': 0}	{u'Nao tem Etapa CUSTO': 0}	{u'Nao tem Etapa CANAIS': 0}	{u'Nao tem Etapa DOCUMENTOS': 0}
577546098c36c702ca000002	Alagoas Previdência	False	{u'Nao tem Etapa TITULO': 0}	{u'Nao tem Etapa DESCRICAO': 0}	{u'Nao tem Etapa CUSTO': 0}	{u'Nao tem Etapa CANAIS': 0}	{u'Nao tem Etapa DOCUMENTOS': 0}
577546098c36c702ca000002	Alagoas Previdência	False	{u'Nao tem Etapa TITULO': 0}	{u'Nao tem Etapa DESCRICAO': 0}	{u'Nao tem Etapa CUSTO': 0}	{u'Nao tem Etapa CANAIS': 0}	{u'Nao tem Etapa DOCUMENTOS': 0}
577546098c36c702ca000002	Alagoas Previdência	False	{u'Nao tem Etapa TITULO': 0}	{u'Nao tem Etapa DESCRICAO': 0}	{u'Nao tem Etapa CUSTO': 0}	{u'Nao tem Etapa CANAIS': 0}	{u'Nao tem Etapa DOCUMENTOS': 0}
577546098c36c702ca000002	Alagoas Previdência	False	{u'Nao tem Etapa TITULO': 0}	{u'Nao tem Etapa DESCRICAO': 0}	{u'Nao tem Etapa CUSTO': 0}	{u'Nao tem Etapa CANAIS': 0}	{u'Nao tem Etapa DOCUMENTOS': 0}
577546098c36c702ca000002	Alagoas Previdência	False	{u'Nao tem Etapa TITULO': 0}	{u'Nao tem Etapa DESCRICAO': 0}	{u'Nao tem Etapa CUSTO': 0}	{u'Nao tem Etapa CANAIS': 0}	{u'Nao tem Etapa DOCUMENTOS': 0}
577546098c36c702ca000002	Alagoas Previdência	False	{u'Nao tem Etapa TITULO': 0}	{u'Nao tem Etapa DESCRICAO': 0}	{u'Nao tem Etapa CUSTO': 0}	{u'Nao tem Etapa CANAIS': 0}	{u'Nao tem Etapa DOCUMENTOS': 0}
577546098c36c702ca000002	Alagoas Previdência	False	{u'Nao tem Etapa TITULO': 0}	{u'Nao tem Etapa DESCRICAO': 0}	{u'Nao tem Etapa CUSTO': 0}	{u'Nao tem Etapa CANAIS': 0}	{u'Nao tem Etapa DOCUMENTOS': 0}
577546098c36c702ca000002	Alagoas Previdência	False	{u'Nao tem Etapa TITULO': 0}	{u'Nao tem Etapa DESCRICAO': 0}	{u'Nao tem Etapa CUSTO': 0}	{u'Nao tem Etapa CANAIS': 0}	{u'Nao tem Etapa DOCUMENTOS': 0}
577546098c36c702ca000002	Alagoas Previdência	False	{u'Nao tem Etapa TITULO': 0}	{u'Nao tem Etapa DESCRICAO': 0}	{u'Nao tem Etapa CUSTO': 0}	{u'Nao tem Etapa CANAIS': 0}	{u'Nao tem Etapa DOCUMENTOS': 0}
577546098c36c702ca000002	Alagoas Previdência	False	{u'Nao tem Etapa TITULO': 0}	{u'Nao tem Etapa DESCRICAO': 0}	{u'Nao tem Etapa CUSTO': 0}	{u'Nao tem Etapa CANAIS': 0}	{u'Nao tem Etapa DOCUMENTOS': 0}
577546098c36c702ca000002	Alagoas Previdência	False	{u'Nao tem Etapa TITULO': 0}	{u'Nao tem Etapa DESCRICAO': 0}	{u'Nao tem Etapa CUSTO': 0}	{u'Nao tem Etapa CANAIS': 0}	{u'Nao tem Etapa DOCUMENTOS': 0}
577546098c36c702ca000002	Alagoas Previdência	False	{u'Nao tem Etapa TITULO': 0}	{u'Nao tem Etapa DESCRICAO': 0}	{u'Nao tem Etapa CUSTO': 0}	{u'Nao tem Etapa CANAIS': 0}	{u'Nao tem Etapa DOCUMENTOS': 0}
577546098c36c702ca000002	Alagoas Previdência	False	{u'Nao tem Etapa TITULO': 0}	{u'Nao tem Etapa DESCRICAO': 0}	{u'Nao tem Etapa CUSTO': 0}	{u'Nao tem Etapa CANAIS': 0}	{u'Nao tem Etapa DOCUMENTOS': 0}
577546098c36c702ca000002	Alagoas Previdência	False	{u'Nao tem Etapa TITULO': 0}	{u'Nao tem Etapa DESCRICAO': 0}	{u'Nao tem Etapa CUSTO': 0}	{u'Nao tem Etapa CANAIS': 0}	{u'Nao tem Etapa DOCUMENTOS': 0}
577546098c36c702ca000002	Alagoas Previdência	False	{u'Nao tem Etapa TITULO': 0}	{u'Nao tem Etapa DESCRICAO': 0}	{u'Nao tem Etapa CUSTO': 0}	{u'Nao tem Etapa CANAIS': 0}	{u'Nao tem Etapa DOCUMENTOS': 0}
577546098c36c702ca000002	Alagoas Previdência	False	{u'Nao tem Etapa TITULO': 0}	{u'Nao tem Etapa DESCRICAO': 0}	{u'Nao tem Etapa CUSTO': 0}	{u'Nao tem Etapa CANAIS': 0}	{u'Nao tem Etapa DOCUMENTOS': 0}
577546098c36c702ca000002	Alagoas Previdência	False	{u'Nao tem Etapa TITULO': 0}	{u'Nao tem Etapa DESCRICAO': 0}	{u'Nao tem Etapa CUSTO': 0}	{u'Nao tem Etapa CANAIS': 0}	{u'Nao tem Etapa DOCUMENTOS': 0}
577546098c36c702ca000002	Alagoas Previdência	False	{u'Nao tem Etapa TITULO': 0}	{u'Nao tem Etapa DESCRICAO': 0}	{u'Nao tem Etapa CUSTO': 0}	{u'Nao tem Etapa CANAIS': 0}	{u'Nao tem Etapa DOCUMENTOS': 0}
577546098c36c702ca000002	Alagoas Previdência	False	{u'Nao tem Etapa TITULO': 0}	{u'Nao tem Etapa DESCRICAO': 0}	{u'Nao tem Etapa CUSTO': 0}	{u'Nao tem Etapa CANAIS': 0}	{u'Nao tem Etapa DOCUMENTOS': 0}
577546098c36c702ca000002	Alagoas Previdência	False	{u'Nao tem Etapa TITULO': 0}	{u'Nao tem Etapa DESCRICAO': 0}	{u'Nao tem Etapa CUSTO': 0}	{u'Nao tem Etapa CANAIS': 0}	{u'Nao tem Etapa DOCUMENTOS': 0}
577546098c36c702ca000002	Alagoas Previdência	False	{u'Nao tem Etapa TITULO': 0}	{u'Nao tem Etapa DESCRICAO': 0}	{u'Nao tem Etapa CUSTO': 0}	{u'Nao tem Etapa CANAIS': 0}	{u'Nao tem Etapa DOCUMENTOS': 0}
577546098c36c702ca000002	Alagoas Previdência	False	{u'Nao tem Etapa TITULO': 0}	{u'Nao tem Etapa DESCRICAO': 0}	{u'Nao tem Etapa CUSTO': 0}	{u'Nao tem Etapa CANAIS': 0}	{u'Nao tem Etapa DOCUMENTOS': 0}
577546098c36c702ca000002	Alagoas Previdência	True	{u'Nao tem Etapa TITULO': 0}	{u'Nao tem Etapa DESCRICAO': 0}	{u'Nao tem Etapa CUSTO': 0}	{u'Nao tem Etapa CANAIS': 0}	{u'Nao tem Etapa DOCUMENTOS': 0}
577546098c36c702ca000002	Alagoas Previdência	False	{u'Nao tem Etapa TITULO': 0}	{u'Nao tem Etapa DESCRICAO': 0}	{u'Nao tem Etapa CUSTO': 0}	{u'Nao tem Etapa CANAIS': 0}	{u'Nao tem Etapa DOCUMENTOS': 0}
577546098c36c702ca000002	Alagoas Previdência	False	{u'Nao tem Etapa TITULO': 0}	{u'Nao tem Etapa DESCRICAO': 0}	{u'Nao tem Etapa CUSTO': 0}	{u'Nao tem Etapa CANAIS': 0}	{u'Nao tem Etapa DOCUMENTOS': 0}
577546098c36c702ca000002	Alagoas Previdência	False	{u'Nao tem Etapa TITULO': 0}	{u'Nao tem Etapa DESCRICAO': 0}	{u'Nao tem Etapa CUSTO': 0}	{u'Nao tem Etapa CANAIS': 0}	{u'Nao tem Etapa DOCUMENTOS': 0}
577546098c36c702ca000002	Alagoas Previdência	False	{u'Nao tem Etapa TITULO': 0}	{u'Nao tem Etapa DESCRICAO': 0}	{u'Nao tem Etapa CUSTO': 0}	{u'Nao tem Etapa CANAIS': 0}	{u'Nao tem Etapa DOCUMENTOS': 0}
577546098c36c702ca000002	Alagoas Previdência	False	{u'Nao tem Etapa TITULO': 0}	{u'Nao tem Etapa DESCRICAO': 0}	{u'Nao tem Etapa CUSTO': 0}	{u'Nao tem Etapa CANAIS': 0}	{u'Nao tem Etapa DOCUMENTOS': 0}
577546098c36c702ca000002	Alagoas Previdência	False	{u'Nao tem Etapa TITULO': 0}	{u'Nao tem Etapa DESCRICAO': 0}	{u'Nao tem Etapa CUSTO': 0}	{u'Nao tem Etapa CANAIS': 0}	{u'Nao tem Etapa DOCUMENTOS': 0}
57b1ecb08c36c75e61000006	Associação Comercial	True	{u'Nao tem Etapa TITULO': 0}	{u'Nao tem Etapa DESCRICAO': 0}	{u'Nao tem Etapa CUSTO': 0}	{u'Nao tem Etapa CANAIS': 0}	{u'Nao tem Etapa DOCUMENTOS': 0}
56d6d7fb8c36c706ac000003	CASAL	True	{u'Nao tem Etapa TITULO': 0}	{u'Nao tem Etapa DESCRICAO': 0}	{u'Nao tem Etapa CUSTO': 0}	{u'Nao tem Etapa CANAIS': 0}	{u'Nao tem Etapa DOCUMENTOS': 0}
56d6d7fb8c36c706ac000003	CASAL	False	{u'Nao tem Etapa TITULO': 0}	{u'Nao tem Etapa DESCRICAO': 0}	{u'Nao tem Etapa CUSTO': 0}	{u'Nao tem Etapa CANAIS': 0}	{u'Nao tem Etapa DOCUMENTOS': 0}
56d6d7fb8c36c706ac000003	CASAL	False	{u'Nao tem Etapa TITULO': 0}	{u'Nao tem Etapa DESCRICAO': 0}	{u'Nao tem Etapa CUSTO': 0}	{u'Nao tem Etapa CANAIS': 0}	{u'Nao tem Etapa DOCUMENTOS': 0}
56d6d7fb8c36c706ac000003	CASAL	False	{u'Nao tem Etapa TITULO': 0}	{u'Nao tem Etapa DESCRICAO': 0}	{u'Nao tem Etapa CUSTO': 0}	{u'Nao tem Etapa CANAIS': 0}	{u'Nao tem Etapa DOCUMENTOS': 0}
56d6d7fb8c36c706ac000003	CASAL	True	{u'Nao tem Etapa TITULO': 0}	{u'Nao tem Etapa DESCRICAO': 0}	{u'Nao tem Etapa CUSTO': 0}	{u'Nao tem Etapa CANAIS': 0}	{u'Nao tem Etapa DOCUMENTOS': 0}
56d6d7fb8c36c706ac000003	CASAL	False	{u'Nao tem Etapa TITULO': 0}	{u'Nao tem Etapa DESCRICAO': 0}	{u'Nao tem Etapa CUSTO': 0}	{u'Nao tem Etapa CANAIS': 0}	{u'Nao tem Etapa DOCUMENTOS': 0}
56d6d7fb8c36c706ac000003	CASAL	True	{u'Nao tem Etapa TITULO': 0}	{u'Nao tem Etapa DESCRICAO': 0}	{u'Nao tem Etapa CUSTO': 0}	{u'Nao tem Etapa CANAIS': 0}	{u'Nao tem Etapa DOCUMENTOS': 0}
56d6d7fb8c36c706ac000003	CASAL	False	{u'Nao tem Etapa TITULO': 0}	{u'Nao tem Etapa DESCRICAO': 0}	{u'Nao tem Etapa CUSTO': 0}	{u'Nao tem Etapa CANAIS': 0}	{u'Nao tem Etapa DOCUMENTOS': 0}
56d6d7fb8c36c706ac000003	CASAL	False	{u'Nao tem Etapa TITULO': 0}	{u'Nao tem Etapa DESCRICAO': 0}	{u'Nao tem Etapa CUSTO': 0}	{u'Nao tem Etapa CANAIS': 0}	{u'Nao tem Etapa DOCUMENTOS': 0}
56d6d7fb8c36c706ac000003	CASAL	False	{u'Nao tem Etapa TITULO': 0}	{u'Nao tem Etapa DESCRICAO': 0}	{u'Nao tem Etapa CUSTO': 0}	{u'Nao tem Etapa CANAIS': 0}	{u'Nao tem Etapa DOCUMENTOS': 0}
56d6d7fb8c36c706ac000003	CASAL	True	{u'Nao tem Etapa TITULO': 0}	{u'Nao tem Etapa DESCRICAO': 0}	{u'Nao tem Etapa CUSTO': 0}	{u'Nao tem Etapa CANAIS': 0}	{u'Nao tem Etapa DOCUMENTOS': 0}
56d6d7fb8c36c706ac000003	CASAL	True	{u'Nao tem Etapa TITULO': 0}	{u'Nao tem Etapa DESCRICAO': 0}	{u'Nao tem Etapa CUSTO': 0}	{u'Nao tem Etapa CANAIS': 0}	{u'Nao tem Etapa DOCUMENTOS': 0}
56d6d7fb8c36c706ac000003	CASAL	False	{u'Nao tem Etapa TITULO': 0}	{u'Nao tem Etapa DESCRICAO': 0}	{u'Nao tem Etapa CUSTO': 0}	{u'Nao tem Etapa CANAIS': 0}	{u'Nao tem Etapa DOCUMENTOS': 0}
56d6d7fb8c36c706ac000003	CASAL	False	{u'Nao tem Etapa TITULO': 0}	{u'Nao tem Etapa DESCRICAO': 0}	{u'Nao tem Etapa CUSTO': 0}	{u'Nao tem Etapa CANAIS': 0}	{u'Nao tem Etapa DOCUMENTOS': 0}
56d6d7fb8c36c706ac000003	CASAL	False	{u'Nao tem Etapa TITULO': 0}	{u'Nao tem Etapa DESCRICAO': 0}	{u'Nao tem Etapa CUSTO': 0}	{u'Nao tem Etapa CANAIS': 0}	{u'Nao tem Etapa DOCUMENTOS': 0}
56d6d7fb8c36c706ac000003	CASAL	False	{u'Nao tem Etapa TITULO': 0}	{u'Nao tem Etapa DESCRICAO': 0}	{u'Nao tem Etapa CUSTO': 0}	{u'Nao tem Etapa CANAIS': 0}	{u'Nao tem Etapa DOCUMENTOS': 0}
56d6d7fb8c36c706ac000003	CASAL	False	{u'Nao tem Etapa TITULO': 0}	{u'Nao tem Etapa DESCRICAO': 0}	{u'Nao tem Etapa CUSTO': 0}	{u'Nao tem Etapa CANAIS': 0}	{u'Nao tem Etapa DOCUMENTOS': 0}
56d6d7fb8c36c706ac000003	CASAL	False	{u'Nao tem Etapa TITULO': 0}	{u'Nao tem Etapa DESCRICAO': 0}	{u'Nao tem Etapa CUSTO': 0}	{u'Nao tem Etapa CANAIS': 0}	{u'Nao tem Etapa DOCUMENTOS': 0}
56d6d7fb8c36c706ac000003	CASAL	True	{u'Nao tem Etapa TITULO': 0}	{u'Nao tem Etapa DESCRICAO': 0}	{u'Nao tem Etapa CUSTO': 0}	{u'Nao tem Etapa CANAIS': 0}	{u'Nao tem Etapa DOCUMENTOS': 0}
56d6d7fb8c36c706ac000003	CASAL	True	{u'Nao tem Etapa TITULO': 0}	{u'Nao tem Etapa DESCRICAO': 0}	{u'Nao tem Etapa CUSTO': 0}	{u'Nao tem Etapa CANAIS': 0}	{u'Nao tem Etapa DOCUMENTOS': 0}
56d6d7fb8c36c706ac000003	CASAL	False	{u'Nao tem Etapa TITULO': 0}	{u'Nao tem Etapa DESCRICAO': 0}	{u'Nao tem Etapa CUSTO': 0}	{u'Nao tem Etapa CANAIS': 0}	{u'Nao tem Etapa DOCUMENTOS': 0}
56d6d7fb8c36c706ac000003	CASAL	False	{u'Nao tem Etapa TITULO': 0}	{u'Nao tem Etapa DESCRICAO': 0}	{u'Nao tem Etapa CUSTO': 0}	{u'Nao tem Etapa CANAIS': 0}	{u'Nao tem Etapa DOCUMENTOS': 0}
56d6d7fb8c36c706ac000003	CASAL	False	{u'Nao tem Etapa TITULO': 0}	{u'Nao tem Etapa DESCRICAO': 0}	{u'Nao tem Etapa CUSTO': 0}	{u'Nao tem Etapa CANAIS': 0}	{u'Nao tem Etapa DOCUMENTOS': 0}
56d6d7fb8c36c706ac000003	CASAL	False	{u'Nao tem Etapa TITULO': 0}	{u'Nao tem Etapa DESCRICAO': 0}	{u'Nao tem Etapa CUSTO': 0}	{u'Nao tem Etapa CANAIS': 0}	{u'Nao tem Etapa DOCUMENTOS': 0}
56d6d7fb8c36c706ac000003	CASAL	False	{u'Nao tem Etapa TITULO': 0}	{u'Nao tem Etapa DESCRICAO': 0}	{u'Nao tem Etapa CUSTO': 0}	{u'Nao tem Etapa CANAIS': 0}	{u'Nao tem Etapa DOCUMENTOS': 0}
56d6d7fb8c36c706ac000003	CASAL	False	{u'Nao tem Etapa TITULO': 0}	{u'Nao tem Etapa DESCRICAO': 0}	{u'Nao tem Etapa CUSTO': 0}	{u'Nao tem Etapa CANAIS': 0}	{u'Nao tem Etapa DOCUMENTOS': 0}
56d6d7fb8c36c706ac000003	CASAL	False	{u'Nao tem Etapa TITULO': 0}	{u'Nao tem Etapa DESCRICAO': 0}	{u'Nao tem Etapa CUSTO': 0}	{u'Nao tem Etapa CANAIS': 0}	{u'Nao tem Etapa DOCUMENTOS': 0}
56d6d7fb8c36c706ac000003	CASAL	False	{u'Nao tem Etapa TITULO': 0}	{u'Nao tem Etapa DESCRICAO': 0}	{u'Nao tem Etapa CUSTO': 0}	{u'Nao tem Etapa CANAIS': 0}	{u'Nao tem Etapa DOCUMENTOS': 0}
56d6d7fb8c36c706ac000003	CASAL	False	{u'Nao tem Etapa TITULO': 0}	{u'Nao tem Etapa DESCRICAO': 0}	{u'Nao tem Etapa CUSTO': 0}	{u'Nao tem Etapa CANAIS': 0}	{u'Nao tem Etapa DOCUMENTOS': 0}
56d6d7fb8c36c706ac000003	CASAL	False	{u'Nao tem Etapa TITULO': 0}	{u'Nao tem Etapa DESCRICAO': 0}	{u'Nao tem Etapa CUSTO': 0}	{u'Nao tem Etapa CANAIS': 0}	{u'Nao tem Etapa DOCUMENTOS': 0}
56d6d7fb8c36c706ac000003	CASAL	False	{u'Nao tem Etapa TITULO': 0}	{u'Nao tem Etapa DESCRICAO': 0}	{u'Nao tem Etapa CUSTO': 0}	{u'Nao tem Etapa CANAIS': 0}	{u'Nao tem Etapa DOCUMENTOS': 0}
56d6d7fb8c36c706ac000003	CASAL	False	{u'Nao tem Etapa TITULO': 0}	{u'Nao tem Etapa DESCRICAO': 0}	{u'Nao tem Etapa CUSTO': 0}	{u'Nao tem Etapa CANAIS': 0}	{u'Nao tem Etapa DOCUMENTOS': 0}
56d6d7fb8c36c706ac000003	CASAL	False	{u'Nao tem Etapa TITULO': 0}	{u'Nao tem Etapa DESCRICAO': 0}	{u'Nao tem Etapa CUSTO': 0}	{u'Nao tem Etapa CANAIS': 0}	{u'Nao tem Etapa DOCUMENTOS': 0}
56d6d7fb8c36c706ac000003	CASAL	False	{u'Nao tem Etapa TITULO': 0}	{u'Nao tem Etapa DESCRICAO': 0}	{u'Nao tem Etapa CUSTO': 0}	{u'Nao tem Etapa CANAIS': 0}	{u'Nao tem Etapa DOCUMENTOS': 0}
56d6d7fb8c36c706ac000003	CASAL	False	{u'Nao tem Etapa TITULO': 0}	{u'Nao tem Etapa DESCRICAO': 0}	{u'Nao tem Etapa CUSTO': 0}	{u'Nao tem Etapa CANAIS': 0}	{u'Nao tem Etapa DOCUMENTOS': 0}
56d6d7fb8c36c706ac000003	CASAL	False	{u'Nao tem Etapa TITULO': 0}	{u'Nao tem Etapa DESCRICAO': 0}	{u'Nao tem Etapa CUSTO': 0}	{u'Nao tem Etapa CANAIS': 0}	{u'Nao tem Etapa DOCUMENTOS': 0}
56d6d7fb8c36c706ac000003	CASAL	False	{u'Nao tem Etapa TITULO': 0}	{u'Nao tem Etapa DESCRICAO': 0}	{u'Nao tem Etapa CUSTO': 0}	{u'Nao tem Etapa CANAIS': 0}	{u'Nao tem Etapa DOCUMENTOS': 0}
56d6d7fb8c36c706ac000003	CASAL	False	{u'Nao tem Etapa TITULO': 0}	{u'Nao tem Etapa DESCRICAO': 0}	{u'Nao tem Etapa CUSTO': 0}	{u'Nao tem Etapa CANAIS': 0}	{u'Nao tem Etapa DOCUMENTOS': 0}
56d6d7fb8c36c706ac000003	CASAL	False	{u'Nao tem Etapa TITULO': 0}	{u'Nao tem Etapa DESCRICAO': 0}	{u'Nao tem Etapa CUSTO': 0}	{u'Nao tem Etapa CANAIS': 0}	{u'Nao tem Etapa DOCUMENTOS': 0}
56d6d7fb8c36c706ac000003	CASAL	False	{u'Nao tem Etapa TITULO': 0}	{u'Nao tem Etapa DESCRICAO': 0}	{u'Nao tem Etapa CUSTO': 0}	{u'Nao tem Etapa CANAIS': 0}	{u'Nao tem Etapa DOCUMENTOS': 0}
56d6d7fb8c36c706ac000003	CASAL	False	{u'Nao tem Etapa TITULO': 0}	{u'Nao tem Etapa DESCRICAO': 0}	{u'Nao tem Etapa CUSTO': 0}	{u'Nao tem Etapa CANAIS': 0}	{u'Nao tem Etapa DOCUMENTOS': 0}
588bae3e8c36c708b4355182	CGE	False	{u'Nao tem Etapa TITULO': 0}	{u'Nao tem Etapa DESCRICAO': 0}	{u'Nao tem Etapa CUSTO': 0}	{u'Nao tem Etapa CANAIS': 0}	{u'Nao tem Etapa DOCUMENTOS': 0}
588bae3e8c36c708b4355182	CGE	False	{u'Nao tem Etapa TITULO': 0}	{u'Nao tem Etapa DESCRICAO': 0}	{u'Nao tem Etapa CUSTO': 0}	{u'Nao tem Etapa CANAIS': 0}	{u'Nao tem Etapa DOCUMENTOS': 0}
588bae3e8c36c708b4355182	CGE	False	{u'Nao tem Etapa TITULO': 0}	{u'Nao tem Etapa DESCRICAO': 0}	{u'Nao tem Etapa CUSTO': 0}	{u'Nao tem Etapa CANAIS': 0}	{u'Nao tem Etapa DOCUMENTOS': 0}
590b70c68c36c71e8623bb3d	CBMAL	True	{u'Nao tem Etapa TITULO': 0}	{u'Nao tem Etapa DESCRICAO': 0}	{u'Nao tem Etapa CUSTO': 0}	{u'Nao tem Etapa CANAIS': 0}	{u'Nao tem Etapa DOCUMENTOS': 0}
590b70c68c36c71e8623bb3d	CBMAL	True	{u'Nao tem Etapa TITULO': 0}	{u'Nao tem Etapa DESCRICAO': 0}	{u'Nao tem Etapa CUSTO': 0}	{u'Nao tem Etapa CANAIS': 0}	{u'Nao tem Etapa DOCUMENTOS': 0}
590b70c68c36c71e8623bb3d	CBMAL	True	{u'Nao tem Etapa TITULO': 0}	{u'Nao tem Etapa DESCRICAO': 0}	{u'Nao tem Etapa CUSTO': 0}	{u'Nao tem Etapa CANAIS': 0}	{u'Nao tem Etapa DOCUMENTOS': 0}
590b70c68c36c71e8623bb3d	CBMAL	False	{u'Nao tem Etapa TITULO': 0}	{u'Nao tem Etapa DESCRICAO': 0}	{u'Nao tem Etapa CUSTO': 0}	{u'Nao tem Etapa CANAIS': 0}	{u'Nao tem Etapa DOCUMENTOS': 0}
57501ee98c36c718eb00000b	Defensoria	False	{u'Nao tem Etapa TITULO': 0}	{u'Nao tem Etapa DESCRICAO': 0}	{u'Nao tem Etapa CUSTO': 0}	{u'Nao tem Etapa CANAIS': 0}	{u'Nao tem Etapa DOCUMENTOS': 0}
57501ee98c36c718eb00000b	Defensoria	False	{u'Nao tem Etapa TITULO': 0}	{u'Nao tem Etapa DESCRICAO': 0}	{u'Nao tem Etapa CUSTO': 0}	{u'Nao tem Etapa CANAIS': 0}	{u'Nao tem Etapa DOCUMENTOS': 0}
57501ee98c36c718eb00000b	Defensoria	False	{u'Nao tem Etapa TITULO': 0}	{u'Nao tem Etapa DESCRICAO': 0}	{u'Nao tem Etapa CUSTO': 0}	{u'Nao tem Etapa CANAIS': 0}	{u'Nao tem Etapa DOCUMENTOS': 0}
57501ee98c36c718eb00000b	Defensoria	False	{u'Nao tem Etapa TITULO': 0}	{u'Nao tem Etapa DESCRICAO': 0}	{u'Nao tem Etapa CUSTO': 0}	{u'Nao tem Etapa CANAIS': 0}	{u'Nao tem Etapa DOCUMENTOS': 0}
57501ee98c36c718eb00000b	Defensoria	False	{u'Nao tem Etapa TITULO': 0}	{u'Nao tem Etapa DESCRICAO': 0}	{u'Nao tem Etapa CUSTO': 0}	{u'Nao tem Etapa CANAIS': 0}	{u'Nao tem Etapa DOCUMENTOS': 0}
57501ee98c36c718eb00000b	Defensoria	False	{u'Nao tem Etapa TITULO': 0}	{u'Nao tem Etapa DESCRICAO': 0}	{u'Nao tem Etapa CUSTO': 0}	{u'Nao tem Etapa CANAIS': 0}	{u'Nao tem Etapa DOCUMENTOS': 0}
57501ee98c36c718eb00000b	Defensoria	False	{u'Nao tem Etapa TITULO': 0}	{u'Nao tem Etapa DESCRICAO': 0}	{u'Nao tem Etapa CUSTO': 0}	{u'Nao tem Etapa CANAIS': 0}	{u'Nao tem Etapa DOCUMENTOS': 0}
57501ee98c36c718eb00000b	Defensoria	False	{u'Nao tem Etapa TITULO': 0}	{u'Nao tem Etapa DESCRICAO': 0}	{u'Nao tem Etapa CUSTO': 0}	{u'Nao tem Etapa CANAIS': 0}	{u'Nao tem Etapa DOCUMENTOS': 0}
57501ee98c36c718eb00000b	Defensoria	False	{u'Nao tem Etapa TITULO': 0}	{u'Nao tem Etapa DESCRICAO': 0}	{u'Nao tem Etapa CUSTO': 0}	{u'Nao tem Etapa CANAIS': 0}	{u'Nao tem Etapa DOCUMENTOS': 0}
57501ee98c36c718eb00000b	Defensoria	False	{u'Nao tem Etapa TITULO': 0}	{u'Nao tem Etapa DESCRICAO': 0}	{u'Nao tem Etapa CUSTO': 0}	{u'Nao tem Etapa CANAIS': 0}	{u'Nao tem Etapa DOCUMENTOS': 0}
57501ee98c36c718eb00000b	Defensoria	False	{u'Nao tem Etapa TITULO': 0}	{u'Nao tem Etapa DESCRICAO': 0}	{u'Nao tem Etapa CUSTO': 0}	{u'Nao tem Etapa CANAIS': 0}	{u'Nao tem Etapa DOCUMENTOS': 0}
57501ee98c36c718eb00000b	Defensoria	False	{u'Nao tem Etapa TITULO': 0}	{u'Nao tem Etapa DESCRICAO': 0}	{u'Nao tem Etapa CUSTO': 0}	{u'Nao tem Etapa CANAIS': 0}	{u'Nao tem Etapa DOCUMENTOS': 0}
57501ee98c36c718eb00000b	Defensoria	False	{u'Nao tem Etapa TITULO': 0}	{u'Nao tem Etapa DESCRICAO': 0}	{u'Nao tem Etapa CUSTO': 0}	{u'Nao tem Etapa CANAIS': 0}	{u'Nao tem Etapa DOCUMENTOS': 0}
57501ee98c36c718eb00000b	Defensoria	False	{u'Nao tem Etapa TITULO': 0}	{u'Nao tem Etapa DESCRICAO': 0}	{u'Nao tem Etapa CUSTO': 0}	{u'Nao tem Etapa CANAIS': 0}	{u'Nao tem Etapa DOCUMENTOS': 0}
57501ee98c36c718eb00000b	Defensoria	False	{u'Nao tem Etapa TITULO': 0}	{u'Nao tem Etapa DESCRICAO': 0}	{u'Nao tem Etapa CUSTO': 0}	{u'Nao tem Etapa CANAIS': 0}	{u'Nao tem Etapa DOCUMENTOS': 0}
56d6ddc18c36c706ac000004	DETRAN	True	{u'Nao tem Etapa TITULO': 0}	{u'Nao tem Etapa DESCRICAO': 0}	{u'Nao tem Etapa CUSTO': 0}	{u'Nao tem Etapa CANAIS': 0}	{u'Nao tem Etapa DOCUMENTOS': 0}
56d6ddc18c36c706ac000004	DETRAN	True	{u'Nao tem Etapa TITULO': 0}	{u'Nao tem Etapa DESCRICAO': 0}	{u'Nao tem Etapa CUSTO': 0}	{u'Nao tem Etapa CANAIS': 0}	{u'Nao tem Etapa DOCUMENTOS': 0}
56d6ddc18c36c706ac000004	DETRAN	False	{u'Nao tem Etapa TITULO': 0}	{u'Nao tem Etapa DESCRICAO': 0}	{u'Nao tem Etapa CUSTO': 0}	{u'Nao tem Etapa CANAIS': 0}	{u'Nao tem Etapa DOCUMENTOS': 0}
56d6ddc18c36c706ac000004	DETRAN	True	{u'Nao tem Etapa TITULO': 0}	{u'Nao tem Etapa DESCRICAO': 0}	{u'Nao tem Etapa CUSTO': 0}	{u'Nao tem Etapa CANAIS': 0}	{u'Nao tem Etapa DOCUMENTOS': 0}
56d6ddc18c36c706ac000004	DETRAN	True	{u'Nao tem Etapa TITULO': 0}	{u'Nao tem Etapa DESCRICAO': 0}	{u'Nao tem Etapa CUSTO': 0}	{u'Nao tem Etapa CANAIS': 0}	{u'Nao tem Etapa DOCUMENTOS': 0}
56d6ddc18c36c706ac000004	DETRAN	True	{u'Nao tem Etapa TITULO': 0}	{u'Nao tem Etapa DESCRICAO': 0}	{u'Nao tem Etapa CUSTO': 0}	{u'Nao tem Etapa CANAIS': 0}	{u'Nao tem Etapa DOCUMENTOS': 0}
56d6ddc18c36c706ac000004	DETRAN	True	{u'Nao tem Etapa TITULO': 0}	{u'Nao tem Etapa DESCRICAO': 0}	{u'Nao tem Etapa CUSTO': 0}	{u'Nao tem Etapa CANAIS': 0}	{u'Nao tem Etapa DOCUMENTOS': 0}
56d6ddc18c36c706ac000004	DETRAN	True	{u'Nao tem Etapa TITULO': 0}	{u'Nao tem Etapa DESCRICAO': 0}	{u'Nao tem Etapa CUSTO': 0}	{u'Nao tem Etapa CANAIS': 0}	{u'Nao tem Etapa DOCUMENTOS': 0}
56d6ddc18c36c706ac000004	DETRAN	True	{u'Nao tem Etapa TITULO': 0}	{u'Nao tem Etapa DESCRICAO': 0}	{u'Nao tem Etapa CUSTO': 0}	{u'Nao tem Etapa CANAIS': 0}	{u'Nao tem Etapa DOCUMENTOS': 0}
56d6ddc18c36c706ac000004	DETRAN	False	{u'Nao tem Etapa TITULO': 0}	{u'Nao tem Etapa DESCRICAO': 0}	{u'Nao tem Etapa CUSTO': 0}	{u'Nao tem Etapa CANAIS': 0}	{u'Nao tem Etapa DOCUMENTOS': 0}
56d6ddc18c36c706ac000004	DETRAN	False	{u'Nao tem Etapa TITULO': 0}	{u'Nao tem Etapa DESCRICAO': 0}	{u'Nao tem Etapa CUSTO': 0}	{u'Nao tem Etapa CANAIS': 0}	{u'Nao tem Etapa DOCUMENTOS': 0}
56d6ddc18c36c706ac000004	DETRAN	False	{u'Nao tem Etapa TITULO': 0}	{u'Nao tem Etapa DESCRICAO': 0}	{u'Nao tem Etapa CUSTO': 0}	{u'Nao tem Etapa CANAIS': 0}	{u'Nao tem Etapa DOCUMENTOS': 0}
56d6ddc18c36c706ac000004	DETRAN	False	{u'Nao tem Etapa TITULO': 0}	{u'Nao tem Etapa DESCRICAO': 0}	{u'Nao tem Etapa CUSTO': 0}	{u'Nao tem Etapa CANAIS': 0}	{u'Nao tem Etapa DOCUMENTOS': 0}
56d6ddc18c36c706ac000004	DETRAN	False	{u'Nao tem Etapa TITULO': 0}	{u'Nao tem Etapa DESCRICAO': 0}	{u'Nao tem Etapa CUSTO': 0}	{u'Nao tem Etapa CANAIS': 0}	{u'Nao tem Etapa DOCUMENTOS': 0}
56d6ddc18c36c706ac000004	DETRAN	False	{u'Nao tem Etapa TITULO': 0}	{u'Nao tem Etapa DESCRICAO': 0}	{u'Nao tem Etapa CUSTO': 0}	{u'Nao tem Etapa CANAIS': 0}	{u'Nao tem Etapa DOCUMENTOS': 0}
56d6ddc18c36c706ac000004	DETRAN	False	{u'Nao tem Etapa TITULO': 0}	{u'Nao tem Etapa DESCRICAO': 0}	{u'Nao tem Etapa CUSTO': 0}	{u'Nao tem Etapa CANAIS': 0}	{u'Nao tem Etapa DOCUMENTOS': 0}
56d6ddc18c36c706ac000004	DETRAN	False	{u'Nao tem Etapa TITULO': 0}	{u'Nao tem Etapa DESCRICAO': 0}	{u'Nao tem Etapa CUSTO': 0}	{u'Nao tem Etapa CANAIS': 0}	{u'Nao tem Etapa DOCUMENTOS': 0}
56d6ddc18c36c706ac000004	DETRAN	True	{u'Nao tem Etapa TITULO': 0}	{u'Nao tem Etapa DESCRICAO': 0}	{u'Nao tem Etapa CUSTO': 0}	{u'Nao tem Etapa CANAIS': 0}	{u'Nao tem Etapa DOCUMENTOS': 0}
56d6ddc18c36c706ac000004	DETRAN	True	{u'Nao tem Etapa TITULO': 0}	{u'Nao tem Etapa DESCRICAO': 0}	{u'Nao tem Etapa CUSTO': 0}	{u'Nao tem Etapa CANAIS': 0}	{u'Nao tem Etapa DOCUMENTOS': 0}
56d6ddc18c36c706ac000004	DETRAN	False	{u'Nao tem Etapa TITULO': 0}	{u'Nao tem Etapa DESCRICAO': 0}	{u'Nao tem Etapa CUSTO': 0}	{u'Nao tem Etapa CANAIS': 0}	{u'Nao tem Etapa DOCUMENTOS': 0}
56d6ddc18c36c706ac000004	DETRAN	True	{u'Nao tem Etapa TITULO': 0}	{u'Nao tem Etapa DESCRICAO': 0}	{u'Nao tem Etapa CUSTO': 0}	{u'Nao tem Etapa CANAIS': 0}	{u'Nao tem Etapa DOCUMENTOS': 0}
56d6ddc18c36c706ac000004	DETRAN	True	{u'Nao tem Etapa TITULO': 0}	{u'Nao tem Etapa DESCRICAO': 0}	{u'Nao tem Etapa CUSTO': 0}	{u'Nao tem Etapa CANAIS': 0}	{u'Nao tem Etapa DOCUMENTOS': 0}
56d6ddc18c36c706ac000004	DETRAN	True	{u'Nao tem Etapa TITULO': 0}	{u'Nao tem Etapa DESCRICAO': 0}	{u'Nao tem Etapa CUSTO': 0}	{u'Nao tem Etapa CANAIS': 0}	{u'Nao tem Etapa DOCUMENTOS': 0}
56d6ddc18c36c706ac000004	DETRAN	True	{u'Nao tem Etapa TITULO': 0}	{u'Nao tem Etapa DESCRICAO': 0}	{u'Nao tem Etapa CUSTO': 0}	{u'Nao tem Etapa CANAIS': 0}	{u'Nao tem Etapa DOCUMENTOS': 0}
56d6ddc18c36c706ac000004	DETRAN	True	{u'Nao tem Etapa TITULO': 0}	{u'Nao tem Etapa DESCRICAO': 0}	{u'Nao tem Etapa CUSTO': 0}	{u'Nao tem Etapa CANAIS': 0}	{u'Nao tem Etapa DOCUMENTOS': 0}
56d6ddc18c36c706ac000004	DETRAN	True	{u'Nao tem Etapa TITULO': 0}	{u'Nao tem Etapa DESCRICAO': 0}	{u'Nao tem Etapa CUSTO': 0}	{u'Nao tem Etapa CANAIS': 0}	{u'Nao tem Etapa DOCUMENTOS': 0}
56d6ddc18c36c706ac000004	DETRAN	True	{u'Nao tem Etapa TITULO': 0}	{u'Nao tem Etapa DESCRICAO': 0}	{u'Nao tem Etapa CUSTO': 0}	{u'Nao tem Etapa CANAIS': 0}	{u'Nao tem Etapa DOCUMENTOS': 0}
56d6ddc18c36c706ac000004	DETRAN	True	{u'Nao tem Etapa TITULO': 0}	{u'Nao tem Etapa DESCRICAO': 0}	{u'Nao tem Etapa CUSTO': 0}	{u'Nao tem Etapa CANAIS': 0}	{u'Nao tem Etapa DOCUMENTOS': 0}
56d6ddc18c36c706ac000004	DETRAN	True	{u'Nao tem Etapa TITULO': 0}	{u'Nao tem Etapa DESCRICAO': 0}	{u'Nao tem Etapa CUSTO': 0}	{u'Nao tem Etapa CANAIS': 0}	{u'Nao tem Etapa DOCUMENTOS': 0}
590b30f58c36c76305bd6328	DITEAL	True	{u'Nao tem Etapa TITULO': 0}	{u'Nao tem Etapa DESCRICAO': 0}	{u'Nao tem Etapa CUSTO': 0}	{u'Nao tem Etapa CANAIS': 0}	{u'Nao tem Etapa DOCUMENTOS': 0}
590b30f58c36c76305bd6328	DITEAL	True	{u'Nao tem Etapa TITULO': 0}	{u'Nao tem Etapa DESCRICAO': 0}	{u'Nao tem Etapa CUSTO': 0}	{u'Nao tem Etapa CANAIS': 0}	{u'Nao tem Etapa DOCUMENTOS': 0}
590b30f58c36c76305bd6328	DITEAL	True	{u'Nao tem Etapa TITULO': 0}	{u'Nao tem Etapa DESCRICAO': 0}	{u'Nao tem Etapa CUSTO': 0}	{u'Nao tem Etapa CANAIS': 0}	{u'Nao tem Etapa DOCUMENTOS': 0}
590b30f58c36c76305bd6328	DITEAL	True	{u'Nao tem Etapa TITULO': 0}	{u'Nao tem Etapa DESCRICAO': 0}	{u'Nao tem Etapa CUSTO': 0}	{u'Nao tem Etapa CANAIS': 0}	{u'Nao tem Etapa DOCUMENTOS': 0}
596ce1af8c36c71b0b29f7a4	EMATER	False	{u'Nao tem Etapa TITULO': 0}	{u'Nao tem Etapa DESCRICAO': 0}	{u'Nao tem Etapa CUSTO': 0}	{u'Nao tem Etapa CANAIS': 0}	{u'Nao tem Etapa DOCUMENTOS': 0}
596ce1af8c36c71b0b29f7a4	EMATER	False	{u'Nao tem Etapa TITULO': 0}	{u'Nao tem Etapa DESCRICAO': 0}	{u'Nao tem Etapa CUSTO': 0}	{u'Nao tem Etapa CANAIS': 0}	{u'Nao tem Etapa DOCUMENTOS': 0}
596ce1af8c36c71b0b29f7a4	EMATER	False	{u'Nao tem Etapa TITULO': 0}	{u'Nao tem Etapa DESCRICAO': 0}	{u'Nao tem Etapa CUSTO': 0}	{u'Nao tem Etapa CANAIS': 0}	{u'Nao tem Etapa DOCUMENTOS': 0}
596ce1af8c36c71b0b29f7a4	EMATER	False	{u'Nao tem Etapa TITULO': 0}	{u'Nao tem Etapa DESCRICAO': 0}	{u'Nao tem Etapa CUSTO': 0}	{u'Nao tem Etapa CANAIS': 0}	{u'Nao tem Etapa DOCUMENTOS': 0}
596ce1af8c36c71b0b29f7a4	EMATER	False	{u'Nao tem Etapa TITULO': 0}	{u'Nao tem Etapa DESCRICAO': 0}	{u'Nao tem Etapa CUSTO': 0}	{u'Nao tem Etapa CANAIS': 0}	{u'Nao tem Etapa DOCUMENTOS': 0}
596ce1af8c36c71b0b29f7a4	EMATER	False	{u'Nao tem Etapa TITULO': 0}	{u'Nao tem Etapa DESCRICAO': 0}	{u'Nao tem Etapa CUSTO': 0}	{u'Nao tem Etapa CANAIS': 0}	{u'Nao tem Etapa DOCUMENTOS': 0}
590a1de08c36c7298d7ee868	FAPEAL	False	{u'Nao tem Etapa TITULO': 0}	{u'Nao tem Etapa DESCRICAO': 0}	{u'Nao tem Etapa CUSTO': 0}	{u'Nao tem Etapa CANAIS': 0}	{u'Nao tem Etapa DOCUMENTOS': 0}
590a1de08c36c7298d7ee868	FAPEAL	False	{u'Nao tem Etapa TITULO': 0}	{u'Nao tem Etapa DESCRICAO': 0}	{u'Nao tem Etapa CUSTO': 0}	{u'Nao tem Etapa CANAIS': 0}	{u'Nao tem Etapa DOCUMENTOS': 0}
590a1de08c36c7298d7ee868	FAPEAL	False	{u'Nao tem Etapa TITULO': 0}	{u'Nao tem Etapa DESCRICAO': 0}	{u'Nao tem Etapa CUSTO': 0}	{u'Nao tem Etapa CANAIS': 0}	{u'Nao tem Etapa DOCUMENTOS': 0}
596cd96b8c36c726a878bbcb	Gabinete Civil	False	{u'Nao tem Etapa TITULO': 0}	{u'Nao tem Etapa DESCRICAO': 0}	{u'Nao tem Etapa CUSTO': 0}	{u'Nao tem Etapa CANAIS': 0}	{u'Nao tem Etapa DOCUMENTOS': 0}
596cd96b8c36c726a878bbcb	Gabinete Civil	False	{u'Nao tem Etapa TITULO': 0}	{u'Nao tem Etapa DESCRICAO': 0}	{u'Nao tem Etapa CUSTO': 0}	{u'Nao tem Etapa CANAIS': 0}	{u'Nao tem Etapa DOCUMENTOS': 0}
596cd96b8c36c726a878bbcb	Gabinete Civil	False	{u'Nao tem Etapa TITULO': 0}	{u'Nao tem Etapa DESCRICAO': 0}	{u'Nao tem Etapa CUSTO': 0}	{u'Nao tem Etapa CANAIS': 0}	{u'Nao tem Etapa DOCUMENTOS': 0}
596cd96b8c36c726a878bbcb	Gabinete Civil	False	{u'Nao tem Etapa TITULO': 0}	{u'Nao tem Etapa DESCRICAO': 0}	{u'Nao tem Etapa CUSTO': 0}	{u'Nao tem Etapa CANAIS': 0}	{u'Nao tem Etapa DOCUMENTOS': 0}
596cd96b8c36c726a878bbcb	Gabinete Civil	False	{u'Nao tem Etapa TITULO': 0}	{u'Nao tem Etapa DESCRICAO': 0}	{u'Nao tem Etapa CUSTO': 0}	{u'Nao tem Etapa CANAIS': 0}	{u'Nao tem Etapa DOCUMENTOS': 0}
596cd96b8c36c726a878bbcb	Gabinete Civil	False	{u'Nao tem Etapa TITULO': 0}	{u'Nao tem Etapa DESCRICAO': 0}	{u'Nao tem Etapa CUSTO': 0}	{u'Nao tem Etapa CANAIS': 0}	{u'Nao tem Etapa DOCUMENTOS': 0}
5908c3188c36c756f6a837b2	ALGÁS	False	{u'Nao tem Etapa TITULO': 0}	{u'Nao tem Etapa DESCRICAO': 0}	{u'Nao tem Etapa CUSTO': 0}	{u'Nao tem Etapa CANAIS': 0}	{u'Nao tem Etapa DOCUMENTOS': 0}
5908c3188c36c756f6a837b2	ALGÁS	False	{u'Nao tem Etapa TITULO': 0}	{u'Nao tem Etapa DESCRICAO': 0}	{u'Nao tem Etapa CUSTO': 0}	{u'Nao tem Etapa CANAIS': 0}	{u'Nao tem Etapa DOCUMENTOS': 0}
5908c3188c36c756f6a837b2	ALGÁS	False	{u'Nao tem Etapa TITULO': 0}	{u'Nao tem Etapa DESCRICAO': 0}	{u'Nao tem Etapa CUSTO': 0}	{u'Nao tem Etapa CANAIS': 0}	{u'Nao tem Etapa DOCUMENTOS': 0}
5908c3188c36c756f6a837b2	ALGÁS	True	{u'Nao tem Etapa TITULO': 0}	{u'Nao tem Etapa DESCRICAO': 0}	{u'Nao tem Etapa CUSTO': 0}	{u'Nao tem Etapa CANAIS': 0}	{u'Nao tem Etapa DOCUMENTOS': 0}
5908c3188c36c756f6a837b2	ALGÁS	False	{u'Nao tem Etapa TITULO': 0}	{u'Nao tem Etapa DESCRICAO': 0}	{u'Nao tem Etapa CUSTO': 0}	{u'Nao tem Etapa CANAIS': 0}	{u'Nao tem Etapa DOCUMENTOS': 0}
590880628c36c708368e836e	IPASEAL SAÚDE	False	{u'Nao tem Etapa TITULO': 0}	{u'Nao tem Etapa DESCRICAO': 0}	{u'Nao tem Etapa CUSTO': 0}	{u'Nao tem Etapa CANAIS': 0}	{u'Nao tem Etapa DOCUMENTOS': 0}
590880628c36c708368e836e	IPASEAL SAÚDE	False	{u'Nao tem Etapa TITULO': 0}	{u'Nao tem Etapa DESCRICAO': 0}	{u'Nao tem Etapa CUSTO': 0}	{u'Nao tem Etapa CANAIS': 0}	{u'Nao tem Etapa DOCUMENTOS': 0}
590880628c36c708368e836e	IPASEAL SAÚDE	False	{u'Nao tem Etapa TITULO': 0}	{u'Nao tem Etapa DESCRICAO': 0}	{u'Nao tem Etapa CUSTO': 0}	{u'Nao tem Etapa CANAIS': 0}	{u'Nao tem Etapa DOCUMENTOS': 0}
590880628c36c708368e836e	IPASEAL SAÚDE	False	{u'Nao tem Etapa TITULO': 0}	{u'Nao tem Etapa DESCRICAO': 0}	{u'Nao tem Etapa CUSTO': 0}	{u'Nao tem Etapa CANAIS': 0}	{u'Nao tem Etapa DOCUMENTOS': 0}
590880628c36c708368e836e	IPASEAL SAÚDE	False	{u'Nao tem Etapa TITULO': 0}	{u'Nao tem Etapa DESCRICAO': 0}	{u'Nao tem Etapa CUSTO': 0}	{u'Nao tem Etapa CANAIS': 0}	{u'Nao tem Etapa DOCUMENTOS': 0}
590880628c36c708368e836e	IPASEAL SAÚDE	False	{u'Nao tem Etapa TITULO': 0}	{u'Nao tem Etapa DESCRICAO': 0}	{u'Nao tem Etapa CUSTO': 0}	{u'Nao tem Etapa CANAIS': 0}	{u'Nao tem Etapa DOCUMENTOS': 0}
590880628c36c708368e836e	IPASEAL SAÚDE	False	{u'Nao tem Etapa TITULO': 0}	{u'Nao tem Etapa DESCRICAO': 0}	{u'Nao tem Etapa CUSTO': 0}	{u'Nao tem Etapa CANAIS': 0}	{u'Nao tem Etapa DOCUMENTOS': 0}
590880628c36c708368e836e	IPASEAL SAÚDE	False	{u'Nao tem Etapa TITULO': 0}	{u'Nao tem Etapa DESCRICAO': 0}	{u'Nao tem Etapa CUSTO': 0}	{u'Nao tem Etapa CANAIS': 0}	{u'Nao tem Etapa DOCUMENTOS': 0}
590880628c36c708368e836e	IPASEAL SAÚDE	False	{u'Nao tem Etapa TITULO': 0}	{u'Nao tem Etapa DESCRICAO': 0}	{u'Nao tem Etapa CUSTO': 0}	{u'Nao tem Etapa CANAIS': 0}	{u'Nao tem Etapa DOCUMENTOS': 0}
590880628c36c708368e836e	IPASEAL SAÚDE	False	{u'Nao tem Etapa TITULO': 0}	{u'Nao tem Etapa DESCRICAO': 0}	{u'Nao tem Etapa CUSTO': 0}	{u'Nao tem Etapa CANAIS': 0}	{u'Nao tem Etapa DOCUMENTOS': 0}
590880628c36c708368e836e	IPASEAL SAÚDE	False	{u'Nao tem Etapa TITULO': 0}	{u'Nao tem Etapa DESCRICAO': 0}	{u'Nao tem Etapa CUSTO': 0}	{u'Nao tem Etapa CANAIS': 0}	{u'Nao tem Etapa DOCUMENTOS': 0}
590880628c36c708368e836e	IPASEAL SAÚDE	False	{u'Nao tem Etapa TITULO': 0}	{u'Nao tem Etapa DESCRICAO': 0}	{u'Nao tem Etapa CUSTO': 0}	{u'Nao tem Etapa CANAIS': 0}	{u'Nao tem Etapa DOCUMENTOS': 0}
590880628c36c708368e836e	IPASEAL SAÚDE	False	{u'Nao tem Etapa TITULO': 0}	{u'Nao tem Etapa DESCRICAO': 0}	{u'Nao tem Etapa CUSTO': 0}	{u'Nao tem Etapa CANAIS': 0}	{u'Nao tem Etapa DOCUMENTOS': 0}
590880628c36c708368e836e	IPASEAL SAÚDE	False	{u'Nao tem Etapa TITULO': 0}	{u'Nao tem Etapa DESCRICAO': 0}	{u'Nao tem Etapa CUSTO': 0}	{u'Nao tem Etapa CANAIS': 0}	{u'Nao tem Etapa DOCUMENTOS': 0}
590880628c36c708368e836e	IPASEAL SAÚDE	False	{u'Nao tem Etapa TITULO': 0}	{u'Nao tem Etapa DESCRICAO': 0}	{u'Nao tem Etapa CUSTO': 0}	{u'Nao tem Etapa CANAIS': 0}	{u'Nao tem Etapa DOCUMENTOS': 0}
590880628c36c708368e836e	IPASEAL SAÚDE	False	{u'Nao tem Etapa TITULO': 0}	{u'Nao tem Etapa DESCRICAO': 0}	{u'Nao tem Etapa CUSTO': 0}	{u'Nao tem Etapa CANAIS': 0}	{u'Nao tem Etapa DOCUMENTOS': 0}
590880628c36c708368e836e	IPASEAL SAÚDE	False	{u'Nao tem Etapa TITULO': 0}	{u'Nao tem Etapa DESCRICAO': 0}	{u'Nao tem Etapa CUSTO': 0}	{u'Nao tem Etapa CANAIS': 0}	{u'Nao tem Etapa DOCUMENTOS': 0}
590880628c36c708368e836e	IPASEAL SAÚDE	False	{u'Nao tem Etapa TITULO': 0}	{u'Nao tem Etapa DESCRICAO': 0}	{u'Nao tem Etapa CUSTO': 0}	{u'Nao tem Etapa CANAIS': 0}	{u'Nao tem Etapa DOCUMENTOS': 0}
590880628c36c708368e836e	IPASEAL SAÚDE	False	{u'Nao tem Etapa TITULO': 0}	{u'Nao tem Etapa DESCRICAO': 0}	{u'Nao tem Etapa CUSTO': 0}	{u'Nao tem Etapa CANAIS': 0}	{u'Nao tem Etapa DOCUMENTOS': 0}
596e45fb8c36c705d7b97087	IDERAL	False	{u'Nao tem Etapa TITULO': 0}	{u'Nao tem Etapa DESCRICAO': 0}	{u'Nao tem Etapa CUSTO': 0}	{u'Nao tem Etapa CANAIS': 0}	{u'Nao tem Etapa DOCUMENTOS': 0}
590a38a68c36c731c7c20e8b	ITEC	True	{u'Nao tem Etapa TITULO': 0}	{u'Nao tem Etapa DESCRICAO': 0}	{u'Nao tem Etapa CUSTO': 0}	{u'Nao tem Etapa CANAIS': 0}	{u'Nao tem Etapa DOCUMENTOS': 0}
590a38a68c36c731c7c20e8b	ITEC	True	{u'Nao tem Etapa TITULO': 0}	{u'Nao tem Etapa DESCRICAO': 0}	{u'Nao tem Etapa CUSTO': 0}	{u'Nao tem Etapa CANAIS': 0}	{u'Nao tem Etapa DOCUMENTOS': 0}
590a38a68c36c731c7c20e8b	ITEC	True	{u'Nao tem Etapa TITULO': 0}	{u'Nao tem Etapa DESCRICAO': 0}	{u'Nao tem Etapa CUSTO': 0}	{u'Nao tem Etapa CANAIS': 0}	{u'Nao tem Etapa DOCUMENTOS': 0}
590a38a68c36c731c7c20e8b	ITEC	True	{u'Nao tem Etapa TITULO': 0}	{u'Nao tem Etapa DESCRICAO': 0}	{u'Nao tem Etapa CUSTO': 0}	{u'Nao tem Etapa CANAIS': 0}	{u'Nao tem Etapa DOCUMENTOS': 0}
590a38a68c36c731c7c20e8b	ITEC	True	{u'Nao tem Etapa TITULO': 0}	{u'Nao tem Etapa DESCRICAO': 0}	{u'Nao tem Etapa CUSTO': 0}	{u'Nao tem Etapa CANAIS': 0}	{u'Nao tem Etapa DOCUMENTOS': 0}
590a38a68c36c731c7c20e8b	ITEC	False	{u'Nao tem Etapa TITULO': 0}	{u'Nao tem Etapa DESCRICAO': 0}	{u'Nao tem Etapa CUSTO': 0}	{u'Nao tem Etapa CANAIS': 0}	{u'Nao tem Etapa DOCUMENTOS': 0}
590a38a68c36c731c7c20e8b	ITEC	True	{u'Nao tem Etapa TITULO': 0}	{u'Nao tem Etapa DESCRICAO': 0}	{u'Nao tem Etapa CUSTO': 0}	{u'Nao tem Etapa CANAIS': 0}	{u'Nao tem Etapa DOCUMENTOS': 0}
590a38a68c36c731c7c20e8b	ITEC	True	{u'Nao tem Etapa TITULO': 0}	{u'Nao tem Etapa DESCRICAO': 0}	{u'Nao tem Etapa CUSTO': 0}	{u'Nao tem Etapa CANAIS': 0}	{u'Nao tem Etapa DOCUMENTOS': 0}
590a38a68c36c731c7c20e8b	ITEC	True	{u'Nao tem Etapa TITULO': 0}	{u'Nao tem Etapa DESCRICAO': 0}	{u'Nao tem Etapa CUSTO': 0}	{u'Nao tem Etapa CANAIS': 0}	{u'Nao tem Etapa DOCUMENTOS': 0}
590a38a68c36c731c7c20e8b	ITEC	True	{u'Nao tem Etapa TITULO': 0}	{u'Nao tem Etapa DESCRICAO': 0}	{u'Nao tem Etapa CUSTO': 0}	{u'Nao tem Etapa CANAIS': 0}	{u'Nao tem Etapa DOCUMENTOS': 0}
590a38a68c36c731c7c20e8b	ITEC	True	{u'Nao tem Etapa TITULO': 0}	{u'Nao tem Etapa DESCRICAO': 0}	{u'Nao tem Etapa CUSTO': 0}	{u'Nao tem Etapa CANAIS': 0}	{u'Nao tem Etapa DOCUMENTOS': 0}
590a38a68c36c731c7c20e8b	ITEC	False	{u'Nao tem Etapa TITULO': 0}	{u'Nao tem Etapa DESCRICAO': 0}	{u'Nao tem Etapa CUSTO': 0}	{u'Nao tem Etapa CANAIS': 0}	{u'Nao tem Etapa DOCUMENTOS': 0}
590a38a68c36c731c7c20e8b	ITEC	True	{u'Nao tem Etapa TITULO': 0}	{u'Nao tem Etapa DESCRICAO': 0}	{u'Nao tem Etapa CUSTO': 0}	{u'Nao tem Etapa CANAIS': 0}	{u'Nao tem Etapa DOCUMENTOS': 0}
590a38a68c36c731c7c20e8b	ITEC	False	{u'Nao tem Etapa TITULO': 0}	{u'Nao tem Etapa DESCRICAO': 0}	{u'Nao tem Etapa CUSTO': 0}	{u'Nao tem Etapa CANAIS': 0}	{u'Nao tem Etapa DOCUMENTOS': 0}
590a38a68c36c731c7c20e8b	ITEC	False	{u'Nao tem Etapa TITULO': 0}	{u'Nao tem Etapa DESCRICAO': 0}	{u'Nao tem Etapa CUSTO': 0}	{u'Nao tem Etapa CANAIS': 0}	{u'Nao tem Etapa DOCUMENTOS': 0}
590a38a68c36c731c7c20e8b	ITEC	False	{u'Nao tem Etapa TITULO': 0}	{u'Nao tem Etapa DESCRICAO': 0}	{u'Nao tem Etapa CUSTO': 0}	{u'Nao tem Etapa CANAIS': 0}	{u'Nao tem Etapa DOCUMENTOS': 0}
590a38a68c36c731c7c20e8b	ITEC	True	{u'Nao tem Etapa TITULO': 0}	{u'Nao tem Etapa DESCRICAO': 0}	{u'Nao tem Etapa CUSTO': 0}	{u'Nao tem Etapa CANAIS': 0}	{u'Nao tem Etapa DOCUMENTOS': 0}
590a38a68c36c731c7c20e8b	ITEC	True	{u'Nao tem Etapa TITULO': 0}	{u'Nao tem Etapa DESCRICAO': 0}	{u'Nao tem Etapa CUSTO': 0}	{u'Nao tem Etapa CANAIS': 0}	{u'Nao tem Etapa DOCUMENTOS': 0}
590a38a68c36c731c7c20e8b	ITEC	True	{u'Nao tem Etapa TITULO': 0}	{u'Nao tem Etapa DESCRICAO': 0}	{u'Nao tem Etapa CUSTO': 0}	{u'Nao tem Etapa CANAIS': 0}	{u'Nao tem Etapa DOCUMENTOS': 0}
590a38a68c36c731c7c20e8b	ITEC	True	{u'Nao tem Etapa TITULO': 0}	{u'Nao tem Etapa DESCRICAO': 0}	{u'Nao tem Etapa CUSTO': 0}	{u'Nao tem Etapa CANAIS': 0}	{u'Nao tem Etapa DOCUMENTOS': 0}
590a38a68c36c731c7c20e8b	ITEC	True	{u'Nao tem Etapa TITULO': 0}	{u'Nao tem Etapa DESCRICAO': 0}	{u'Nao tem Etapa CUSTO': 0}	{u'Nao tem Etapa CANAIS': 0}	{u'Nao tem Etapa DOCUMENTOS': 0}
590a38a68c36c731c7c20e8b	ITEC	True	{u'Nao tem Etapa TITULO': 0}	{u'Nao tem Etapa DESCRICAO': 0}	{u'Nao tem Etapa CUSTO': 0}	{u'Nao tem Etapa CANAIS': 0}	{u'Nao tem Etapa DOCUMENTOS': 0}
590a38a68c36c731c7c20e8b	ITEC	True	{u'Nao tem Etapa TITULO': 0}	{u'Nao tem Etapa DESCRICAO': 0}	{u'Nao tem Etapa CUSTO': 0}	{u'Nao tem Etapa CANAIS': 0}	{u'Nao tem Etapa DOCUMENTOS': 0}
590a38a68c36c731c7c20e8b	ITEC	True	{u'Nao tem Etapa TITULO': 0}	{u'Nao tem Etapa DESCRICAO': 0}	{u'Nao tem Etapa CUSTO': 0}	{u'Nao tem Etapa CANAIS': 0}	{u'Nao tem Etapa DOCUMENTOS': 0}
590a38a68c36c731c7c20e8b	ITEC	False	{u'Nao tem Etapa TITULO': 0}	{u'Nao tem Etapa DESCRICAO': 0}	{u'Nao tem Etapa CUSTO': 0}	{u'Nao tem Etapa CANAIS': 0}	{u'Nao tem Etapa DOCUMENTOS': 0}
590a38a68c36c731c7c20e8b	ITEC	False	{u'Nao tem Etapa TITULO': 0}	{u'Nao tem Etapa DESCRICAO': 0}	{u'Nao tem Etapa CUSTO': 0}	{u'Nao tem Etapa CANAIS': 0}	{u'Nao tem Etapa DOCUMENTOS': 0}
590a38a68c36c731c7c20e8b	ITEC	False	{u'Nao tem Etapa TITULO': 0}	{u'Nao tem Etapa DESCRICAO': 0}	{u'Nao tem Etapa CUSTO': 0}	{u'Nao tem Etapa CANAIS': 0}	{u'Nao tem Etapa DOCUMENTOS': 0}
590a38a68c36c731c7c20e8b	ITEC	False	{u'Nao tem Etapa TITULO': 0}	{u'Nao tem Etapa DESCRICAO': 0}	{u'Nao tem Etapa CUSTO': 0}	{u'Nao tem Etapa CANAIS': 0}	{u'Nao tem Etapa DOCUMENTOS': 0}
590a38a68c36c731c7c20e8b	ITEC	False	{u'Nao tem Etapa TITULO': 0}	{u'Nao tem Etapa DESCRICAO': 0}	{u'Nao tem Etapa CUSTO': 0}	{u'Nao tem Etapa CANAIS': 0}	{u'Nao tem Etapa DOCUMENTOS': 0}
590a38a68c36c731c7c20e8b	ITEC	False	{u'Nao tem Etapa TITULO': 0}	{u'Nao tem Etapa DESCRICAO': 0}	{u'Nao tem Etapa CUSTO': 0}	{u'Nao tem Etapa CANAIS': 0}	{u'Nao tem Etapa DOCUMENTOS': 0}
590a38a68c36c731c7c20e8b	ITEC	False	{u'Nao tem Etapa TITULO': 0}	{u'Nao tem Etapa DESCRICAO': 0}	{u'Nao tem Etapa CUSTO': 0}	{u'Nao tem Etapa CANAIS': 0}	{u'Nao tem Etapa DOCUMENTOS': 0}
590a38a68c36c731c7c20e8b	ITEC	False	{u'Nao tem Etapa TITULO': 0}	{u'Nao tem Etapa DESCRICAO': 0}	{u'Nao tem Etapa CUSTO': 0}	{u'Nao tem Etapa CANAIS': 0}	{u'Nao tem Etapa DOCUMENTOS': 0}
590a38a68c36c731c7c20e8b	ITEC	False	{u'Nao tem Etapa TITULO': 0}	{u'Nao tem Etapa DESCRICAO': 0}	{u'Nao tem Etapa CUSTO': 0}	{u'Nao tem Etapa CANAIS': 0}	{u'Nao tem Etapa DOCUMENTOS': 0}
590a38a68c36c731c7c20e8b	ITEC	False	{u'Nao tem Etapa TITULO': 0}	{u'Nao tem Etapa DESCRICAO': 0}	{u'Nao tem Etapa CUSTO': 0}	{u'Nao tem Etapa CANAIS': 0}	{u'Nao tem Etapa DOCUMENTOS': 0}
590a38a68c36c731c7c20e8b	ITEC	False	{u'Nao tem Etapa TITULO': 0}	{u'Nao tem Etapa DESCRICAO': 0}	{u'Nao tem Etapa CUSTO': 0}	{u'Nao tem Etapa CANAIS': 0}	{u'Nao tem Etapa DOCUMENTOS': 0}
590a38a68c36c731c7c20e8b	ITEC	False	{u'Nao tem Etapa TITULO': 0}	{u'Nao tem Etapa DESCRICAO': 0}	{u'Nao tem Etapa CUSTO': 0}	{u'Nao tem Etapa CANAIS': 0}	{u'Nao tem Etapa DOCUMENTOS': 0}
590a38a68c36c731c7c20e8b	ITEC	False	{u'Nao tem Etapa TITULO': 0}	{u'Nao tem Etapa DESCRICAO': 0}	{u'Nao tem Etapa CUSTO': 0}	{u'Nao tem Etapa CANAIS': 0}	{u'Nao tem Etapa DOCUMENTOS': 0}
590a38a68c36c731c7c20e8b	ITEC	False	{u'Nao tem Etapa TITULO': 0}	{u'Nao tem Etapa DESCRICAO': 0}	{u'Nao tem Etapa CUSTO': 0}	{u'Nao tem Etapa CANAIS': 0}	{u'Nao tem Etapa DOCUMENTOS': 0}
57617efd8c36c7464f000000	IMA	False	{u'Nao tem Etapa TITULO': 0}	{u'Nao tem Etapa DESCRICAO': 0}	{u'Nao tem Etapa CUSTO': 0}	{u'Nao tem Etapa CANAIS': 0}	{u'Nao tem Etapa DOCUMENTOS': 0}
57617efd8c36c7464f000000	IMA	False	{u'Nao tem Etapa TITULO': 0}	{u'Nao tem Etapa DESCRICAO': 0}	{u'Nao tem Etapa CUSTO': 0}	{u'Nao tem Etapa CANAIS': 0}	{u'Nao tem Etapa DOCUMENTOS': 0}
57617efd8c36c7464f000000	IMA	True	{u'Nao tem Etapa TITULO': 0}	{u'Nao tem Etapa DESCRICAO': 0}	{u'Nao tem Etapa CUSTO': 0}	{u'Nao tem Etapa CANAIS': 0}	{u'Nao tem Etapa DOCUMENTOS': 0}
57617efd8c36c7464f000000	IMA	False	{u'Nao tem Etapa TITULO': 0}	{u'Nao tem Etapa DESCRICAO': 0}	{u'Nao tem Etapa CUSTO': 0}	{u'Nao tem Etapa CANAIS': 0}	{u'Nao tem Etapa DOCUMENTOS': 0}
57617efd8c36c7464f000000	IMA	True	{u'Nao tem Etapa TITULO': 0}	{u'Nao tem Etapa DESCRICAO': 0}	{u'Nao tem Etapa CUSTO': 0}	{u'Nao tem Etapa CANAIS': 0}	{u'Nao tem Etapa DOCUMENTOS': 0}
57617efd8c36c7464f000000	IMA	True	{u'Nao tem Etapa TITULO': 0}	{u'Nao tem Etapa DESCRICAO': 0}	{u'Nao tem Etapa CUSTO': 0}	{u'Nao tem Etapa CANAIS': 0}	{u'Nao tem Etapa DOCUMENTOS': 0}
57617efd8c36c7464f000000	IMA	False	{u'Nao tem Etapa TITULO': 0}	{u'Nao tem Etapa DESCRICAO': 0}	{u'Nao tem Etapa CUSTO': 0}	{u'Nao tem Etapa CANAIS': 0}	{u'Nao tem Etapa DOCUMENTOS': 0}
57617efd8c36c7464f000000	IMA	False	{u'Nao tem Etapa TITULO': 0}	{u'Nao tem Etapa DESCRICAO': 0}	{u'Nao tem Etapa CUSTO': 0}	{u'Nao tem Etapa CANAIS': 0}	{u'Nao tem Etapa DOCUMENTOS': 0}
590a117e8c36c705ff74cad0	JUCEAL	True	{u'Nao tem Etapa TITULO': 0}	{u'Nao tem Etapa DESCRICAO': 0}	{u'Nao tem Etapa CUSTO': 0}	{u'Nao tem Etapa CANAIS': 0}	{u'Nao tem Etapa DOCUMENTOS': 0}
590a117e8c36c705ff74cad0	JUCEAL	True	{u'Nao tem Etapa TITULO': 0}	{u'Nao tem Etapa DESCRICAO': 0}	{u'Nao tem Etapa CUSTO': 0}	{u'Nao tem Etapa CANAIS': 0}	{u'Nao tem Etapa DOCUMENTOS': 0}
590a117e8c36c705ff74cad0	JUCEAL	True	{u'Nao tem Etapa TITULO': 0}	{u'Nao tem Etapa DESCRICAO': 0}	{u'Nao tem Etapa CUSTO': 0}	{u'Nao tem Etapa CANAIS': 0}	{u'Nao tem Etapa DOCUMENTOS': 0}
56d6de778c36c706ac000006	POAL	False	{u'Nao tem Etapa TITULO': 0}	{u'Nao tem Etapa DESCRICAO': 0}	{u'Nao tem Etapa CUSTO': 0}	{u'Nao tem Etapa CANAIS': 0}	{u'Nao tem Etapa DOCUMENTOS': 0}
56d6de778c36c706ac000006	POAL	True	{u'Nao tem Etapa TITULO': 0}	{u'Nao tem Etapa DESCRICAO': 0}	{u'Nao tem Etapa CUSTO': 0}	{u'Nao tem Etapa CANAIS': 0}	{u'Nao tem Etapa DOCUMENTOS': 0}
57c59b5e8c36c76bff000000	PF	True	{u'Nao tem Etapa TITULO': 0}	{u'Nao tem Etapa DESCRICAO': 0}	{u'Nao tem Etapa CUSTO': 0}	{u'Nao tem Etapa CANAIS': 0}	{u'Nao tem Etapa DOCUMENTOS': 0}
5908e8138c36c7723803da8e	SEMUDH	False	{u'Nao tem Etapa TITULO': 0}	{u'Nao tem Etapa DESCRICAO': 0}	{u'Nao tem Etapa CUSTO': 0}	{u'Nao tem Etapa CANAIS': 0}	{u'Nao tem Etapa DOCUMENTOS': 0}
5908e8138c36c7723803da8e	SEMUDH	False	{u'Nao tem Etapa TITULO': 0}	{u'Nao tem Etapa DESCRICAO': 0}	{u'Nao tem Etapa CUSTO': 0}	{u'Nao tem Etapa CANAIS': 0}	{u'Nao tem Etapa DOCUMENTOS': 0}
5908e8138c36c7723803da8e	SEMUDH	False	{u'Nao tem Etapa TITULO': 0}	{u'Nao tem Etapa DESCRICAO': 0}	{u'Nao tem Etapa CUSTO': 0}	{u'Nao tem Etapa CANAIS': 0}	{u'Nao tem Etapa DOCUMENTOS': 0}
5908e8138c36c7723803da8e	SEMUDH	False	{u'Nao tem Etapa TITULO': 0}	{u'Nao tem Etapa DESCRICAO': 0}	{u'Nao tem Etapa CUSTO': 0}	{u'Nao tem Etapa CANAIS': 0}	{u'Nao tem Etapa DOCUMENTOS': 0}
5908e8138c36c7723803da8e	SEMUDH	False	{u'Nao tem Etapa TITULO': 0}	{u'Nao tem Etapa DESCRICAO': 0}	{u'Nao tem Etapa CUSTO': 0}	{u'Nao tem Etapa CANAIS': 0}	{u'Nao tem Etapa DOCUMENTOS': 0}
590b28bf8c36c76305bd6326	SEAGRI	False	{u'Nao tem Etapa TITULO': 0}	{u'Nao tem Etapa DESCRICAO': 0}	{u'Nao tem Etapa CUSTO': 0}	{u'Nao tem Etapa CANAIS': 0}	{u'Nao tem Etapa DOCUMENTOS': 0}
588baf3e8c36c708b4355183	SECTI	False	{u'Nao tem Etapa TITULO': 0}	{u'Nao tem Etapa DESCRICAO': 0}	{u'Nao tem Etapa CUSTO': 0}	{u'Nao tem Etapa CANAIS': 0}	{u'Nao tem Etapa DOCUMENTOS': 0}
588baf3e8c36c708b4355183	SECTI	False	{u'Nao tem Etapa TITULO': 0}	{u'Nao tem Etapa DESCRICAO': 0}	{u'Nao tem Etapa CUSTO': 0}	{u'Nao tem Etapa CANAIS': 0}	{u'Nao tem Etapa DOCUMENTOS': 0}
5908eaf78c36c7723803da8f	SEDUC	False	{u'Nao tem Etapa TITULO': 0}	{u'Nao tem Etapa DESCRICAO': 0}	{u'Nao tem Etapa CUSTO': 0}	{u'Nao tem Etapa CANAIS': 0}	{u'Nao tem Etapa DOCUMENTOS': 0}
5908eaf78c36c7723803da8f	SEDUC	False	{u'Nao tem Etapa TITULO': 0}	{u'Nao tem Etapa DESCRICAO': 0}	{u'Nao tem Etapa CUSTO': 0}	{u'Nao tem Etapa CANAIS': 0}	{u'Nao tem Etapa DOCUMENTOS': 0}
5908eaf78c36c7723803da8f	SEDUC	False	{u'Nao tem Etapa TITULO': 0}	{u'Nao tem Etapa DESCRICAO': 0}	{u'Nao tem Etapa CUSTO': 0}	{u'Nao tem Etapa CANAIS': 0}	{u'Nao tem Etapa DOCUMENTOS': 0}
5908eaf78c36c7723803da8f	SEDUC	False	{u'Nao tem Etapa TITULO': 0}	{u'Nao tem Etapa DESCRICAO': 0}	{u'Nao tem Etapa CUSTO': 0}	{u'Nao tem Etapa CANAIS': 0}	{u'Nao tem Etapa DOCUMENTOS': 0}
5908eaf78c36c7723803da8f	SEDUC	False	{u'Nao tem Etapa TITULO': 0}	{u'Nao tem Etapa DESCRICAO': 0}	{u'Nao tem Etapa CUSTO': 0}	{u'Nao tem Etapa CANAIS': 0}	{u'Nao tem Etapa DOCUMENTOS': 0}
5908eaf78c36c7723803da8f	SEDUC	False	{u'Nao tem Etapa TITULO': 0}	{u'Nao tem Etapa DESCRICAO': 0}	{u'Nao tem Etapa CUSTO': 0}	{u'Nao tem Etapa CANAIS': 0}	{u'Nao tem Etapa DOCUMENTOS': 0}
5908eaf78c36c7723803da8f	SEDUC	False	{u'Nao tem Etapa TITULO': 0}	{u'Nao tem Etapa DESCRICAO': 0}	{u'Nao tem Etapa CUSTO': 0}	{u'Nao tem Etapa CANAIS': 0}	{u'Nao tem Etapa DOCUMENTOS': 0}
5908eaf78c36c7723803da8f	SEDUC	False	{u'Nao tem Etapa TITULO': 0}	{u'Nao tem Etapa DESCRICAO': 0}	{u'Nao tem Etapa CUSTO': 0}	{u'Nao tem Etapa CANAIS': 0}	{u'Nao tem Etapa DOCUMENTOS': 0}
5908eaf78c36c7723803da8f	SEDUC	False	{u'Nao tem Etapa TITULO': 0}	{u'Nao tem Etapa DESCRICAO': 0}	{u'Nao tem Etapa CUSTO': 0}	{u'Nao tem Etapa CANAIS': 0}	{u'Nao tem Etapa DOCUMENTOS': 0}
5908eaf78c36c7723803da8f	SEDUC	False	{u'Nao tem Etapa TITULO': 0}	{u'Nao tem Etapa DESCRICAO': 0}	{u'Nao tem Etapa CUSTO': 0}	{u'Nao tem Etapa CANAIS': 0}	{u'Nao tem Etapa DOCUMENTOS': 0}
5908eaf78c36c7723803da8f	SEDUC	False	{u'Nao tem Etapa TITULO': 0}	{u'Nao tem Etapa DESCRICAO': 0}	{u'Nao tem Etapa CUSTO': 0}	{u'Nao tem Etapa CANAIS': 0}	{u'Nao tem Etapa DOCUMENTOS': 0}
5908eaf78c36c7723803da8f	SEDUC	False	{u'Nao tem Etapa TITULO': 0}	{u'Nao tem Etapa DESCRICAO': 0}	{u'Nao tem Etapa CUSTO': 0}	{u'Nao tem Etapa CANAIS': 0}	{u'Nao tem Etapa DOCUMENTOS': 0}
5908eaf78c36c7723803da8f	SEDUC	False	{u'Nao tem Etapa TITULO': 0}	{u'Nao tem Etapa DESCRICAO': 0}	{u'Nao tem Etapa CUSTO': 0}	{u'Nao tem Etapa CANAIS': 0}	{u'Nao tem Etapa DOCUMENTOS': 0}
5908eaf78c36c7723803da8f	SEDUC	False	{u'Nao tem Etapa TITULO': 0}	{u'Nao tem Etapa DESCRICAO': 0}	{u'Nao tem Etapa CUSTO': 0}	{u'Nao tem Etapa CANAIS': 0}	{u'Nao tem Etapa DOCUMENTOS': 0}
5908eaf78c36c7723803da8f	SEDUC	False	{u'Nao tem Etapa TITULO': 0}	{u'Nao tem Etapa DESCRICAO': 0}	{u'Nao tem Etapa CUSTO': 0}	{u'Nao tem Etapa CANAIS': 0}	{u'Nao tem Etapa DOCUMENTOS': 0}
5908eaf78c36c7723803da8f	SEDUC	False	{u'Nao tem Etapa TITULO': 0}	{u'Nao tem Etapa DESCRICAO': 0}	{u'Nao tem Etapa CUSTO': 0}	{u'Nao tem Etapa CANAIS': 0}	{u'Nao tem Etapa DOCUMENTOS': 0}
5908eaf78c36c7723803da8f	SEDUC	False	{u'Nao tem Etapa TITULO': 0}	{u'Nao tem Etapa DESCRICAO': 0}	{u'Nao tem Etapa CUSTO': 0}	{u'Nao tem Etapa CANAIS': 0}	{u'Nao tem Etapa DOCUMENTOS': 0}
5908eaf78c36c7723803da8f	SEDUC	False	{u'Nao tem Etapa TITULO': 0}	{u'Nao tem Etapa DESCRICAO': 0}	{u'Nao tem Etapa CUSTO': 0}	{u'Nao tem Etapa CANAIS': 0}	{u'Nao tem Etapa DOCUMENTOS': 0}
5908eaf78c36c7723803da8f	SEDUC	False	{u'Nao tem Etapa TITULO': 0}	{u'Nao tem Etapa DESCRICAO': 0}	{u'Nao tem Etapa CUSTO': 0}	{u'Nao tem Etapa CANAIS': 0}	{u'Nao tem Etapa DOCUMENTOS': 0}
5908eaf78c36c7723803da8f	SEDUC	False	{u'Nao tem Etapa TITULO': 0}	{u'Nao tem Etapa DESCRICAO': 0}	{u'Nao tem Etapa CUSTO': 0}	{u'Nao tem Etapa CANAIS': 0}	{u'Nao tem Etapa DOCUMENTOS': 0}
5908eaf78c36c7723803da8f	SEDUC	False	{u'Nao tem Etapa TITULO': 0}	{u'Nao tem Etapa DESCRICAO': 0}	{u'Nao tem Etapa CUSTO': 0}	{u'Nao tem Etapa CANAIS': 0}	{u'Nao tem Etapa DOCUMENTOS': 0}
5908eaf78c36c7723803da8f	SEDUC	False	{u'Nao tem Etapa TITULO': 0}	{u'Nao tem Etapa DESCRICAO': 0}	{u'Nao tem Etapa CUSTO': 0}	{u'Nao tem Etapa CANAIS': 0}	{u'Nao tem Etapa DOCUMENTOS': 0}
5908eaf78c36c7723803da8f	SEDUC	False	{u'Nao tem Etapa TITULO': 0}	{u'Nao tem Etapa DESCRICAO': 0}	{u'Nao tem Etapa CUSTO': 0}	{u'Nao tem Etapa CANAIS': 0}	{u'Nao tem Etapa DOCUMENTOS': 0}
5908eaf78c36c7723803da8f	SEDUC	False	{u'Nao tem Etapa TITULO': 0}	{u'Nao tem Etapa DESCRICAO': 0}	{u'Nao tem Etapa CUSTO': 0}	{u'Nao tem Etapa CANAIS': 0}	{u'Nao tem Etapa DOCUMENTOS': 0}
5908eaf78c36c7723803da8f	SEDUC	False	{u'Nao tem Etapa TITULO': 0}	{u'Nao tem Etapa DESCRICAO': 0}	{u'Nao tem Etapa CUSTO': 0}	{u'Nao tem Etapa CANAIS': 0}	{u'Nao tem Etapa DOCUMENTOS': 0}
5750117e8c36c718eb000005	SEFAZ	False	{u'Nao tem Etapa TITULO': 0}	{u'Nao tem Etapa DESCRICAO': 0}	{u'Nao tem Etapa CUSTO': 0}	{u'Nao tem Etapa CANAIS': 0}	{u'Nao tem Etapa DOCUMENTOS': 0}
5750117e8c36c718eb000005	SEFAZ		{u'Nao tem Etapa TITULO': 0}	{u'Nao tem Etapa DESCRICAO': 0}	{u'Nao tem Etapa CUSTO': 0}	{u'Nao tem Etapa CANAIS': 0}	{u'Nao tem Etapa DOCUMENTOS': 0}
5750117e8c36c718eb000005	SEFAZ	True	{u'Nao tem Etapa TITULO': 0}	{u'Nao tem Etapa DESCRICAO': 0}	{u'Nao tem Etapa CUSTO': 0}	{u'Nao tem Etapa CANAIS': 0}	{u'Nao tem Etapa DOCUMENTOS': 0}
5750117e8c36c718eb000005	SEFAZ	True	{u'Nao tem Etapa TITULO': 0}	{u'Nao tem Etapa DESCRICAO': 0}	{u'Nao tem Etapa CUSTO': 0}	{u'Nao tem Etapa CANAIS': 0}	{u'Nao tem Etapa DOCUMENTOS': 0}
5750117e8c36c718eb000005	SEFAZ	True	{u'Nao tem Etapa TITULO': 0}	{u'Nao tem Etapa DESCRICAO': 0}	{u'Nao tem Etapa CUSTO': 0}	{u'Nao tem Etapa CANAIS': 0}	{u'Nao tem Etapa DOCUMENTOS': 0}
5750117e8c36c718eb000005	SEFAZ	True	{u'Nao tem Etapa TITULO': 0}	{u'Nao tem Etapa DESCRICAO': 0}	{u'Nao tem Etapa CUSTO': 0}	{u'Nao tem Etapa CANAIS': 0}	{u'Nao tem Etapa DOCUMENTOS': 0}
5750117e8c36c718eb000005	SEFAZ	False	{u'Nao tem Etapa TITULO': 0}	{u'Nao tem Etapa DESCRICAO': 0}	{u'Nao tem Etapa CUSTO': 0}	{u'Nao tem Etapa CANAIS': 0}	{u'Nao tem Etapa DOCUMENTOS': 0}
5750117e8c36c718eb000005	SEFAZ	True	{u'Nao tem Etapa TITULO': 0}	{u'Nao tem Etapa DESCRICAO': 0}	{u'Nao tem Etapa CUSTO': 0}	{u'Nao tem Etapa CANAIS': 0}	{u'Nao tem Etapa DOCUMENTOS': 0}
5750117e8c36c718eb000005	SEFAZ	True	{u'Nao tem Etapa TITULO': 0}	{u'Nao tem Etapa DESCRICAO': 0}	{u'Nao tem Etapa CUSTO': 0}	{u'Nao tem Etapa CANAIS': 0}	{u'Nao tem Etapa DOCUMENTOS': 0}
5750117e8c36c718eb000005	SEFAZ	True	{u'Nao tem Etapa TITULO': 0}	{u'Nao tem Etapa DESCRICAO': 0}	{u'Nao tem Etapa CUSTO': 0}	{u'Nao tem Etapa CANAIS': 0}	{u'Nao tem Etapa DOCUMENTOS': 0}
5750117e8c36c718eb000005	SEFAZ	True	{u'Nao tem Etapa TITULO': 0}	{u'Nao tem Etapa DESCRICAO': 0}	{u'Nao tem Etapa CUSTO': 0}	{u'Nao tem Etapa CANAIS': 0}	{u'Nao tem Etapa DOCUMENTOS': 0}
5750117e8c36c718eb000005	SEFAZ	True	{u'Nao tem Etapa TITULO': 0}	{u'Nao tem Etapa DESCRICAO': 0}	{u'Nao tem Etapa CUSTO': 0}	{u'Nao tem Etapa CANAIS': 0}	{u'Nao tem Etapa DOCUMENTOS': 0}
5750117e8c36c718eb000005	SEFAZ	True	{u'Nao tem Etapa TITULO': 0}	{u'Nao tem Etapa DESCRICAO': 0}	{u'Nao tem Etapa CUSTO': 0}	{u'Nao tem Etapa CANAIS': 0}	{u'Nao tem Etapa DOCUMENTOS': 0}
5750117e8c36c718eb000005	SEFAZ	True	{u'Nao tem Etapa TITULO': 0}	{u'Nao tem Etapa DESCRICAO': 0}	{u'Nao tem Etapa CUSTO': 0}	{u'Nao tem Etapa CANAIS': 0}	{u'Nao tem Etapa DOCUMENTOS': 0}
5750117e8c36c718eb000005	SEFAZ	False	{u'Nao tem Etapa TITULO': 0}	{u'Nao tem Etapa DESCRICAO': 0}	{u'Nao tem Etapa CUSTO': 0}	{u'Nao tem Etapa CANAIS': 0}	{u'Nao tem Etapa DOCUMENTOS': 0}
5750117e8c36c718eb000005	SEFAZ	True	{u'Nao tem Etapa TITULO': 0}	{u'Nao tem Etapa DESCRICAO': 0}	{u'Nao tem Etapa CUSTO': 0}	{u'Nao tem Etapa CANAIS': 0}	{u'Nao tem Etapa DOCUMENTOS': 0}
5750117e8c36c718eb000005	SEFAZ	True	{u'Nao tem Etapa TITULO': 0}	{u'Nao tem Etapa DESCRICAO': 0}	{u'Nao tem Etapa CUSTO': 0}	{u'Nao tem Etapa CANAIS': 0}	{u'Nao tem Etapa DOCUMENTOS': 0}
5750117e8c36c718eb000005	SEFAZ	True	{u'Nao tem Etapa TITULO': 0}	{u'Nao tem Etapa DESCRICAO': 0}	{u'Nao tem Etapa CUSTO': 0}	{u'Nao tem Etapa CANAIS': 0}	{u'Nao tem Etapa DOCUMENTOS': 0}
5750117e8c36c718eb000005	SEFAZ	False	{u'Nao tem Etapa TITULO': 0}	{u'Nao tem Etapa DESCRICAO': 0}	{u'Nao tem Etapa CUSTO': 0}	{u'Nao tem Etapa CANAIS': 0}	{u'Nao tem Etapa DOCUMENTOS': 0}
5750117e8c36c718eb000005	SEFAZ	False	{u'Nao tem Etapa TITULO': 0}	{u'Nao tem Etapa DESCRICAO': 0}	{u'Nao tem Etapa CUSTO': 0}	{u'Nao tem Etapa CANAIS': 0}	{u'Nao tem Etapa DOCUMENTOS': 0}
5750117e8c36c718eb000005	SEFAZ	False	{u'Nao tem Etapa TITULO': 0}	{u'Nao tem Etapa DESCRICAO': 0}	{u'Nao tem Etapa CUSTO': 0}	{u'Nao tem Etapa CANAIS': 0}	{u'Nao tem Etapa DOCUMENTOS': 0}
5750117e8c36c718eb000005	SEFAZ	False	{u'Nao tem Etapa TITULO': 0}	{u'Nao tem Etapa DESCRICAO': 0}	{u'Nao tem Etapa CUSTO': 0}	{u'Nao tem Etapa CANAIS': 0}	{u'Nao tem Etapa DOCUMENTOS': 0}
5750117e8c36c718eb000005	SEFAZ	False	{u'Nao tem Etapa TITULO': 0}	{u'Nao tem Etapa DESCRICAO': 0}	{u'Nao tem Etapa CUSTO': 0}	{u'Nao tem Etapa CANAIS': 0}	{u'Nao tem Etapa DOCUMENTOS': 0}
5750117e8c36c718eb000005	SEFAZ	True	{u'Nao tem Etapa TITULO': 0}	{u'Nao tem Etapa DESCRICAO': 0}	{u'Nao tem Etapa CUSTO': 0}	{u'Nao tem Etapa CANAIS': 0}	{u'Nao tem Etapa DOCUMENTOS': 0}
5750117e8c36c718eb000005	SEFAZ		{u'Nao tem Etapa TITULO': 0}	{u'Nao tem Etapa DESCRICAO': 0}	{u'Nao tem Etapa CUSTO': 0}	{u'Nao tem Etapa CANAIS': 0}	{u'Nao tem Etapa DOCUMENTOS': 0}
5750117e8c36c718eb000005	SEFAZ	False	{u'Nao tem Etapa TITULO': 0}	{u'Nao tem Etapa DESCRICAO': 0}	{u'Nao tem Etapa CUSTO': 0}	{u'Nao tem Etapa CANAIS': 0}	{u'Nao tem Etapa DOCUMENTOS': 0}
5750117e8c36c718eb000005	SEFAZ	False	{u'Nao tem Etapa TITULO': 0}	{u'Nao tem Etapa DESCRICAO': 0}	{u'Nao tem Etapa CUSTO': 0}	{u'Nao tem Etapa CANAIS': 0}	{u'Nao tem Etapa DOCUMENTOS': 0}
5750117e8c36c718eb000005	SEFAZ	False	{u'Nao tem Etapa TITULO': 0}	{u'Nao tem Etapa DESCRICAO': 0}	{u'Nao tem Etapa CUSTO': 0}	{u'Nao tem Etapa CANAIS': 0}	{u'Nao tem Etapa DOCUMENTOS': 0}
5750117e8c36c718eb000005	SEFAZ	False	{u'Nao tem Etapa TITULO': 0}	{u'Nao tem Etapa DESCRICAO': 0}	{u'Nao tem Etapa CUSTO': 0}	{u'Nao tem Etapa CANAIS': 0}	{u'Nao tem Etapa DOCUMENTOS': 0}
5750117e8c36c718eb000005	SEFAZ	False	{u'Nao tem Etapa TITULO': 0}	{u'Nao tem Etapa DESCRICAO': 0}	{u'Nao tem Etapa CUSTO': 0}	{u'Nao tem Etapa CANAIS': 0}	{u'Nao tem Etapa DOCUMENTOS': 0}
5750117e8c36c718eb000005	SEFAZ	False	{u'Nao tem Etapa TITULO': 0}	{u'Nao tem Etapa DESCRICAO': 0}	{u'Nao tem Etapa CUSTO': 0}	{u'Nao tem Etapa CANAIS': 0}	{u'Nao tem Etapa DOCUMENTOS': 0}
5750117e8c36c718eb000005	SEFAZ	False	{u'Nao tem Etapa TITULO': 0}	{u'Nao tem Etapa DESCRICAO': 0}	{u'Nao tem Etapa CUSTO': 0}	{u'Nao tem Etapa CANAIS': 0}	{u'Nao tem Etapa DOCUMENTOS': 0}
5750117e8c36c718eb000005	SEFAZ	False	{u'Nao tem Etapa TITULO': 0}	{u'Nao tem Etapa DESCRICAO': 0}	{u'Nao tem Etapa CUSTO': 0}	{u'Nao tem Etapa CANAIS': 0}	{u'Nao tem Etapa DOCUMENTOS': 0}
5750117e8c36c718eb000005	SEFAZ	False	{u'Nao tem Etapa TITULO': 0}	{u'Nao tem Etapa DESCRICAO': 0}	{u'Nao tem Etapa CUSTO': 0}	{u'Nao tem Etapa CANAIS': 0}	{u'Nao tem Etapa DOCUMENTOS': 0}
5750117e8c36c718eb000005	SEFAZ	False	{u'Nao tem Etapa TITULO': 0}	{u'Nao tem Etapa DESCRICAO': 0}	{u'Nao tem Etapa CUSTO': 0}	{u'Nao tem Etapa CANAIS': 0}	{u'Nao tem Etapa DOCUMENTOS': 0}
5750117e8c36c718eb000005	SEFAZ	False	{u'Nao tem Etapa TITULO': 0}	{u'Nao tem Etapa DESCRICAO': 0}	{u'Nao tem Etapa CUSTO': 0}	{u'Nao tem Etapa CANAIS': 0}	{u'Nao tem Etapa DOCUMENTOS': 0}
5750117e8c36c718eb000005	SEFAZ	False	{u'Nao tem Etapa TITULO': 0}	{u'Nao tem Etapa DESCRICAO': 0}	{u'Nao tem Etapa CUSTO': 0}	{u'Nao tem Etapa CANAIS': 0}	{u'Nao tem Etapa DOCUMENTOS': 0}
5750117e8c36c718eb000005	SEFAZ	False	{u'Nao tem Etapa TITULO': 0}	{u'Nao tem Etapa DESCRICAO': 0}	{u'Nao tem Etapa CUSTO': 0}	{u'Nao tem Etapa CANAIS': 0}	{u'Nao tem Etapa DOCUMENTOS': 0}
5750117e8c36c718eb000005	SEFAZ	False	{u'Nao tem Etapa TITULO': 0}	{u'Nao tem Etapa DESCRICAO': 0}	{u'Nao tem Etapa CUSTO': 0}	{u'Nao tem Etapa CANAIS': 0}	{u'Nao tem Etapa DOCUMENTOS': 0}
5750117e8c36c718eb000005	SEFAZ	False	{u'Nao tem Etapa TITULO': 0}	{u'Nao tem Etapa DESCRICAO': 0}	{u'Nao tem Etapa CUSTO': 0}	{u'Nao tem Etapa CANAIS': 0}	{u'Nao tem Etapa DOCUMENTOS': 0}
5750117e8c36c718eb000005	SEFAZ	False	{u'Nao tem Etapa TITULO': 0}	{u'Nao tem Etapa DESCRICAO': 0}	{u'Nao tem Etapa CUSTO': 0}	{u'Nao tem Etapa CANAIS': 0}	{u'Nao tem Etapa DOCUMENTOS': 0}
5750117e8c36c718eb000005	SEFAZ	False	{u'Nao tem Etapa TITULO': 0}	{u'Nao tem Etapa DESCRICAO': 0}	{u'Nao tem Etapa CUSTO': 0}	{u'Nao tem Etapa CANAIS': 0}	{u'Nao tem Etapa DOCUMENTOS': 0}
5750117e8c36c718eb000005	SEFAZ	False	{u'Nao tem Etapa TITULO': 0}	{u'Nao tem Etapa DESCRICAO': 0}	{u'Nao tem Etapa CUSTO': 0}	{u'Nao tem Etapa CANAIS': 0}	{u'Nao tem Etapa DOCUMENTOS': 0}
5750117e8c36c718eb000005	SEFAZ	True	{u'Nao tem Etapa TITULO': 0}	{u'Nao tem Etapa DESCRICAO': 0}	{u'Nao tem Etapa CUSTO': 0}	{u'Nao tem Etapa CANAIS': 0}	{u'Nao tem Etapa DOCUMENTOS': 0}
5750117e8c36c718eb000005	SEFAZ	False	{u'Nao tem Etapa TITULO': 0}	{u'Nao tem Etapa DESCRICAO': 0}	{u'Nao tem Etapa CUSTO': 0}	{u'Nao tem Etapa CANAIS': 0}	{u'Nao tem Etapa DOCUMENTOS': 0}
5750117e8c36c718eb000005	SEFAZ	False	{u'Nao tem Etapa TITULO': 0}	{u'Nao tem Etapa DESCRICAO': 0}	{u'Nao tem Etapa CUSTO': 0}	{u'Nao tem Etapa CANAIS': 0}	{u'Nao tem Etapa DOCUMENTOS': 0}
5750117e8c36c718eb000005	SEFAZ	True	{u'Nao tem Etapa TITULO': 0}	{u'Nao tem Etapa DESCRICAO': 0}	{u'Nao tem Etapa CUSTO': 0}	{u'Nao tem Etapa CANAIS': 0}	{u'Nao tem Etapa DOCUMENTOS': 0}
5750117e8c36c718eb000005	SEFAZ	False	{u'Nao tem Etapa TITULO': 0}	{u'Nao tem Etapa DESCRICAO': 0}	{u'Nao tem Etapa CUSTO': 0}	{u'Nao tem Etapa CANAIS': 0}	{u'Nao tem Etapa DOCUMENTOS': 0}
5750117e8c36c718eb000005	SEFAZ		{u'Nao tem Etapa TITULO': 0}	{u'Nao tem Etapa DESCRICAO': 0}	{u'Nao tem Etapa CUSTO': 0}	{u'Nao tem Etapa CANAIS': 0}	{u'Nao tem Etapa DOCUMENTOS': 0}
5750117e8c36c718eb000005	SEFAZ	True	{u'Nao tem Etapa TITULO': 0}	{u'Nao tem Etapa DESCRICAO': 0}	{u'Nao tem Etapa CUSTO': 0}	{u'Nao tem Etapa CANAIS': 0}	{u'Nao tem Etapa DOCUMENTOS': 0}
5750117e8c36c718eb000005	SEFAZ	True	{u'Nao tem Etapa TITULO': 0}	{u'Nao tem Etapa DESCRICAO': 0}	{u'Nao tem Etapa CUSTO': 0}	{u'Nao tem Etapa CANAIS': 0}	{u'Nao tem Etapa DOCUMENTOS': 0}
5750117e8c36c718eb000005	SEFAZ	True	{u'Nao tem Etapa TITULO': 0}	{u'Nao tem Etapa DESCRICAO': 0}	{u'Nao tem Etapa CUSTO': 0}	{u'Nao tem Etapa CANAIS': 0}	{u'Nao tem Etapa DOCUMENTOS': 0}
5750117e8c36c718eb000005	SEFAZ	False	{u'Nao tem Etapa TITULO': 0}	{u'Nao tem Etapa DESCRICAO': 0}	{u'Nao tem Etapa CUSTO': 0}	{u'Nao tem Etapa CANAIS': 0}	{u'Nao tem Etapa DOCUMENTOS': 0}
596e4d008c36c70a18c2cc92	SESAU	False	{u'Nao tem Etapa TITULO': 0}	{u'Nao tem Etapa DESCRICAO': 0}	{u'Nao tem Etapa CUSTO': 0}	{u'Nao tem Etapa CANAIS': 0}	{u'Nao tem Etapa DOCUMENTOS': 0}
596e4d008c36c70a18c2cc92	SESAU	False	{u'Nao tem Etapa TITULO': 0}	{u'Nao tem Etapa DESCRICAO': 0}	{u'Nao tem Etapa CUSTO': 0}	{u'Nao tem Etapa CANAIS': 0}	{u'Nao tem Etapa DOCUMENTOS': 0}
596e4d008c36c70a18c2cc92	SESAU	False	{u'Nao tem Etapa TITULO': 0}	{u'Nao tem Etapa DESCRICAO': 0}	{u'Nao tem Etapa CUSTO': 0}	{u'Nao tem Etapa CANAIS': 0}	{u'Nao tem Etapa DOCUMENTOS': 0}
596e4d008c36c70a18c2cc92	SESAU	False	{u'Nao tem Etapa TITULO': 0}	{u'Nao tem Etapa DESCRICAO': 0}	{u'Nao tem Etapa CUSTO': 0}	{u'Nao tem Etapa CANAIS': 0}	{u'Nao tem Etapa DOCUMENTOS': 0}
596e4d008c36c70a18c2cc92	SESAU	False	{u'Nao tem Etapa TITULO': 0}	{u'Nao tem Etapa DESCRICAO': 0}	{u'Nao tem Etapa CUSTO': 0}	{u'Nao tem Etapa CANAIS': 0}	{u'Nao tem Etapa DOCUMENTOS': 0}
596e4d008c36c70a18c2cc92	SESAU	False	{u'Nao tem Etapa TITULO': 0}	{u'Nao tem Etapa DESCRICAO': 0}	{u'Nao tem Etapa CUSTO': 0}	{u'Nao tem Etapa CANAIS': 0}	{u'Nao tem Etapa DOCUMENTOS': 0}
590a256e8c36c731c7c20e88	SEDETUR	False	{u'Nao tem Etapa TITULO': 0}	{u'Nao tem Etapa DESCRICAO': 0}	{u'Nao tem Etapa CUSTO': 0}	{u'Nao tem Etapa CANAIS': 0}	{u'Nao tem Etapa DOCUMENTOS': 0}
590a256e8c36c731c7c20e88	SEDETUR	False	{u'Nao tem Etapa TITULO': 0}	{u'Nao tem Etapa DESCRICAO': 0}	{u'Nao tem Etapa CUSTO': 0}	{u'Nao tem Etapa CANAIS': 0}	{u'Nao tem Etapa DOCUMENTOS': 0}
590a256e8c36c731c7c20e88	SEDETUR	False	{u'Nao tem Etapa TITULO': 0}	{u'Nao tem Etapa DESCRICAO': 0}	{u'Nao tem Etapa CUSTO': 0}	{u'Nao tem Etapa CANAIS': 0}	{u'Nao tem Etapa DOCUMENTOS': 0}
590a256e8c36c731c7c20e88	SEDETUR	True	{u'Nao tem Etapa TITULO': 0}	{u'Nao tem Etapa DESCRICAO': 0}	{u'Nao tem Etapa CUSTO': 0}	{u'Nao tem Etapa CANAIS': 0}	{u'Nao tem Etapa DOCUMENTOS': 0}
590a256e8c36c731c7c20e88	SEDETUR	True	{u'Nao tem Etapa TITULO': 0}	{u'Nao tem Etapa DESCRICAO': 0}	{u'Nao tem Etapa CUSTO': 0}	{u'Nao tem Etapa CANAIS': 0}	{u'Nao tem Etapa DOCUMENTOS': 0}
590a256e8c36c731c7c20e88	SEDETUR	True	{u'Nao tem Etapa TITULO': 0}	{u'Nao tem Etapa DESCRICAO': 0}	{u'Nao tem Etapa CUSTO': 0}	{u'Nao tem Etapa CANAIS': 0}	{u'Nao tem Etapa DOCUMENTOS': 0}
590a256e8c36c731c7c20e88	SEDETUR	True	{u'Nao tem Etapa TITULO': 0}	{u'Nao tem Etapa DESCRICAO': 0}	{u'Nao tem Etapa CUSTO': 0}	{u'Nao tem Etapa CANAIS': 0}	{u'Nao tem Etapa DOCUMENTOS': 0}
590a256e8c36c731c7c20e88	SEDETUR	True	{u'Nao tem Etapa TITULO': 0}	{u'Nao tem Etapa DESCRICAO': 0}	{u'Nao tem Etapa CUSTO': 0}	{u'Nao tem Etapa CANAIS': 0}	{u'Nao tem Etapa DOCUMENTOS': 0}
590a256e8c36c731c7c20e88	SEDETUR	True	{u'Nao tem Etapa TITULO': 0}	{u'Nao tem Etapa DESCRICAO': 0}	{u'Nao tem Etapa CUSTO': 0}	{u'Nao tem Etapa CANAIS': 0}	{u'Nao tem Etapa DOCUMENTOS': 0}
590a256e8c36c731c7c20e88	SEDETUR	True	{u'Nao tem Etapa TITULO': 0}	{u'Nao tem Etapa DESCRICAO': 0}	{u'Nao tem Etapa CUSTO': 0}	{u'Nao tem Etapa CANAIS': 0}	{u'Nao tem Etapa DOCUMENTOS': 0}
590a256e8c36c731c7c20e88	SEDETUR	True	{u'Nao tem Etapa TITULO': 0}	{u'Nao tem Etapa DESCRICAO': 0}	{u'Nao tem Etapa CUSTO': 0}	{u'Nao tem Etapa CANAIS': 0}	{u'Nao tem Etapa DOCUMENTOS': 0}
576c1f518c36c72a90000000	SEMARH	True	{u'Nao tem Etapa TITULO': 0}	{u'Nao tem Etapa DESCRICAO': 0}	{u'Nao tem Etapa CUSTO': 0}	{u'Nao tem Etapa CANAIS': 0}	{u'Nao tem Etapa DOCUMENTOS': 0}
576c1f518c36c72a90000000	SEMARH	False	{u'Nao tem Etapa TITULO': 0}	{u'Nao tem Etapa DESCRICAO': 0}	{u'Nao tem Etapa CUSTO': 0}	{u'Nao tem Etapa CANAIS': 0}	{u'Nao tem Etapa DOCUMENTOS': 0}
576c1f518c36c72a90000000	SEMARH	False	{u'Nao tem Etapa TITULO': 0}	{u'Nao tem Etapa DESCRICAO': 0}	{u'Nao tem Etapa CUSTO': 0}	{u'Nao tem Etapa CANAIS': 0}	{u'Nao tem Etapa DOCUMENTOS': 0}
576c1f518c36c72a90000000	SEMARH	False	{u'Nao tem Etapa TITULO': 0}	{u'Nao tem Etapa DESCRICAO': 0}	{u'Nao tem Etapa CUSTO': 0}	{u'Nao tem Etapa CANAIS': 0}	{u'Nao tem Etapa DOCUMENTOS': 0}
56d723238c36c73983000000	SEPLAG	False	{u'Nao tem Etapa TITULO': 0}	{u'Nao tem Etapa DESCRICAO': 0}	{u'Nao tem Etapa CUSTO': 0}	{u'Nao tem Etapa CANAIS': 0}	{u'Nao tem Etapa DOCUMENTOS': 0}
56d723238c36c73983000000	SEPLAG	False	{u'Nao tem Etapa TITULO': 0}	{u'Nao tem Etapa DESCRICAO': 0}	{u'Nao tem Etapa CUSTO': 0}	{u'Nao tem Etapa CANAIS': 0}	{u'Nao tem Etapa DOCUMENTOS': 0}
56d723238c36c73983000000	SEPLAG	False	{u'Nao tem Etapa TITULO': 0}	{u'Nao tem Etapa DESCRICAO': 0}	{u'Nao tem Etapa CUSTO': 0}	{u'Nao tem Etapa CANAIS': 0}	{u'Nao tem Etapa DOCUMENTOS': 0}
56d723238c36c73983000000	SEPLAG	False	{u'Nao tem Etapa TITULO': 0}	{u'Nao tem Etapa DESCRICAO': 0}	{u'Nao tem Etapa CUSTO': 0}	{u'Nao tem Etapa CANAIS': 0}	{u'Nao tem Etapa DOCUMENTOS': 0}
56d723238c36c73983000000	SEPLAG	False	{u'Nao tem Etapa TITULO': 0}	{u'Nao tem Etapa DESCRICAO': 0}	{u'Nao tem Etapa CUSTO': 0}	{u'Nao tem Etapa CANAIS': 0}	{u'Nao tem Etapa DOCUMENTOS': 0}
56d723238c36c73983000000	SEPLAG	False	{u'Nao tem Etapa TITULO': 0}	{u'Nao tem Etapa DESCRICAO': 0}	{u'Nao tem Etapa CUSTO': 0}	{u'Nao tem Etapa CANAIS': 0}	{u'Nao tem Etapa DOCUMENTOS': 0}
56d723238c36c73983000000	SEPLAG	False	{u'Nao tem Etapa TITULO': 0}	{u'Nao tem Etapa DESCRICAO': 0}	{u'Nao tem Etapa CUSTO': 0}	{u'Nao tem Etapa CANAIS': 0}	{u'Nao tem Etapa DOCUMENTOS': 0}
56d723238c36c73983000000	SEPLAG	False	{u'Nao tem Etapa TITULO': 0}	{u'Nao tem Etapa DESCRICAO': 0}	{u'Nao tem Etapa CUSTO': 0}	{u'Nao tem Etapa CANAIS': 0}	{u'Nao tem Etapa DOCUMENTOS': 0}
56d723238c36c73983000000	SEPLAG	False	{u'Nao tem Etapa TITULO': 0}	{u'Nao tem Etapa DESCRICAO': 0}	{u'Nao tem Etapa CUSTO': 0}	{u'Nao tem Etapa CANAIS': 0}	{u'Nao tem Etapa DOCUMENTOS': 0}
56d723238c36c73983000000	SEPLAG	False	{u'Nao tem Etapa TITULO': 0}	{u'Nao tem Etapa DESCRICAO': 0}	{u'Nao tem Etapa CUSTO': 0}	{u'Nao tem Etapa CANAIS': 0}	{u'Nao tem Etapa DOCUMENTOS': 0}
56d723238c36c73983000000	SEPLAG	False	{u'Nao tem Etapa TITULO': 0}	{u'Nao tem Etapa DESCRICAO': 0}	{u'Nao tem Etapa CUSTO': 0}	{u'Nao tem Etapa CANAIS': 0}	{u'Nao tem Etapa DOCUMENTOS': 0}
56d723238c36c73983000000	SEPLAG	False	{u'Nao tem Etapa TITULO': 0}	{u'Nao tem Etapa DESCRICAO': 0}	{u'Nao tem Etapa CUSTO': 0}	{u'Nao tem Etapa CANAIS': 0}	{u'Nao tem Etapa DOCUMENTOS': 0}
56d723238c36c73983000000	SEPLAG	False	{u'Nao tem Etapa TITULO': 0}	{u'Nao tem Etapa DESCRICAO': 0}	{u'Nao tem Etapa CUSTO': 0}	{u'Nao tem Etapa CANAIS': 0}	{u'Nao tem Etapa DOCUMENTOS': 0}
56d723238c36c73983000000	SEPLAG	False	{u'Nao tem Etapa TITULO': 0}	{u'Nao tem Etapa DESCRICAO': 0}	{u'Nao tem Etapa CUSTO': 0}	{u'Nao tem Etapa CANAIS': 0}	{u'Nao tem Etapa DOCUMENTOS': 0}
56d723238c36c73983000000	SEPLAG	False	{u'Nao tem Etapa TITULO': 0}	{u'Nao tem Etapa DESCRICAO': 0}	{u'Nao tem Etapa CUSTO': 0}	{u'Nao tem Etapa CANAIS': 0}	{u'Nao tem Etapa DOCUMENTOS': 0}
56d723238c36c73983000000	SEPLAG	False	{u'Nao tem Etapa TITULO': 0}	{u'Nao tem Etapa DESCRICAO': 0}	{u'Nao tem Etapa CUSTO': 0}	{u'Nao tem Etapa CANAIS': 0}	{u'Nao tem Etapa DOCUMENTOS': 0}
56d723238c36c73983000000	SEPLAG	False	{u'Nao tem Etapa TITULO': 0}	{u'Nao tem Etapa DESCRICAO': 0}	{u'Nao tem Etapa CUSTO': 0}	{u'Nao tem Etapa CANAIS': 0}	{u'Nao tem Etapa DOCUMENTOS': 0}
56d723238c36c73983000000	SEPLAG	False	{u'Nao tem Etapa TITULO': 0}	{u'Nao tem Etapa DESCRICAO': 0}	{u'Nao tem Etapa CUSTO': 0}	{u'Nao tem Etapa CANAIS': 0}	{u'Nao tem Etapa DOCUMENTOS': 0}
56d723238c36c73983000000	SEPLAG	False	{u'Nao tem Etapa TITULO': 0}	{u'Nao tem Etapa DESCRICAO': 0}	{u'Nao tem Etapa CUSTO': 0}	{u'Nao tem Etapa CANAIS': 0}	{u'Nao tem Etapa DOCUMENTOS': 0}
56d723238c36c73983000000	SEPLAG	False	{u'Nao tem Etapa TITULO': 0}	{u'Nao tem Etapa DESCRICAO': 0}	{u'Nao tem Etapa CUSTO': 0}	{u'Nao tem Etapa CANAIS': 0}	{u'Nao tem Etapa DOCUMENTOS': 0}
56d723238c36c73983000000	SEPLAG	False	{u'Nao tem Etapa TITULO': 0}	{u'Nao tem Etapa DESCRICAO': 0}	{u'Nao tem Etapa CUSTO': 0}	{u'Nao tem Etapa CANAIS': 0}	{u'Nao tem Etapa DOCUMENTOS': 0}
56d723238c36c73983000000	SEPLAG	False	{u'Nao tem Etapa TITULO': 0}	{u'Nao tem Etapa DESCRICAO': 0}	{u'Nao tem Etapa CUSTO': 0}	{u'Nao tem Etapa CANAIS': 0}	{u'Nao tem Etapa DOCUMENTOS': 0}
56d723238c36c73983000000	SEPLAG	False	{u'Nao tem Etapa TITULO': 0}	{u'Nao tem Etapa DESCRICAO': 0}	{u'Nao tem Etapa CUSTO': 0}	{u'Nao tem Etapa CANAIS': 0}	{u'Nao tem Etapa DOCUMENTOS': 0}
56d723238c36c73983000000	SEPLAG	False	{u'Nao tem Etapa TITULO': 0}	{u'Nao tem Etapa DESCRICAO': 0}	{u'Nao tem Etapa CUSTO': 0}	{u'Nao tem Etapa CANAIS': 0}	{u'Nao tem Etapa DOCUMENTOS': 0}
56d723238c36c73983000000	SEPLAG	False	{u'Nao tem Etapa TITULO': 0}	{u'Nao tem Etapa DESCRICAO': 0}	{u'Nao tem Etapa CUSTO': 0}	{u'Nao tem Etapa CANAIS': 0}	{u'Nao tem Etapa DOCUMENTOS': 0}
56d723238c36c73983000000	SEPLAG	False	{u'Nao tem Etapa TITULO': 0}	{u'Nao tem Etapa DESCRICAO': 0}	{u'Nao tem Etapa CUSTO': 0}	{u'Nao tem Etapa CANAIS': 0}	{u'Nao tem Etapa DOCUMENTOS': 0}
56d723238c36c73983000000	SEPLAG	False	{u'Nao tem Etapa TITULO': 0}	{u'Nao tem Etapa DESCRICAO': 0}	{u'Nao tem Etapa CUSTO': 0}	{u'Nao tem Etapa CANAIS': 0}	{u'Nao tem Etapa DOCUMENTOS': 0}
56d723238c36c73983000000	SEPLAG	False	{u'Nao tem Etapa TITULO': 0}	{u'Nao tem Etapa DESCRICAO': 0}	{u'Nao tem Etapa CUSTO': 0}	{u'Nao tem Etapa CANAIS': 0}	{u'Nao tem Etapa DOCUMENTOS': 0}
56df02e98c36c74559000000	SETE	False	{u'Nao tem Etapa TITULO': 0}	{u'Nao tem Etapa DESCRICAO': 0}	{u'Nao tem Etapa CUSTO': 0}	{u'Nao tem Etapa CANAIS': 0}	{u'Nao tem Etapa DOCUMENTOS': 0}
56df02e98c36c74559000000	SETE	False	{u'Nao tem Etapa TITULO': 0}	{u'Nao tem Etapa DESCRICAO': 0}	{u'Nao tem Etapa CUSTO': 0}	{u'Nao tem Etapa CANAIS': 0}	{u'Nao tem Etapa DOCUMENTOS': 0}
56df02e98c36c74559000000	SETE	False	{u'Nao tem Etapa TITULO': 0}	{u'Nao tem Etapa DESCRICAO': 0}	{u'Nao tem Etapa CUSTO': 0}	{u'Nao tem Etapa CANAIS': 0}	{u'Nao tem Etapa DOCUMENTOS': 0}
56df02e98c36c74559000000	SETE	False	{u'Nao tem Etapa TITULO': 0}	{u'Nao tem Etapa DESCRICAO': 0}	{u'Nao tem Etapa CUSTO': 0}	{u'Nao tem Etapa CANAIS': 0}	{u'Nao tem Etapa DOCUMENTOS': 0}
56df02e98c36c74559000000	SETE	False	{u'Nao tem Etapa TITULO': 0}	{u'Nao tem Etapa DESCRICAO': 0}	{u'Nao tem Etapa CUSTO': 0}	{u'Nao tem Etapa CANAIS': 0}	{u'Nao tem Etapa DOCUMENTOS': 0}
56df02e98c36c74559000000	SETE	False	{u'Nao tem Etapa TITULO': 0}	{u'Nao tem Etapa DESCRICAO': 0}	{u'Nao tem Etapa CUSTO': 0}	{u'Nao tem Etapa CANAIS': 0}	{u'Nao tem Etapa DOCUMENTOS': 0}
56df02e98c36c74559000000	SETE	False	{u'Nao tem Etapa TITULO': 0}	{u'Nao tem Etapa DESCRICAO': 0}	{u'Nao tem Etapa CUSTO': 0}	{u'Nao tem Etapa CANAIS': 0}	{u'Nao tem Etapa DOCUMENTOS': 0}
56df02e98c36c74559000000	SETE	False	{u'Nao tem Etapa TITULO': 0}	{u'Nao tem Etapa DESCRICAO': 0}	{u'Nao tem Etapa CUSTO': 0}	{u'Nao tem Etapa CANAIS': 0}	{u'Nao tem Etapa DOCUMENTOS': 0}
56df02e98c36c74559000000	SETE	False	{u'Nao tem Etapa TITULO': 0}	{u'Nao tem Etapa DESCRICAO': 0}	{u'Nao tem Etapa CUSTO': 0}	{u'Nao tem Etapa CANAIS': 0}	{u'Nao tem Etapa DOCUMENTOS': 0}
56df02e98c36c74559000000	SETE	False	{u'Nao tem Etapa TITULO': 0}	{u'Nao tem Etapa DESCRICAO': 0}	{u'Nao tem Etapa CUSTO': 0}	{u'Nao tem Etapa CANAIS': 0}	{u'Nao tem Etapa DOCUMENTOS': 0}
590a3bcd8c36c731c7c20e8c	SEADES	False	{u'Nao tem Etapa TITULO': 0}	{u'Nao tem Etapa DESCRICAO': 0}	{u'Nao tem Etapa CUSTO': 0}	{u'Nao tem Etapa CANAIS': 0}	{u'Nao tem Etapa DOCUMENTOS': 0}
590a3bcd8c36c731c7c20e8c	SEADES	False	{u'Nao tem Etapa TITULO': 0}	{u'Nao tem Etapa DESCRICAO': 0}	{u'Nao tem Etapa CUSTO': 0}	{u'Nao tem Etapa CANAIS': 0}	{u'Nao tem Etapa DOCUMENTOS': 0}
590a3bcd8c36c731c7c20e8c	SEADES	False	{u'Nao tem Etapa TITULO': 0}	{u'Nao tem Etapa DESCRICAO': 0}	{u'Nao tem Etapa CUSTO': 0}	{u'Nao tem Etapa CANAIS': 0}	{u'Nao tem Etapa DOCUMENTOS': 0}
590a3bcd8c36c731c7c20e8c	SEADES	False	{u'Nao tem Etapa TITULO': 0}	{u'Nao tem Etapa DESCRICAO': 0}	{u'Nao tem Etapa CUSTO': 0}	{u'Nao tem Etapa CANAIS': 0}	{u'Nao tem Etapa DOCUMENTOS': 0}
590a3bcd8c36c731c7c20e8c	SEADES	False	{u'Nao tem Etapa TITULO': 0}	{u'Nao tem Etapa DESCRICAO': 0}	{u'Nao tem Etapa CUSTO': 0}	{u'Nao tem Etapa CANAIS': 0}	{u'Nao tem Etapa DOCUMENTOS': 0}
590a3bcd8c36c731c7c20e8c	SEADES	False	{u'Nao tem Etapa TITULO': 0}	{u'Nao tem Etapa DESCRICAO': 0}	{u'Nao tem Etapa CUSTO': 0}	{u'Nao tem Etapa CANAIS': 0}	{u'Nao tem Etapa DOCUMENTOS': 0}
590a3bcd8c36c731c7c20e8c	SEADES	True	{u'Nao tem Etapa TITULO': 0}	{u'Nao tem Etapa DESCRICAO': 0}	{u'Nao tem Etapa CUSTO': 0}	{u'Nao tem Etapa CANAIS': 0}	{u'Nao tem Etapa DOCUMENTOS': 0}
57754bce8c36c702ca000003	SEBRAE	False	{u'Nao tem Etapa TITULO': 0}	{u'Nao tem Etapa DESCRICAO': 0}	{u'Nao tem Etapa CUSTO': 0}	{u'Nao tem Etapa CANAIS': 0}	{u'Nao tem Etapa DOCUMENTOS': 0}
57754bce8c36c702ca000003	SEBRAE	False	{u'Nao tem Etapa TITULO': 0}	{u'Nao tem Etapa DESCRICAO': 0}	{u'Nao tem Etapa CUSTO': 0}	{u'Nao tem Etapa CANAIS': 0}	{u'Nao tem Etapa DOCUMENTOS': 0}
57754bce8c36c702ca000003	SEBRAE	False	{u'Nao tem Etapa TITULO': 0}	{u'Nao tem Etapa DESCRICAO': 0}	{u'Nao tem Etapa CUSTO': 0}	{u'Nao tem Etapa CANAIS': 0}	{u'Nao tem Etapa DOCUMENTOS': 0}
57754bce8c36c702ca000003	SEBRAE	False	{u'Nao tem Etapa TITULO': 0}	{u'Nao tem Etapa DESCRICAO': 0}	{u'Nao tem Etapa CUSTO': 0}	{u'Nao tem Etapa CANAIS': 0}	{u'Nao tem Etapa DOCUMENTOS': 0}
57754bce8c36c702ca000003	SEBRAE	False	{u'Nao tem Etapa TITULO': 0}	{u'Nao tem Etapa DESCRICAO': 0}	{u'Nao tem Etapa CUSTO': 0}	{u'Nao tem Etapa CANAIS': 0}	{u'Nao tem Etapa DOCUMENTOS': 0}
57754bce8c36c702ca000003	SEBRAE	False	{u'Nao tem Etapa TITULO': 0}	{u'Nao tem Etapa DESCRICAO': 0}	{u'Nao tem Etapa CUSTO': 0}	{u'Nao tem Etapa CANAIS': 0}	{u'Nao tem Etapa DOCUMENTOS': 0}
57754bce8c36c702ca000003	SEBRAE	False	{u'Nao tem Etapa TITULO': 0}	{u'Nao tem Etapa DESCRICAO': 0}	{u'Nao tem Etapa CUSTO': 0}	{u'Nao tem Etapa CANAIS': 0}	{u'Nao tem Etapa DOCUMENTOS': 0}
57754bce8c36c702ca000003	SEBRAE	False	{u'Nao tem Etapa TITULO': 0}	{u'Nao tem Etapa DESCRICAO': 0}	{u'Nao tem Etapa CUSTO': 0}	{u'Nao tem Etapa CANAIS': 0}	{u'Nao tem Etapa DOCUMENTOS': 0}
577e999e8c36c72d65000000	SMTT	False	{u'Nao tem Etapa TITULO': 0}	{u'Nao tem Etapa DESCRICAO': 0}	{u'Nao tem Etapa CUSTO': 0}	{u'Nao tem Etapa CANAIS': 0}	{u'Nao tem Etapa DOCUMENTOS': 0}
577e999e8c36c72d65000000	SMTT	False	{u'Nao tem Etapa TITULO': 0}	{u'Nao tem Etapa DESCRICAO': 0}	{u'Nao tem Etapa CUSTO': 0}	{u'Nao tem Etapa CANAIS': 0}	{u'Nao tem Etapa DOCUMENTOS': 0}
577e999e8c36c72d65000000	SMTT	False	{u'Nao tem Etapa TITULO': 0}	{u'Nao tem Etapa DESCRICAO': 0}	{u'Nao tem Etapa CUSTO': 0}	{u'Nao tem Etapa CANAIS': 0}	{u'Nao tem Etapa DOCUMENTOS': 0}
58e233698c36c738a1844d9a	None	False	{u'Nao tem Etapa TITULO': 0}	{u'Nao tem Etapa DESCRICAO': 0}	{u'Nao tem Etapa CUSTO': 0}	{u'Nao tem Etapa CANAIS': 0}	{u'Nao tem Etapa DOCUMENTOS': 0}
